solid naca0012
  facet normal 9.990230e-01 -4.419261e-02 0.000000e+00
    outer loop
      vertex 0.000000e+00 0.000000e+00 -5.000000e-02
      vertex 6.168376e-05 1.394430e-03 -5.000000e-02
      vertex 6.168376e-05 1.394430e-03 5.000000e-02
    endloop
  endfacet
  facet normal 9.990230e-01 -4.419261e-02 0.000000e+00
    outer loop
      vertex 0.000000e+00 0.000000e+00 -5.000000e-02
      vertex 6.168376e-05 1.394430e-03 5.000000e-02
      vertex 0.000000e+00 0.000000e+00 5.000000e-02
    endloop
  endfacet
  facet normal 9.911933e-01 -1.324228e-01 0.000000e+00
    outer loop
      vertex 6.168376e-05 1.394430e-03 -5.000000e-02
      vertex 2.467198e-04 2.779437e-03 -5.000000e-02
      vertex 2.467198e-04 2.779437e-03 5.000000e-02
    endloop
  endfacet
  facet normal 9.911933e-01 -1.324228e-01 0.000000e+00
    outer loop
      vertex 6.168376e-05 1.394430e-03 -5.000000e-02
      vertex 2.467198e-04 2.779437e-03 5.000000e-02
      vertex 6.168376e-05 1.394430e-03 5.000000e-02
    endloop
  endfacet
  facet normal 9.757824e-01 -2.187434e-01 0.000000e+00
    outer loop
      vertex 2.467198e-04 2.779437e-03 -5.000000e-02
      vertex 5.550625e-04 4.154909e-03 -5.000000e-02
      vertex 5.550625e-04 4.154909e-03 5.000000e-02
    endloop
  endfacet
  facet normal 9.757824e-01 -2.187434e-01 0.000000e+00
    outer loop
      vertex 2.467198e-04 2.779437e-03 -5.000000e-02
      vertex 5.550625e-04 4.154909e-03 5.000000e-02
      vertex 2.467198e-04 2.779437e-03 5.000000e-02
    endloop
  endfacet
  facet normal 9.535295e-01 -3.012997e-01 0.000000e+00
    outer loop
      vertex 5.550625e-04 4.154909e-03 -5.000000e-02
      vertex 9.866358e-04 5.520718e-03 -5.000000e-02
      vertex 9.866358e-04 5.520718e-03 5.000000e-02
    endloop
  endfacet
  facet normal 9.535295e-01 -3.012997e-01 0.000000e+00
    outer loop
      vertex 5.550625e-04 4.154909e-03 -5.000000e-02
      vertex 9.866358e-04 5.520718e-03 5.000000e-02
      vertex 5.550625e-04 4.154909e-03 5.000000e-02
    endloop
  endfacet
  facet normal 9.255542e-01 -3.786152e-01 0.000000e+00
    outer loop
      vertex 9.866358e-04 5.520718e-03 -5.000000e-02
      vertex 1.541333e-03 6.876718e-03 -5.000000e-02
      vertex 1.541333e-03 6.876718e-03 5.000000e-02
    endloop
  endfacet
  facet normal 9.255542e-01 -3.786152e-01 0.000000e+00
    outer loop
      vertex 9.866358e-04 5.520718e-03 -5.000000e-02
      vertex 1.541333e-03 6.876718e-03 5.000000e-02
      vertex 9.866358e-04 5.520718e-03 5.000000e-02
    endloop
  endfacet
  facet normal 8.931844e-01 -4.496907e-01 0.000000e+00
    outer loop
      vertex 1.541333e-03 6.876718e-03 -5.000000e-02
      vertex 2.219018e-03 8.222748e-03 -5.000000e-02
      vertex 2.219018e-03 8.222748e-03 5.000000e-02
    endloop
  endfacet
  facet normal 8.931844e-01 -4.496907e-01 0.000000e+00
    outer loop
      vertex 1.541333e-03 6.876718e-03 -5.000000e-02
      vertex 2.219018e-03 8.222748e-03 5.000000e-02
      vertex 1.541333e-03 6.876718e-03 5.000000e-02
    endloop
  endfacet
  facet normal 8.577830e-01 -5.140119e-01 0.000000e+00
    outer loop
      vertex 2.219018e-03 8.222748e-03 -5.000000e-02
      vertex 3.019522e-03 9.558630e-03 -5.000000e-02
      vertex 3.019522e-03 9.558630e-03 5.000000e-02
    endloop
  endfacet
  facet normal 8.577830e-01 -5.140119e-01 0.000000e+00
    outer loop
      vertex 2.219018e-03 8.222748e-03 -5.000000e-02
      vertex 3.019522e-03 9.558630e-03 5.000000e-02
      vertex 2.219018e-03 8.222748e-03 5.000000e-02
    endloop
  endfacet
  facet normal 8.206112e-01 -5.714868e-01 0.000000e+00
    outer loop
      vertex 3.019522e-03 9.558630e-03 -5.000000e-02
      vertex 3.942649e-03 1.088417e-02 -5.000000e-02
      vertex 3.942649e-03 1.088417e-02 5.000000e-02
    endloop
  endfacet
  facet normal 8.206112e-01 -5.714868e-01 0.000000e+00
    outer loop
      vertex 3.019522e-03 9.558630e-03 -5.000000e-02
      vertex 3.942649e-03 1.088417e-02 5.000000e-02
      vertex 3.019522e-03 9.558630e-03 5.000000e-02
    endloop
  endfacet
  facet normal 7.827434e-01 -6.223445e-01 0.000000e+00
    outer loop
      vertex 3.942649e-03 1.088417e-02 -5.000000e-02
      vertex 4.988171e-03 1.219916e-02 -5.000000e-02
      vertex 4.988171e-03 1.219916e-02 5.000000e-02
    endloop
  endfacet
  facet normal 7.827434e-01 -6.223445e-01 0.000000e+00
    outer loop
      vertex 3.942649e-03 1.088417e-02 -5.000000e-02
      vertex 4.988171e-03 1.219916e-02 5.000000e-02
      vertex 3.942649e-03 1.088417e-02 5.000000e-02
    endloop
  endfacet
  facet normal 7.450331e-01 -6.670275e-01 0.000000e+00
    outer loop
      vertex 4.988171e-03 1.219916e-02 -5.000000e-02
      vertex 6.155830e-03 1.350337e-02 -5.000000e-02
      vertex 6.155830e-03 1.350337e-02 5.000000e-02
    endloop
  endfacet
  facet normal 7.450331e-01 -6.670275e-01 0.000000e+00
    outer loop
      vertex 4.988171e-03 1.219916e-02 -5.000000e-02
      vertex 6.155830e-03 1.350337e-02 5.000000e-02
      vertex 4.988171e-03 1.219916e-02 5.000000e-02
    endloop
  endfacet
  facet normal 7.081154e-01 -7.060968e-01 0.000000e+00
    outer loop
      vertex 6.155830e-03 1.350337e-02 -5.000000e-02
      vertex 7.445337e-03 1.479656e-02 -5.000000e-02
      vertex 7.445337e-03 1.479656e-02 5.000000e-02
    endloop
  endfacet
  facet normal 7.081154e-01 -7.060968e-01 0.000000e+00
    outer loop
      vertex 6.155830e-03 1.350337e-02 -5.000000e-02
      vertex 7.445337e-03 1.479656e-02 5.000000e-02
      vertex 6.155830e-03 1.350337e-02 5.000000e-02
    endloop
  endfacet
  facet normal 6.724318e-01 -7.401591e-01 0.000000e+00
    outer loop
      vertex 7.445337e-03 1.479656e-02 -5.000000e-02
      vertex 8.856375e-03 1.607848e-02 -5.000000e-02
      vertex 8.856375e-03 1.607848e-02 5.000000e-02
    endloop
  endfacet
  facet normal 6.724318e-01 -7.401591e-01 0.000000e+00
    outer loop
      vertex 7.445337e-03 1.479656e-02 -5.000000e-02
      vertex 8.856375e-03 1.607848e-02 5.000000e-02
      vertex 7.445337e-03 1.479656e-02 5.000000e-02
    endloop
  endfacet
  facet normal 6.382650e-01 -7.698167e-01 0.000000e+00
    outer loop
      vertex 8.856375e-03 1.607848e-02 -5.000000e-02
      vertex 1.038859e-02 1.734887e-02 -5.000000e-02
      vertex 1.038859e-02 1.734887e-02 5.000000e-02
    endloop
  endfacet
  facet normal 6.382650e-01 -7.698167e-01 0.000000e+00
    outer loop
      vertex 8.856375e-03 1.607848e-02 -5.000000e-02
      vertex 1.038859e-02 1.734887e-02 5.000000e-02
      vertex 8.856375e-03 1.607848e-02 5.000000e-02
    endloop
  endfacet
  facet normal 6.057740e-01 -7.956368e-01 0.000000e+00
    outer loop
      vertex 1.038859e-02 1.734887e-02 -5.000000e-02
      vertex 1.204162e-02 1.860743e-02 -5.000000e-02
      vertex 1.204162e-02 1.860743e-02 5.000000e-02
    endloop
  endfacet
  facet normal 6.057740e-01 -7.956368e-01 0.000000e+00
    outer loop
      vertex 1.038859e-02 1.734887e-02 -5.000000e-02
      vertex 1.204162e-02 1.860743e-02 5.000000e-02
      vertex 1.038859e-02 1.734887e-02 5.000000e-02
    endloop
  endfacet
  facet normal 5.750261e-01 -8.181350e-01 0.000000e+00
    outer loop
      vertex 1.204162e-02 1.860743e-02 -5.000000e-02
      vertex 1.381504e-02 1.985388e-02 -5.000000e-02
      vertex 1.381504e-02 1.985388e-02 5.000000e-02
    endloop
  endfacet
  facet normal 5.750261e-01 -8.181350e-01 0.000000e+00
    outer loop
      vertex 1.204162e-02 1.860743e-02 -5.000000e-02
      vertex 1.381504e-02 1.985388e-02 5.000000e-02
      vertex 1.204162e-02 1.860743e-02 5.000000e-02
    endloop
  endfacet
  facet normal 5.460242e-01 -8.377694e-01 0.000000e+00
    outer loop
      vertex 1.381504e-02 1.985388e-02 -5.000000e-02
      vertex 1.570842e-02 2.108791e-02 -5.000000e-02
      vertex 1.570842e-02 2.108791e-02 5.000000e-02
    endloop
  endfacet
  facet normal 5.460242e-01 -8.377694e-01 0.000000e+00
    outer loop
      vertex 1.381504e-02 1.985388e-02 -5.000000e-02
      vertex 1.570842e-02 2.108791e-02 5.000000e-02
      vertex 1.381504e-02 1.985388e-02 5.000000e-02
    endloop
  endfacet
  facet normal 5.187267e-01 -8.549401e-01 0.000000e+00
    outer loop
      vertex 1.570842e-02 2.108791e-02 -5.000000e-02
      vertex 1.772129e-02 2.230920e-02 -5.000000e-02
      vertex 1.772129e-02 2.230920e-02 5.000000e-02
    endloop
  endfacet
  facet normal 5.187267e-01 -8.549401e-01 0.000000e+00
    outer loop
      vertex 1.570842e-02 2.108791e-02 -5.000000e-02
      vertex 1.772129e-02 2.230920e-02 5.000000e-02
      vertex 1.570842e-02 2.108791e-02 5.000000e-02
    endloop
  endfacet
  facet normal 4.930641e-01 -8.699930e-01 0.000000e+00
    outer loop
      vertex 1.772129e-02 2.230920e-02 -5.000000e-02
      vertex 1.985316e-02 2.351742e-02 -5.000000e-02
      vertex 1.985316e-02 2.351742e-02 5.000000e-02
    endloop
  endfacet
  facet normal 4.930641e-01 -8.699930e-01 0.000000e+00
    outer loop
      vertex 1.772129e-02 2.230920e-02 -5.000000e-02
      vertex 1.985316e-02 2.351742e-02 5.000000e-02
      vertex 1.772129e-02 2.230920e-02 5.000000e-02
    endloop
  endfacet
  facet normal 4.689501e-01 -8.832247e-01 0.000000e+00
    outer loop
      vertex 1.985316e-02 2.351742e-02 -5.000000e-02
      vertex 2.210349e-02 2.471224e-02 -5.000000e-02
      vertex 2.210349e-02 2.471224e-02 5.000000e-02
    endloop
  endfacet
  facet normal 4.689501e-01 -8.832247e-01 0.000000e+00
    outer loop
      vertex 1.985316e-02 2.351742e-02 -5.000000e-02
      vertex 2.210349e-02 2.471224e-02 5.000000e-02
      vertex 1.985316e-02 2.351742e-02 5.000000e-02
    endloop
  endfacet
  facet normal 4.462899e-01 -8.948884e-01 0.000000e+00
    outer loop
      vertex 2.210349e-02 2.471224e-02 -5.000000e-02
      vertex 2.447174e-02 2.589331e-02 -5.000000e-02
      vertex 2.447174e-02 2.589331e-02 5.000000e-02
    endloop
  endfacet
  facet normal 4.462899e-01 -8.948884e-01 0.000000e+00
    outer loop
      vertex 2.210349e-02 2.471224e-02 -5.000000e-02
      vertex 2.447174e-02 2.589331e-02 5.000000e-02
      vertex 2.210349e-02 2.471224e-02 5.000000e-02
    endloop
  endfacet
  facet normal 4.249858e-01 -9.052000e-01 0.000000e+00
    outer loop
      vertex 2.447174e-02 2.589331e-02 -5.000000e-02
      vertex 2.695732e-02 2.706028e-02 -5.000000e-02
      vertex 2.695732e-02 2.706028e-02 5.000000e-02
    endloop
  endfacet
  facet normal 4.249858e-01 -9.052000e-01 0.000000e+00
    outer loop
      vertex 2.447174e-02 2.589331e-02 -5.000000e-02
      vertex 2.695732e-02 2.706028e-02 5.000000e-02
      vertex 2.447174e-02 2.589331e-02 5.000000e-02
    endloop
  endfacet
  facet normal 4.049408e-01 -9.143429e-01 0.000000e+00
    outer loop
      vertex 2.695732e-02 2.706028e-02 -5.000000e-02
      vertex 2.955962e-02 2.821277e-02 -5.000000e-02
      vertex 2.955962e-02 2.821277e-02 5.000000e-02
    endloop
  endfacet
  facet normal 4.049408e-01 -9.143429e-01 0.000000e+00
    outer loop
      vertex 2.695732e-02 2.706028e-02 -5.000000e-02
      vertex 2.955962e-02 2.821277e-02 5.000000e-02
      vertex 2.695732e-02 2.706028e-02 5.000000e-02
    endloop
  endfacet
  facet normal 3.860614e-01 -9.224731e-01 0.000000e+00
    outer loop
      vertex 2.955962e-02 2.821277e-02 -5.000000e-02
      vertex 3.227798e-02 2.935043e-02 -5.000000e-02
      vertex 3.227798e-02 2.935043e-02 5.000000e-02
    endloop
  endfacet
  facet normal 3.860614e-01 -9.224731e-01 0.000000e+00
    outer loop
      vertex 2.955962e-02 2.821277e-02 -5.000000e-02
      vertex 3.227798e-02 2.935043e-02 5.000000e-02
      vertex 2.955962e-02 2.821277e-02 5.000000e-02
    endloop
  endfacet
  facet normal 3.682587e-01 -9.297234e-01 0.000000e+00
    outer loop
      vertex 3.227798e-02 2.935043e-02 -5.000000e-02
      vertex 3.511176e-02 3.047287e-02 -5.000000e-02
      vertex 3.511176e-02 3.047287e-02 5.000000e-02
    endloop
  endfacet
  facet normal 3.682587e-01 -9.297234e-01 0.000000e+00
    outer loop
      vertex 3.227798e-02 2.935043e-02 -5.000000e-02
      vertex 3.511176e-02 3.047287e-02 5.000000e-02
      vertex 3.227798e-02 2.935043e-02 5.000000e-02
    endloop
  endfacet
  facet normal 3.514493e-01 -9.362069e-01 0.000000e+00
    outer loop
      vertex 3.511176e-02 3.047287e-02 -5.000000e-02
      vertex 3.806023e-02 3.157972e-02 -5.000000e-02
      vertex 3.806023e-02 3.157972e-02 5.000000e-02
    endloop
  endfacet
  facet normal 3.514493e-01 -9.362069e-01 0.000000e+00
    outer loop
      vertex 3.511176e-02 3.047287e-02 -5.000000e-02
      vertex 3.806023e-02 3.157972e-02 5.000000e-02
      vertex 3.511176e-02 3.047287e-02 5.000000e-02
    endloop
  endfacet
  facet normal 3.355557e-01 -9.420204e-01 0.000000e+00
    outer loop
      vertex 3.806023e-02 3.157972e-02 -5.000000e-02
      vertex 4.112269e-02 3.267059e-02 -5.000000e-02
      vertex 4.112269e-02 3.267059e-02 5.000000e-02
    endloop
  endfacet
  facet normal 3.355557e-01 -9.420204e-01 0.000000e+00
    outer loop
      vertex 3.806023e-02 3.157972e-02 -5.000000e-02
      vertex 4.112269e-02 3.267059e-02 5.000000e-02
      vertex 3.806023e-02 3.157972e-02 5.000000e-02
    endloop
  endfacet
  facet normal 3.205063e-01 -9.472464e-01 0.000000e+00
    outer loop
      vertex 4.112269e-02 3.267059e-02 -5.000000e-02
      vertex 4.429836e-02 3.374510e-02 -5.000000e-02
      vertex 4.429836e-02 3.374510e-02 5.000000e-02
    endloop
  endfacet
  facet normal 3.205063e-01 -9.472464e-01 0.000000e+00
    outer loop
      vertex 4.112269e-02 3.267059e-02 -5.000000e-02
      vertex 4.429836e-02 3.374510e-02 5.000000e-02
      vertex 4.112269e-02 3.267059e-02 5.000000e-02
    endloop
  endfacet
  facet normal 3.062353e-01 -9.519558e-01 0.000000e+00
    outer loop
      vertex 4.429836e-02 3.374510e-02 -5.000000e-02
      vertex 4.758647e-02 3.480286e-02 -5.000000e-02
      vertex 4.758647e-02 3.480286e-02 5.000000e-02
    endloop
  endfacet
  facet normal 3.062353e-01 -9.519558e-01 0.000000e+00
    outer loop
      vertex 4.429836e-02 3.374510e-02 -5.000000e-02
      vertex 4.758647e-02 3.480286e-02 5.000000e-02
      vertex 4.429836e-02 3.374510e-02 5.000000e-02
    endloop
  endfacet
  facet normal 2.926823e-01 -9.562097e-01 0.000000e+00
    outer loop
      vertex 4.758647e-02 3.480286e-02 -5.000000e-02
      vertex 5.098621e-02 3.584347e-02 -5.000000e-02
      vertex 5.098621e-02 3.584347e-02 5.000000e-02
    endloop
  endfacet
  facet normal 2.926823e-01 -9.562097e-01 0.000000e+00
    outer loop
      vertex 4.758647e-02 3.480286e-02 -5.000000e-02
      vertex 5.098621e-02 3.584347e-02 5.000000e-02
      vertex 4.758647e-02 3.480286e-02 5.000000e-02
    endloop
  endfacet
  facet normal 2.797921e-01 -9.600606e-01 0.000000e+00
    outer loop
      vertex 5.098621e-02 3.584347e-02 -5.000000e-02
      vertex 5.449674e-02 3.686655e-02 -5.000000e-02
      vertex 5.449674e-02 3.686655e-02 5.000000e-02
    endloop
  endfacet
  facet normal 2.797921e-01 -9.600606e-01 0.000000e+00
    outer loop
      vertex 5.098621e-02 3.584347e-02 -5.000000e-02
      vertex 5.449674e-02 3.686655e-02 5.000000e-02
      vertex 5.098621e-02 3.584347e-02 5.000000e-02
    endloop
  endfacet
  facet normal 2.675144e-01 -9.635539e-01 0.000000e+00
    outer loop
      vertex 5.449674e-02 3.686655e-02 -5.000000e-02
      vertex 5.811718e-02 3.787170e-02 -5.000000e-02
      vertex 5.811718e-02 3.787170e-02 5.000000e-02
    endloop
  endfacet
  facet normal 2.675144e-01 -9.635539e-01 0.000000e+00
    outer loop
      vertex 5.449674e-02 3.686655e-02 -5.000000e-02
      vertex 5.811718e-02 3.787170e-02 5.000000e-02
      vertex 5.449674e-02 3.686655e-02 5.000000e-02
    endloop
  endfacet
  facet normal 2.558033e-01 -9.667289e-01 0.000000e+00
    outer loop
      vertex 5.811718e-02 3.787170e-02 -5.000000e-02
      vertex 6.184666e-02 3.885855e-02 -5.000000e-02
      vertex 6.184666e-02 3.885855e-02 5.000000e-02
    endloop
  endfacet
  facet normal 2.558033e-01 -9.667289e-01 0.000000e+00
    outer loop
      vertex 5.811718e-02 3.787170e-02 -5.000000e-02
      vertex 6.184666e-02 3.885855e-02 5.000000e-02
      vertex 5.811718e-02 3.787170e-02 5.000000e-02
    endloop
  endfacet
  facet normal 2.446169e-01 -9.696198e-01 0.000000e+00
    outer loop
      vertex 6.184666e-02 3.885855e-02 -5.000000e-02
      vertex 6.568424e-02 3.982670e-02 -5.000000e-02
      vertex 6.568424e-02 3.982670e-02 5.000000e-02
    endloop
  endfacet
  facet normal 2.446169e-01 -9.696198e-01 0.000000e+00
    outer loop
      vertex 6.184666e-02 3.885855e-02 -5.000000e-02
      vertex 6.568424e-02 3.982670e-02 5.000000e-02
      vertex 6.184666e-02 3.885855e-02 5.000000e-02
    endloop
  endfacet
  facet normal 2.339170e-01 -9.722566e-01 0.000000e+00
    outer loop
      vertex 6.568424e-02 3.982670e-02 -5.000000e-02
      vertex 6.962899e-02 4.077577e-02 -5.000000e-02
      vertex 6.962899e-02 4.077577e-02 5.000000e-02
    endloop
  endfacet
  facet normal 2.339170e-01 -9.722566e-01 0.000000e+00
    outer loop
      vertex 6.568424e-02 3.982670e-02 -5.000000e-02
      vertex 6.962899e-02 4.077577e-02 5.000000e-02
      vertex 6.568424e-02 3.982670e-02 5.000000e-02
    endloop
  endfacet
  facet normal 2.236691e-01 -9.746651e-01 0.000000e+00
    outer loop
      vertex 6.962899e-02 4.077577e-02 -5.000000e-02
      vertex 7.367992e-02 4.170539e-02 -5.000000e-02
      vertex 7.367992e-02 4.170539e-02 5.000000e-02
    endloop
  endfacet
  facet normal 2.236691e-01 -9.746651e-01 0.000000e+00
    outer loop
      vertex 6.962899e-02 4.077577e-02 -5.000000e-02
      vertex 7.367992e-02 4.170539e-02 5.000000e-02
      vertex 6.962899e-02 4.077577e-02 5.000000e-02
    endloop
  endfacet
  facet normal 2.138413e-01 -9.768684e-01 0.000000e+00
    outer loop
      vertex 7.367992e-02 4.170539e-02 -5.000000e-02
      vertex 7.783604e-02 4.261519e-02 -5.000000e-02
      vertex 7.783604e-02 4.261519e-02 5.000000e-02
    endloop
  endfacet
  facet normal 2.138413e-01 -9.768684e-01 0.000000e+00
    outer loop
      vertex 7.367992e-02 4.170539e-02 -5.000000e-02
      vertex 7.783604e-02 4.261519e-02 5.000000e-02
      vertex 7.367992e-02 4.170539e-02 5.000000e-02
    endloop
  endfacet
  facet normal 2.044049e-01 -9.788864e-01 0.000000e+00
    outer loop
      vertex 7.783604e-02 4.261519e-02 -5.000000e-02
      vertex 8.209632e-02 4.350479e-02 -5.000000e-02
      vertex 8.209632e-02 4.350479e-02 5.000000e-02
    endloop
  endfacet
  facet normal 2.044049e-01 -9.788864e-01 0.000000e+00
    outer loop
      vertex 7.783604e-02 4.261519e-02 -5.000000e-02
      vertex 8.209632e-02 4.350479e-02 5.000000e-02
      vertex 7.783604e-02 4.261519e-02 5.000000e-02
    endloop
  endfacet
  facet normal 1.953335e-01 -9.807369e-01 0.000000e+00
    outer loop
      vertex 8.209632e-02 4.350479e-02 -5.000000e-02
      vertex 8.645971e-02 4.437385e-02 -5.000000e-02
      vertex 8.645971e-02 4.437385e-02 5.000000e-02
    endloop
  endfacet
  facet normal 1.953335e-01 -9.807369e-01 0.000000e+00
    outer loop
      vertex 8.209632e-02 4.350479e-02 -5.000000e-02
      vertex 8.645971e-02 4.437385e-02 5.000000e-02
      vertex 8.209632e-02 4.350479e-02 5.000000e-02
    endloop
  endfacet
  facet normal 1.866032e-01 -9.824354e-01 0.000000e+00
    outer loop
      vertex 8.645971e-02 4.437385e-02 -5.000000e-02
      vertex 9.092514e-02 4.522201e-02 -5.000000e-02
      vertex 9.092514e-02 4.522201e-02 5.000000e-02
    endloop
  endfacet
  facet normal 1.866032e-01 -9.824354e-01 0.000000e+00
    outer loop
      vertex 8.645971e-02 4.437385e-02 -5.000000e-02
      vertex 9.092514e-02 4.522201e-02 5.000000e-02
      vertex 8.645971e-02 4.437385e-02 5.000000e-02
    endloop
  endfacet
  facet normal 1.781921e-01 -9.839957e-01 0.000000e+00
    outer loop
      vertex 9.092514e-02 4.522201e-02 -5.000000e-02
      vertex 9.549150e-02 4.604893e-02 -5.000000e-02
      vertex 9.549150e-02 4.604893e-02 5.000000e-02
    endloop
  endfacet
  facet normal 1.781921e-01 -9.839957e-01 0.000000e+00
    outer loop
      vertex 9.092514e-02 4.522201e-02 -5.000000e-02
      vertex 9.549150e-02 4.604893e-02 5.000000e-02
      vertex 9.092514e-02 4.522201e-02 5.000000e-02
    endloop
  endfacet
  facet normal 1.700800e-01 -9.854303e-01 0.000000e+00
    outer loop
      vertex 9.549150e-02 4.604893e-02 -5.000000e-02
      vertex 1.001577e-01 4.685429e-02 -5.000000e-02
      vertex 1.001577e-01 4.685429e-02 5.000000e-02
    endloop
  endfacet
  facet normal 1.700800e-01 -9.854303e-01 0.000000e+00
    outer loop
      vertex 9.549150e-02 4.604893e-02 -5.000000e-02
      vertex 1.001577e-01 4.685429e-02 5.000000e-02
      vertex 9.549150e-02 4.604893e-02 5.000000e-02
    endloop
  endfacet
  facet normal 1.622488e-01 -9.867499e-01 0.000000e+00
    outer loop
      vertex 1.001577e-01 4.685429e-02 -5.000000e-02
      vertex 1.049225e-01 4.763776e-02 -5.000000e-02
      vertex 1.049225e-01 4.763776e-02 5.000000e-02
    endloop
  endfacet
  facet normal 1.622488e-01 -9.867499e-01 0.000000e+00
    outer loop
      vertex 1.001577e-01 4.685429e-02 -5.000000e-02
      vertex 1.049225e-01 4.763776e-02 5.000000e-02
      vertex 1.001577e-01 4.685429e-02 5.000000e-02
    endloop
  endfacet
  facet normal 1.546816e-01 -9.879644e-01 0.000000e+00
    outer loop
      vertex 1.049225e-01 4.763776e-02 -5.000000e-02
      vertex 1.097848e-01 4.839903e-02 -5.000000e-02
      vertex 1.097848e-01 4.839903e-02 5.000000e-02
    endloop
  endfacet
  facet normal 1.546816e-01 -9.879644e-01 0.000000e+00
    outer loop
      vertex 1.049225e-01 4.763776e-02 -5.000000e-02
      vertex 1.097848e-01 4.839903e-02 5.000000e-02
      vertex 1.049225e-01 4.763776e-02 5.000000e-02
    endloop
  endfacet
  facet normal 1.473632e-01 -9.890824e-01 0.000000e+00
    outer loop
      vertex 1.097848e-01 4.839903e-02 -5.000000e-02
      vertex 1.147434e-01 4.913781e-02 -5.000000e-02
      vertex 1.147434e-01 4.913781e-02 5.000000e-02
    endloop
  endfacet
  facet normal 1.473632e-01 -9.890824e-01 0.000000e+00
    outer loop
      vertex 1.097848e-01 4.839903e-02 -5.000000e-02
      vertex 1.147434e-01 4.913781e-02 5.000000e-02
      vertex 1.097848e-01 4.839903e-02 5.000000e-02
    endloop
  endfacet
  facet normal 1.402795e-01 -9.901119e-01 0.000000e+00
    outer loop
      vertex 1.147434e-01 4.913781e-02 -5.000000e-02
      vertex 1.197970e-01 4.985381e-02 -5.000000e-02
      vertex 1.197970e-01 4.985381e-02 5.000000e-02
    endloop
  endfacet
  facet normal 1.402795e-01 -9.901119e-01 0.000000e+00
    outer loop
      vertex 1.147434e-01 4.913781e-02 -5.000000e-02
      vertex 1.197970e-01 4.985381e-02 5.000000e-02
      vertex 1.147434e-01 4.913781e-02 5.000000e-02
    endloop
  endfacet
  facet normal 1.334176e-01 -9.910599e-01 0.000000e+00
    outer loop
      vertex 1.197970e-01 4.985381e-02 -5.000000e-02
      vertex 1.249445e-01 5.054676e-02 -5.000000e-02
      vertex 1.249445e-01 5.054676e-02 5.000000e-02
    endloop
  endfacet
  facet normal 1.334176e-01 -9.910599e-01 0.000000e+00
    outer loop
      vertex 1.197970e-01 4.985381e-02 -5.000000e-02
      vertex 1.249445e-01 5.054676e-02 5.000000e-02
      vertex 1.197970e-01 4.985381e-02 5.000000e-02
    endloop
  endfacet
  facet normal 1.267657e-01 -9.919327e-01 0.000000e+00
    outer loop
      vertex 1.249445e-01 5.054676e-02 -5.000000e-02
      vertex 1.301845e-01 5.121642e-02 -5.000000e-02
      vertex 1.301845e-01 5.121642e-02 5.000000e-02
    endloop
  endfacet
  facet normal 1.267657e-01 -9.919327e-01 0.000000e+00
    outer loop
      vertex 1.249445e-01 5.054676e-02 -5.000000e-02
      vertex 1.301845e-01 5.121642e-02 5.000000e-02
      vertex 1.249445e-01 5.054676e-02 5.000000e-02
    endloop
  endfacet
  facet normal 1.203129e-01 -9.927360e-01 0.000000e+00
    outer loop
      vertex 1.301845e-01 5.121642e-02 -5.000000e-02
      vertex 1.355157e-01 5.186253e-02 -5.000000e-02
      vertex 1.355157e-01 5.186253e-02 5.000000e-02
    endloop
  endfacet
  facet normal 1.203129e-01 -9.927360e-01 0.000000e+00
    outer loop
      vertex 1.301845e-01 5.121642e-02 -5.000000e-02
      vertex 1.355157e-01 5.186253e-02 5.000000e-02
      vertex 1.301845e-01 5.121642e-02 5.000000e-02
    endloop
  endfacet
  facet normal 1.140493e-01 -9.934751e-01 0.000000e+00
    outer loop
      vertex 1.355157e-01 5.186253e-02 -5.000000e-02
      vertex 1.409369e-01 5.248487e-02 -5.000000e-02
      vertex 1.409369e-01 5.248487e-02 5.000000e-02
    endloop
  endfacet
  facet normal 1.140493e-01 -9.934751e-01 0.000000e+00
    outer loop
      vertex 1.355157e-01 5.186253e-02 -5.000000e-02
      vertex 1.409369e-01 5.248487e-02 5.000000e-02
      vertex 1.355157e-01 5.186253e-02 5.000000e-02
    endloop
  endfacet
  facet normal 1.079656e-01 -9.941546e-01 0.000000e+00
    outer loop
      vertex 1.409369e-01 5.248487e-02 -5.000000e-02
      vertex 1.464466e-01 5.308323e-02 -5.000000e-02
      vertex 1.464466e-01 5.308323e-02 5.000000e-02
    endloop
  endfacet
  facet normal 1.079656e-01 -9.941546e-01 0.000000e+00
    outer loop
      vertex 1.409369e-01 5.248487e-02 -5.000000e-02
      vertex 1.464466e-01 5.308323e-02 5.000000e-02
      vertex 1.409369e-01 5.248487e-02 5.000000e-02
    endloop
  endfacet
  facet normal 1.020535e-01 -9.947789e-01 0.000000e+00
    outer loop
      vertex 1.464466e-01 5.308323e-02 -5.000000e-02
      vertex 1.520436e-01 5.365742e-02 -5.000000e-02
      vertex 1.520436e-01 5.365742e-02 5.000000e-02
    endloop
  endfacet
  facet normal 1.020535e-01 -9.947789e-01 0.000000e+00
    outer loop
      vertex 1.464466e-01 5.308323e-02 -5.000000e-02
      vertex 1.520436e-01 5.365742e-02 5.000000e-02
      vertex 1.464466e-01 5.308323e-02 5.000000e-02
    endloop
  endfacet
  facet normal 9.630496e-02 -9.953519e-01 0.000000e+00
    outer loop
      vertex 1.520436e-01 5.365742e-02 -5.000000e-02
      vertex 1.577264e-01 5.420726e-02 -5.000000e-02
      vertex 1.577264e-01 5.420726e-02 5.000000e-02
    endloop
  endfacet
  facet normal 9.630496e-02 -9.953519e-01 0.000000e+00
    outer loop
      vertex 1.520436e-01 5.365742e-02 -5.000000e-02
      vertex 1.577264e-01 5.420726e-02 5.000000e-02
      vertex 1.520436e-01 5.365742e-02 5.000000e-02
    endloop
  endfacet
  facet normal 9.071296e-02 -9.958771e-01 0.000000e+00
    outer loop
      vertex 1.577264e-01 5.420726e-02 -5.000000e-02
      vertex 1.634937e-01 5.473260e-02 -5.000000e-02
      vertex 1.634937e-01 5.473260e-02 5.000000e-02
    endloop
  endfacet
  facet normal 9.071296e-02 -9.958771e-01 0.000000e+00
    outer loop
      vertex 1.577264e-01 5.420726e-02 -5.000000e-02
      vertex 1.634937e-01 5.473260e-02 5.000000e-02
      vertex 1.577264e-01 5.420726e-02 5.000000e-02
    endloop
  endfacet
  facet normal 8.527079e-02 -9.963578e-01 0.000000e+00
    outer loop
      vertex 1.634937e-01 5.473260e-02 -5.000000e-02
      vertex 1.693441e-01 5.523328e-02 -5.000000e-02
      vertex 1.693441e-01 5.523328e-02 5.000000e-02
    endloop
  endfacet
  facet normal 8.527079e-02 -9.963578e-01 0.000000e+00
    outer loop
      vertex 1.634937e-01 5.473260e-02 -5.000000e-02
      vertex 1.693441e-01 5.523328e-02 5.000000e-02
      vertex 1.634937e-01 5.473260e-02 5.000000e-02
    endloop
  endfacet
  facet normal 7.997230e-02 -9.967971e-01 0.000000e+00
    outer loop
      vertex 1.693441e-01 5.523328e-02 -5.000000e-02
      vertex 1.752760e-01 5.570919e-02 -5.000000e-02
      vertex 1.752760e-01 5.570919e-02 5.000000e-02
    endloop
  endfacet
  facet normal 7.997230e-02 -9.967971e-01 0.000000e+00
    outer loop
      vertex 1.693441e-01 5.523328e-02 -5.000000e-02
      vertex 1.752760e-01 5.570919e-02 5.000000e-02
      vertex 1.693441e-01 5.523328e-02 5.000000e-02
    endloop
  endfacet
  facet normal 7.481179e-02 -9.971977e-01 0.000000e+00
    outer loop
      vertex 1.752760e-01 5.570919e-02 -5.000000e-02
      vertex 1.812880e-01 5.616023e-02 -5.000000e-02
      vertex 1.812880e-01 5.616023e-02 5.000000e-02
    endloop
  endfacet
  facet normal 7.481179e-02 -9.971977e-01 0.000000e+00
    outer loop
      vertex 1.752760e-01 5.570919e-02 -5.000000e-02
      vertex 1.812880e-01 5.616023e-02 5.000000e-02
      vertex 1.752760e-01 5.570919e-02 5.000000e-02
    endloop
  endfacet
  facet normal 6.978399e-02 -9.975621e-01 0.000000e+00
    outer loop
      vertex 1.812880e-01 5.616023e-02 -5.000000e-02
      vertex 1.873787e-01 5.658630e-02 -5.000000e-02
      vertex 1.873787e-01 5.658630e-02 5.000000e-02
    endloop
  endfacet
  facet normal 6.978399e-02 -9.975621e-01 0.000000e+00
    outer loop
      vertex 1.812880e-01 5.616023e-02 -5.000000e-02
      vertex 1.873787e-01 5.658630e-02 5.000000e-02
      vertex 1.812880e-01 5.616023e-02 5.000000e-02
    endloop
  endfacet
  facet normal 6.488398e-02 -9.978928e-01 0.000000e+00
    outer loop
      vertex 1.873787e-01 5.658630e-02 -5.000000e-02
      vertex 1.935465e-01 5.698734e-02 -5.000000e-02
      vertex 1.935465e-01 5.698734e-02 5.000000e-02
    endloop
  endfacet
  facet normal 6.488398e-02 -9.978928e-01 0.000000e+00
    outer loop
      vertex 1.873787e-01 5.658630e-02 -5.000000e-02
      vertex 1.935465e-01 5.698734e-02 5.000000e-02
      vertex 1.873787e-01 5.658630e-02 5.000000e-02
    endloop
  endfacet
  facet normal 6.010722e-02 -9.981919e-01 0.000000e+00
    outer loop
      vertex 1.935465e-01 5.698734e-02 -5.000000e-02
      vertex 1.997899e-01 5.736329e-02 -5.000000e-02
      vertex 1.997899e-01 5.736329e-02 5.000000e-02
    endloop
  endfacet
  facet normal 6.010722e-02 -9.981919e-01 0.000000e+00
    outer loop
      vertex 1.935465e-01 5.698734e-02 -5.000000e-02
      vertex 1.997899e-01 5.736329e-02 5.000000e-02
      vertex 1.935465e-01 5.698734e-02 5.000000e-02
    endloop
  endfacet
  facet normal 5.544946e-02 -9.984615e-01 0.000000e+00
    outer loop
      vertex 1.997899e-01 5.736329e-02 -5.000000e-02
      vertex 2.061074e-01 5.771413e-02 -5.000000e-02
      vertex 2.061074e-01 5.771413e-02 5.000000e-02
    endloop
  endfacet
  facet normal 5.544946e-02 -9.984615e-01 0.000000e+00
    outer loop
      vertex 1.997899e-01 5.736329e-02 -5.000000e-02
      vertex 2.061074e-01 5.771413e-02 5.000000e-02
      vertex 1.997899e-01 5.736329e-02 5.000000e-02
    endloop
  endfacet
  facet normal 5.090674e-02 -9.987034e-01 0.000000e+00
    outer loop
      vertex 2.061074e-01 5.771413e-02 -5.000000e-02
      vertex 2.124974e-01 5.803985e-02 -5.000000e-02
      vertex 2.124974e-01 5.803985e-02 5.000000e-02
    endloop
  endfacet
  facet normal 5.090674e-02 -9.987034e-01 0.000000e+00
    outer loop
      vertex 2.061074e-01 5.771413e-02 -5.000000e-02
      vertex 2.124974e-01 5.803985e-02 5.000000e-02
      vertex 2.061074e-01 5.771413e-02 5.000000e-02
    endloop
  endfacet
  facet normal 4.647537e-02 -9.989194e-01 0.000000e+00
    outer loop
      vertex 2.124974e-01 5.803985e-02 -5.000000e-02
      vertex 2.189583e-01 5.834045e-02 -5.000000e-02
      vertex 2.189583e-01 5.834045e-02 5.000000e-02
    endloop
  endfacet
  facet normal 4.647537e-02 -9.989194e-01 0.000000e+00
    outer loop
      vertex 2.124974e-01 5.803985e-02 -5.000000e-02
      vertex 2.189583e-01 5.834045e-02 5.000000e-02
      vertex 2.124974e-01 5.803985e-02 5.000000e-02
    endloop
  endfacet
  facet normal 4.215190e-02 -9.991112e-01 0.000000e+00
    outer loop
      vertex 2.189583e-01 5.834045e-02 -5.000000e-02
      vertex 2.254886e-01 5.861595e-02 -5.000000e-02
      vertex 2.254886e-01 5.861595e-02 5.000000e-02
    endloop
  endfacet
  facet normal 4.215190e-02 -9.991112e-01 0.000000e+00
    outer loop
      vertex 2.189583e-01 5.834045e-02 -5.000000e-02
      vertex 2.254886e-01 5.861595e-02 5.000000e-02
      vertex 2.189583e-01 5.834045e-02 5.000000e-02
    endloop
  endfacet
  facet normal 3.793308e-02 -9.992803e-01 0.000000e+00
    outer loop
      vertex 2.254886e-01 5.861595e-02 -5.000000e-02
      vertex 2.320866e-01 5.886642e-02 -5.000000e-02
      vertex 2.320866e-01 5.886642e-02 5.000000e-02
    endloop
  endfacet
  facet normal 3.793308e-02 -9.992803e-01 0.000000e+00
    outer loop
      vertex 2.254886e-01 5.861595e-02 -5.000000e-02
      vertex 2.320866e-01 5.886642e-02 5.000000e-02
      vertex 2.254886e-01 5.861595e-02 5.000000e-02
    endloop
  endfacet
  facet normal 3.381588e-02 -9.994281e-01 0.000000e+00
    outer loop
      vertex 2.320866e-01 5.886642e-02 -5.000000e-02
      vertex 2.387507e-01 5.909190e-02 -5.000000e-02
      vertex 2.387507e-01 5.909190e-02 5.000000e-02
    endloop
  endfacet
  facet normal 3.381588e-02 -9.994281e-01 0.000000e+00
    outer loop
      vertex 2.320866e-01 5.886642e-02 -5.000000e-02
      vertex 2.387507e-01 5.909190e-02 5.000000e-02
      vertex 2.320866e-01 5.886642e-02 5.000000e-02
    endloop
  endfacet
  facet normal 2.979744e-02 -9.995560e-01 0.000000e+00
    outer loop
      vertex 2.387507e-01 5.909190e-02 -5.000000e-02
      vertex 2.454793e-01 5.929248e-02 -5.000000e-02
      vertex 2.454793e-01 5.929248e-02 5.000000e-02
    endloop
  endfacet
  facet normal 2.979744e-02 -9.995560e-01 0.000000e+00
    outer loop
      vertex 2.387507e-01 5.909190e-02 -5.000000e-02
      vertex 2.454793e-01 5.929248e-02 5.000000e-02
      vertex 2.387507e-01 5.909190e-02 5.000000e-02
    endloop
  endfacet
  facet normal 2.587505e-02 -9.996652e-01 0.000000e+00
    outer loop
      vertex 2.454793e-01 5.929248e-02 -5.000000e-02
      vertex 2.522707e-01 5.946827e-02 -5.000000e-02
      vertex 2.522707e-01 5.946827e-02 5.000000e-02
    endloop
  endfacet
  facet normal 2.587505e-02 -9.996652e-01 0.000000e+00
    outer loop
      vertex 2.454793e-01 5.929248e-02 -5.000000e-02
      vertex 2.522707e-01 5.946827e-02 5.000000e-02
      vertex 2.454793e-01 5.929248e-02 5.000000e-02
    endloop
  endfacet
  facet normal 2.204617e-02 -9.997570e-01 0.000000e+00
    outer loop
      vertex 2.522707e-01 5.946827e-02 -5.000000e-02
      vertex 2.591232e-01 5.961938e-02 -5.000000e-02
      vertex 2.591232e-01 5.961938e-02 5.000000e-02
    endloop
  endfacet
  facet normal 2.204617e-02 -9.997570e-01 0.000000e+00
    outer loop
      vertex 2.522707e-01 5.946827e-02 -5.000000e-02
      vertex 2.591232e-01 5.961938e-02 5.000000e-02
      vertex 2.522707e-01 5.946827e-02 5.000000e-02
    endloop
  endfacet
  facet normal 1.830838e-02 -9.998324e-01 0.000000e+00
    outer loop
      vertex 2.591232e-01 5.961938e-02 -5.000000e-02
      vertex 2.660351e-01 5.974594e-02 -5.000000e-02
      vertex 2.660351e-01 5.974594e-02 5.000000e-02
    endloop
  endfacet
  facet normal 1.830838e-02 -9.998324e-01 0.000000e+00
    outer loop
      vertex 2.591232e-01 5.961938e-02 -5.000000e-02
      vertex 2.660351e-01 5.974594e-02 5.000000e-02
      vertex 2.591232e-01 5.961938e-02 5.000000e-02
    endloop
  endfacet
  facet normal 1.465938e-02 -9.998925e-01 0.000000e+00
    outer loop
      vertex 2.660351e-01 5.974594e-02 -5.000000e-02
      vertex 2.730048e-01 5.984813e-02 -5.000000e-02
      vertex 2.730048e-01 5.984813e-02 5.000000e-02
    endloop
  endfacet
  facet normal 1.465938e-02 -9.998925e-01 0.000000e+00
    outer loop
      vertex 2.660351e-01 5.974594e-02 -5.000000e-02
      vertex 2.730048e-01 5.984813e-02 5.000000e-02
      vertex 2.660351e-01 5.974594e-02 5.000000e-02
    endloop
  endfacet
  facet normal 1.109701e-02 -9.999384e-01 0.000000e+00
    outer loop
      vertex 2.730048e-01 5.984813e-02 -5.000000e-02
      vertex 2.800304e-01 5.992609e-02 -5.000000e-02
      vertex 2.800304e-01 5.992609e-02 5.000000e-02
    endloop
  endfacet
  facet normal 1.109701e-02 -9.999384e-01 0.000000e+00
    outer loop
      vertex 2.730048e-01 5.984813e-02 -5.000000e-02
      vertex 2.800304e-01 5.992609e-02 5.000000e-02
      vertex 2.730048e-01 5.984813e-02 5.000000e-02
    endloop
  endfacet
  facet normal 7.619159e-03 -9.999710e-01 0.000000e+00
    outer loop
      vertex 2.800304e-01 5.992609e-02 -5.000000e-02
      vertex 2.871104e-01 5.998004e-02 -5.000000e-02
      vertex 2.871104e-01 5.998004e-02 5.000000e-02
    endloop
  endfacet
  facet normal 7.619159e-03 -9.999710e-01 0.000000e+00
    outer loop
      vertex 2.800304e-01 5.992609e-02 -5.000000e-02
      vertex 2.871104e-01 5.998004e-02 5.000000e-02
      vertex 2.800304e-01 5.992609e-02 5.000000e-02
    endloop
  endfacet
  facet normal 4.223851e-03 -9.999911e-01 0.000000e+00
    outer loop
      vertex 2.871104e-01 5.998004e-02 -5.000000e-02
      vertex 2.942428e-01 6.001017e-02 -5.000000e-02
      vertex 2.942428e-01 6.001017e-02 5.000000e-02
    endloop
  endfacet
  facet normal 4.223851e-03 -9.999911e-01 0.000000e+00
    outer loop
      vertex 2.871104e-01 5.998004e-02 -5.000000e-02
      vertex 2.942428e-01 6.001017e-02 5.000000e-02
      vertex 2.871104e-01 5.998004e-02 5.000000e-02
    endloop
  endfacet
  facet normal 9.091693e-04 -9.999996e-01 0.000000e+00
    outer loop
      vertex 2.942428e-01 6.001017e-02 -5.000000e-02
      vertex 3.014261e-01 6.001670e-02 -5.000000e-02
      vertex 3.014261e-01 6.001670e-02 5.000000e-02
    endloop
  endfacet
  facet normal 9.091693e-04 -9.999996e-01 0.000000e+00
    outer loop
      vertex 2.942428e-01 6.001017e-02 -5.000000e-02
      vertex 3.014261e-01 6.001670e-02 5.000000e-02
      vertex 2.942428e-01 6.001017e-02 5.000000e-02
    endloop
  endfacet
  facet normal -2.326725e-03 -9.999973e-01 0.000000e+00
    outer loop
      vertex 3.014261e-01 6.001670e-02 -5.000000e-02
      vertex 3.086583e-01 5.999987e-02 -5.000000e-02
      vertex 3.086583e-01 5.999987e-02 5.000000e-02
    endloop
  endfacet
  facet normal -2.326725e-03 -9.999973e-01 0.000000e+00
    outer loop
      vertex 3.014261e-01 6.001670e-02 -5.000000e-02
      vertex 3.086583e-01 5.999987e-02 5.000000e-02
      vertex 3.014261e-01 6.001670e-02 5.000000e-02
    endloop
  endfacet
  facet normal -5.485604e-03 -9.999850e-01 0.000000e+00
    outer loop
      vertex 3.086583e-01 5.999987e-02 -5.000000e-02
      vertex 3.159377e-01 5.995994e-02 -5.000000e-02
      vertex 3.159377e-01 5.995994e-02 5.000000e-02
    endloop
  endfacet
  facet normal -5.485604e-03 -9.999850e-01 0.000000e+00
    outer loop
      vertex 3.086583e-01 5.999987e-02 -5.000000e-02
      vertex 3.159377e-01 5.995994e-02 5.000000e-02
      vertex 3.086583e-01 5.999987e-02 5.000000e-02
    endloop
  endfacet
  facet normal -8.569182e-03 -9.999633e-01 0.000000e+00
    outer loop
      vertex 3.159377e-01 5.995994e-02 -5.000000e-02
      vertex 3.232626e-01 5.989717e-02 -5.000000e-02
      vertex 3.232626e-01 5.989717e-02 5.000000e-02
    endloop
  endfacet
  facet normal -8.569182e-03 -9.999633e-01 0.000000e+00
    outer loop
      vertex 3.159377e-01 5.995994e-02 -5.000000e-02
      vertex 3.232626e-01 5.989717e-02 5.000000e-02
      vertex 3.159377e-01 5.995994e-02 5.000000e-02
    endloop
  endfacet
  facet normal -1.157912e-02 -9.999330e-01 0.000000e+00
    outer loop
      vertex 3.232626e-01 5.989717e-02 -5.000000e-02
      vertex 3.306310e-01 5.981184e-02 -5.000000e-02
      vertex 3.306310e-01 5.981184e-02 5.000000e-02
    endloop
  endfacet
  facet normal -1.157912e-02 -9.999330e-01 0.000000e+00
    outer loop
      vertex 3.232626e-01 5.989717e-02 -5.000000e-02
      vertex 3.306310e-01 5.981184e-02 5.000000e-02
      vertex 3.232626e-01 5.989717e-02 5.000000e-02
    endloop
  endfacet
  facet normal -1.451703e-02 -9.998946e-01 0.000000e+00
    outer loop
      vertex 3.306310e-01 5.981184e-02 -5.000000e-02
      vertex 3.380413e-01 5.970425e-02 -5.000000e-02
      vertex 3.380413e-01 5.970425e-02 5.000000e-02
    endloop
  endfacet
  facet normal -1.451703e-02 -9.998946e-01 0.000000e+00
    outer loop
      vertex 3.306310e-01 5.981184e-02 -5.000000e-02
      vertex 3.380413e-01 5.970425e-02 5.000000e-02
      vertex 3.306310e-01 5.981184e-02 5.000000e-02
    endloop
  endfacet
  facet normal -1.738449e-02 -9.998489e-01 0.000000e+00
    outer loop
      vertex 3.380413e-01 5.970425e-02 -5.000000e-02
      vertex 3.454915e-01 5.957472e-02 -5.000000e-02
      vertex 3.454915e-01 5.957472e-02 5.000000e-02
    endloop
  endfacet
  facet normal -1.738449e-02 -9.998489e-01 0.000000e+00
    outer loop
      vertex 3.380413e-01 5.970425e-02 -5.000000e-02
      vertex 3.454915e-01 5.957472e-02 5.000000e-02
      vertex 3.380413e-01 5.970425e-02 5.000000e-02
    endloop
  endfacet
  facet normal -2.018302e-02 -9.997963e-01 0.000000e+00
    outer loop
      vertex 3.454915e-01 5.957472e-02 -5.000000e-02
      vertex 3.529798e-01 5.942355e-02 -5.000000e-02
      vertex 3.529798e-01 5.942355e-02 5.000000e-02
    endloop
  endfacet
  facet normal -2.018302e-02 -9.997963e-01 0.000000e+00
    outer loop
      vertex 3.454915e-01 5.957472e-02 -5.000000e-02
      vertex 3.529798e-01 5.942355e-02 5.000000e-02
      vertex 3.454915e-01 5.957472e-02 5.000000e-02
    endloop
  endfacet
  facet normal -2.291413e-02 -9.997374e-01 0.000000e+00
    outer loop
      vertex 3.529798e-01 5.942355e-02 -5.000000e-02
      vertex 3.605044e-01 5.925108e-02 -5.000000e-02
      vertex 3.605044e-01 5.925108e-02 5.000000e-02
    endloop
  endfacet
  facet normal -2.291413e-02 -9.997374e-01 0.000000e+00
    outer loop
      vertex 3.529798e-01 5.942355e-02 -5.000000e-02
      vertex 3.605044e-01 5.925108e-02 5.000000e-02
      vertex 3.529798e-01 5.942355e-02 5.000000e-02
    endloop
  endfacet
  facet normal -2.557928e-02 -9.996728e-01 0.000000e+00
    outer loop
      vertex 3.605044e-01 5.925108e-02 -5.000000e-02
      vertex 3.680635e-01 5.905767e-02 -5.000000e-02
      vertex 3.680635e-01 5.905767e-02 5.000000e-02
    endloop
  endfacet
  facet normal -2.557928e-02 -9.996728e-01 0.000000e+00
    outer loop
      vertex 3.605044e-01 5.925108e-02 -5.000000e-02
      vertex 3.680635e-01 5.905767e-02 5.000000e-02
      vertex 3.605044e-01 5.925108e-02 5.000000e-02
    endloop
  endfacet
  facet normal -2.817993e-02 -9.996029e-01 0.000000e+00
    outer loop
      vertex 3.680635e-01 5.905767e-02 -5.000000e-02
      vertex 3.756551e-01 5.884365e-02 -5.000000e-02
      vertex 3.756551e-01 5.884365e-02 5.000000e-02
    endloop
  endfacet
  facet normal -2.817993e-02 -9.996029e-01 0.000000e+00
    outer loop
      vertex 3.680635e-01 5.905767e-02 -5.000000e-02
      vertex 3.756551e-01 5.884365e-02 5.000000e-02
      vertex 3.680635e-01 5.905767e-02 5.000000e-02
    endloop
  endfacet
  facet normal -3.071747e-02 -9.995281e-01 0.000000e+00
    outer loop
      vertex 3.756551e-01 5.884365e-02 -5.000000e-02
      vertex 3.832773e-01 5.860940e-02 -5.000000e-02
      vertex 3.832773e-01 5.860940e-02 5.000000e-02
    endloop
  endfacet
  facet normal -3.071747e-02 -9.995281e-01 0.000000e+00
    outer loop
      vertex 3.756551e-01 5.884365e-02 -5.000000e-02
      vertex 3.832773e-01 5.860940e-02 5.000000e-02
      vertex 3.756551e-01 5.884365e-02 5.000000e-02
    endloop
  endfacet
  facet normal -3.319333e-02 -9.994489e-01 0.000000e+00
    outer loop
      vertex 3.832773e-01 5.860940e-02 -5.000000e-02
      vertex 3.909284e-01 5.835530e-02 -5.000000e-02
      vertex 3.909284e-01 5.835530e-02 5.000000e-02
    endloop
  endfacet
  facet normal -3.319333e-02 -9.994489e-01 0.000000e+00
    outer loop
      vertex 3.832773e-01 5.860940e-02 -5.000000e-02
      vertex 3.909284e-01 5.835530e-02 5.000000e-02
      vertex 3.832773e-01 5.860940e-02 5.000000e-02
    endloop
  endfacet
  facet normal -3.560887e-02 -9.993658e-01 0.000000e+00
    outer loop
      vertex 3.909284e-01 5.835530e-02 -5.000000e-02
      vertex 3.986064e-01 5.808172e-02 -5.000000e-02
      vertex 3.986064e-01 5.808172e-02 5.000000e-02
    endloop
  endfacet
  facet normal -3.560887e-02 -9.993658e-01 0.000000e+00
    outer loop
      vertex 3.909284e-01 5.835530e-02 -5.000000e-02
      vertex 3.986064e-01 5.808172e-02 5.000000e-02
      vertex 3.909284e-01 5.835530e-02 5.000000e-02
    endloop
  endfacet
  facet normal -3.796545e-02 -9.992791e-01 0.000000e+00
    outer loop
      vertex 3.986064e-01 5.808172e-02 -5.000000e-02
      vertex 4.063093e-01 5.778906e-02 -5.000000e-02
      vertex 4.063093e-01 5.778906e-02 5.000000e-02
    endloop
  endfacet
  facet normal -3.796545e-02 -9.992791e-01 0.000000e+00
    outer loop
      vertex 3.986064e-01 5.808172e-02 -5.000000e-02
      vertex 4.063093e-01 5.778906e-02 5.000000e-02
      vertex 3.986064e-01 5.808172e-02 5.000000e-02
    endloop
  endfacet
  facet normal -4.026442e-02 -9.991891e-01 0.000000e+00
    outer loop
      vertex 4.063093e-01 5.778906e-02 -5.000000e-02
      vertex 4.140354e-01 5.747772e-02 -5.000000e-02
      vertex 4.140354e-01 5.747772e-02 5.000000e-02
    endloop
  endfacet
  facet normal -4.026442e-02 -9.991891e-01 0.000000e+00
    outer loop
      vertex 4.063093e-01 5.778906e-02 -5.000000e-02
      vertex 4.140354e-01 5.747772e-02 5.000000e-02
      vertex 4.063093e-01 5.778906e-02 5.000000e-02
    endloop
  endfacet
  facet normal -4.250712e-02 -9.990962e-01 0.000000e+00
    outer loop
      vertex 4.140354e-01 5.747772e-02 -5.000000e-02
      vertex 4.217828e-01 5.714811e-02 -5.000000e-02
      vertex 4.217828e-01 5.714811e-02 5.000000e-02
    endloop
  endfacet
  facet normal -4.250712e-02 -9.990962e-01 0.000000e+00
    outer loop
      vertex 4.140354e-01 5.747772e-02 -5.000000e-02
      vertex 4.217828e-01 5.714811e-02 5.000000e-02
      vertex 4.140354e-01 5.747772e-02 5.000000e-02
    endloop
  endfacet
  facet normal -4.469486e-02 -9.990007e-01 0.000000e+00
    outer loop
      vertex 4.217828e-01 5.714811e-02 -5.000000e-02
      vertex 4.295494e-01 5.680063e-02 -5.000000e-02
      vertex 4.295494e-01 5.680063e-02 5.000000e-02
    endloop
  endfacet
  facet normal -4.469486e-02 -9.990007e-01 0.000000e+00
    outer loop
      vertex 4.217828e-01 5.714811e-02 -5.000000e-02
      vertex 4.295494e-01 5.680063e-02 5.000000e-02
      vertex 4.217828e-01 5.714811e-02 5.000000e-02
    endloop
  endfacet
  facet normal -4.682896e-02 -9.989029e-01 0.000000e+00
    outer loop
      vertex 4.295494e-01 5.680063e-02 -5.000000e-02
      vertex 4.373334e-01 5.643572e-02 -5.000000e-02
      vertex 4.373334e-01 5.643572e-02 5.000000e-02
    endloop
  endfacet
  facet normal -4.682896e-02 -9.989029e-01 0.000000e+00
    outer loop
      vertex 4.295494e-01 5.680063e-02 -5.000000e-02
      vertex 4.373334e-01 5.643572e-02 5.000000e-02
      vertex 4.295494e-01 5.680063e-02 5.000000e-02
    endloop
  endfacet
  facet normal -4.891071e-02 -9.988032e-01 0.000000e+00
    outer loop
      vertex 4.373334e-01 5.643572e-02 -5.000000e-02
      vertex 4.451328e-01 5.605378e-02 -5.000000e-02
      vertex 4.451328e-01 5.605378e-02 5.000000e-02
    endloop
  endfacet
  facet normal -4.891071e-02 -9.988032e-01 0.000000e+00
    outer loop
      vertex 4.373334e-01 5.643572e-02 -5.000000e-02
      vertex 4.451328e-01 5.605378e-02 5.000000e-02
      vertex 4.373334e-01 5.643572e-02 5.000000e-02
    endloop
  endfacet
  facet normal -5.094140e-02 -9.987016e-01 0.000000e+00
    outer loop
      vertex 4.451328e-01 5.605378e-02 -5.000000e-02
      vertex 4.529458e-01 5.565526e-02 -5.000000e-02
      vertex 4.529458e-01 5.565526e-02 5.000000e-02
    endloop
  endfacet
  facet normal -5.094140e-02 -9.987016e-01 0.000000e+00
    outer loop
      vertex 4.451328e-01 5.605378e-02 -5.000000e-02
      vertex 4.529458e-01 5.565526e-02 5.000000e-02
      vertex 4.451328e-01 5.605378e-02 5.000000e-02
    endloop
  endfacet
  facet normal -5.292232e-02 -9.985986e-01 0.000000e+00
    outer loop
      vertex 4.529458e-01 5.565526e-02 -5.000000e-02
      vertex 4.607705e-01 5.524058e-02 -5.000000e-02
      vertex 4.607705e-01 5.524058e-02 5.000000e-02
    endloop
  endfacet
  facet normal -5.292232e-02 -9.985986e-01 0.000000e+00
    outer loop
      vertex 4.529458e-01 5.565526e-02 -5.000000e-02
      vertex 4.607705e-01 5.524058e-02 5.000000e-02
      vertex 4.529458e-01 5.565526e-02 5.000000e-02
    endloop
  endfacet
  facet normal -5.485473e-02 -9.984943e-01 0.000000e+00
    outer loop
      vertex 4.607705e-01 5.524058e-02 -5.000000e-02
      vertex 4.686047e-01 5.481019e-02 -5.000000e-02
      vertex 4.686047e-01 5.481019e-02 5.000000e-02
    endloop
  endfacet
  facet normal -5.485473e-02 -9.984943e-01 0.000000e+00
    outer loop
      vertex 4.607705e-01 5.524058e-02 -5.000000e-02
      vertex 4.686047e-01 5.481019e-02 5.000000e-02
      vertex 4.607705e-01 5.524058e-02 5.000000e-02
    endloop
  endfacet
  facet normal -5.673990e-02 -9.983890e-01 0.000000e+00
    outer loop
      vertex 4.686047e-01 5.481019e-02 -5.000000e-02
      vertex 4.764468e-01 5.436451e-02 -5.000000e-02
      vertex 4.764468e-01 5.436451e-02 5.000000e-02
    endloop
  endfacet
  facet normal -5.673990e-02 -9.983890e-01 0.000000e+00
    outer loop
      vertex 4.686047e-01 5.481019e-02 -5.000000e-02
      vertex 4.764468e-01 5.436451e-02 5.000000e-02
      vertex 4.686047e-01 5.481019e-02 5.000000e-02
    endloop
  endfacet
  facet normal -5.857908e-02 -9.982828e-01 0.000000e+00
    outer loop
      vertex 4.764468e-01 5.436451e-02 -5.000000e-02
      vertex 4.842946e-01 5.390400e-02 -5.000000e-02
      vertex 4.842946e-01 5.390400e-02 5.000000e-02
    endloop
  endfacet
  facet normal -5.857908e-02 -9.982828e-01 0.000000e+00
    outer loop
      vertex 4.764468e-01 5.436451e-02 -5.000000e-02
      vertex 4.842946e-01 5.390400e-02 5.000000e-02
      vertex 4.764468e-01 5.436451e-02 5.000000e-02
    endloop
  endfacet
  facet normal -6.037352e-02 -9.981759e-01 0.000000e+00
    outer loop
      vertex 4.842946e-01 5.390400e-02 -5.000000e-02
      vertex 4.921463e-01 5.342910e-02 -5.000000e-02
      vertex 4.921463e-01 5.342910e-02 5.000000e-02
    endloop
  endfacet
  facet normal -6.037352e-02 -9.981759e-01 0.000000e+00
    outer loop
      vertex 4.842946e-01 5.390400e-02 -5.000000e-02
      vertex 4.921463e-01 5.342910e-02 5.000000e-02
      vertex 4.842946e-01 5.390400e-02 5.000000e-02
    endloop
  endfacet
  facet normal -6.212444e-02 -9.980684e-01 0.000000e+00
    outer loop
      vertex 4.921463e-01 5.342910e-02 -5.000000e-02
      vertex 5.000000e-01 5.294025e-02 -5.000000e-02
      vertex 5.000000e-01 5.294025e-02 5.000000e-02
    endloop
  endfacet
  facet normal -6.212444e-02 -9.980684e-01 0.000000e+00
    outer loop
      vertex 4.921463e-01 5.342910e-02 -5.000000e-02
      vertex 5.000000e-01 5.294025e-02 5.000000e-02
      vertex 4.921463e-01 5.342910e-02 5.000000e-02
    endloop
  endfacet
  facet normal -6.383309e-02 -9.979606e-01 0.000000e+00
    outer loop
      vertex 5.000000e-01 5.294025e-02 -5.000000e-02
      vertex 5.078537e-01 5.243790e-02 -5.000000e-02
      vertex 5.078537e-01 5.243790e-02 5.000000e-02
    endloop
  endfacet
  facet normal -6.383309e-02 -9.979606e-01 0.000000e+00
    outer loop
      vertex 5.000000e-01 5.294025e-02 -5.000000e-02
      vertex 5.078537e-01 5.243790e-02 5.000000e-02
      vertex 5.000000e-01 5.294025e-02 5.000000e-02
    endloop
  endfacet
  facet normal -6.550067e-02 -9.978525e-01 0.000000e+00
    outer loop
      vertex 5.078537e-01 5.243790e-02 -5.000000e-02
      vertex 5.157054e-01 5.192250e-02 -5.000000e-02
      vertex 5.157054e-01 5.192250e-02 5.000000e-02
    endloop
  endfacet
  facet normal -6.550067e-02 -9.978525e-01 0.000000e+00
    outer loop
      vertex 5.078537e-01 5.243790e-02 -5.000000e-02
      vertex 5.157054e-01 5.192250e-02 5.000000e-02
      vertex 5.078537e-01 5.243790e-02 5.000000e-02
    endloop
  endfacet
  facet normal -6.712839e-02 -9.977443e-01 0.000000e+00
    outer loop
      vertex 5.157054e-01 5.192250e-02 -5.000000e-02
      vertex 5.235532e-01 5.139450e-02 -5.000000e-02
      vertex 5.235532e-01 5.139450e-02 5.000000e-02
    endloop
  endfacet
  facet normal -6.712839e-02 -9.977443e-01 0.000000e+00
    outer loop
      vertex 5.157054e-01 5.192250e-02 -5.000000e-02
      vertex 5.235532e-01 5.139450e-02 5.000000e-02
      vertex 5.157054e-01 5.192250e-02 5.000000e-02
    endloop
  endfacet
  facet normal -6.871745e-02 -9.976362e-01 0.000000e+00
    outer loop
      vertex 5.235532e-01 5.139450e-02 -5.000000e-02
      vertex 5.313953e-01 5.085434e-02 -5.000000e-02
      vertex 5.313953e-01 5.085434e-02 5.000000e-02
    endloop
  endfacet
  facet normal -6.871745e-02 -9.976362e-01 0.000000e+00
    outer loop
      vertex 5.235532e-01 5.139450e-02 -5.000000e-02
      vertex 5.313953e-01 5.085434e-02 5.000000e-02
      vertex 5.235532e-01 5.139450e-02 5.000000e-02
    endloop
  endfacet
  facet normal -7.026904e-02 -9.975281e-01 0.000000e+00
    outer loop
      vertex 5.313953e-01 5.085434e-02 -5.000000e-02
      vertex 5.392295e-01 5.030247e-02 -5.000000e-02
      vertex 5.392295e-01 5.030247e-02 5.000000e-02
    endloop
  endfacet
  facet normal -7.026904e-02 -9.975281e-01 0.000000e+00
    outer loop
      vertex 5.313953e-01 5.085434e-02 -5.000000e-02
      vertex 5.392295e-01 5.030247e-02 5.000000e-02
      vertex 5.313953e-01 5.085434e-02 5.000000e-02
    endloop
  endfacet
  facet normal -7.178433e-02 -9.974202e-01 0.000000e+00
    outer loop
      vertex 5.392295e-01 5.030247e-02 -5.000000e-02
      vertex 5.470542e-01 4.973933e-02 -5.000000e-02
      vertex 5.470542e-01 4.973933e-02 5.000000e-02
    endloop
  endfacet
  facet normal -7.178433e-02 -9.974202e-01 0.000000e+00
    outer loop
      vertex 5.392295e-01 5.030247e-02 -5.000000e-02
      vertex 5.470542e-01 4.973933e-02 5.000000e-02
      vertex 5.392295e-01 5.030247e-02 5.000000e-02
    endloop
  endfacet
  facet normal -7.326447e-02 -9.973125e-01 0.000000e+00
    outer loop
      vertex 5.470542e-01 4.973933e-02 -5.000000e-02
      vertex 5.548672e-01 4.916537e-02 -5.000000e-02
      vertex 5.548672e-01 4.916537e-02 5.000000e-02
    endloop
  endfacet
  facet normal -7.326447e-02 -9.973125e-01 0.000000e+00
    outer loop
      vertex 5.470542e-01 4.973933e-02 -5.000000e-02
      vertex 5.548672e-01 4.916537e-02 5.000000e-02
      vertex 5.470542e-01 4.973933e-02 5.000000e-02
    endloop
  endfacet
  facet normal -7.471063e-02 -9.972053e-01 0.000000e+00
    outer loop
      vertex 5.548672e-01 4.916537e-02 -5.000000e-02
      vertex 5.626666e-01 4.858104e-02 -5.000000e-02
      vertex 5.626666e-01 4.858104e-02 5.000000e-02
    endloop
  endfacet
  facet normal -7.471063e-02 -9.972053e-01 0.000000e+00
    outer loop
      vertex 5.548672e-01 4.916537e-02 -5.000000e-02
      vertex 5.626666e-01 4.858104e-02 5.000000e-02
      vertex 5.548672e-01 4.916537e-02 5.000000e-02
    endloop
  endfacet
  facet normal -7.612392e-02 -9.970984e-01 0.000000e+00
    outer loop
      vertex 5.626666e-01 4.858104e-02 -5.000000e-02
      vertex 5.704506e-01 4.798676e-02 -5.000000e-02
      vertex 5.704506e-01 4.798676e-02 5.000000e-02
    endloop
  endfacet
  facet normal -7.612392e-02 -9.970984e-01 0.000000e+00
    outer loop
      vertex 5.626666e-01 4.858104e-02 -5.000000e-02
      vertex 5.704506e-01 4.798676e-02 5.000000e-02
      vertex 5.626666e-01 4.858104e-02 5.000000e-02
    endloop
  endfacet
  facet normal -7.750547e-02 -9.969919e-01 0.000000e+00
    outer loop
      vertex 5.704506e-01 4.798676e-02 -5.000000e-02
      vertex 5.782172e-01 4.738299e-02 -5.000000e-02
      vertex 5.782172e-01 4.738299e-02 5.000000e-02
    endloop
  endfacet
  facet normal -7.750547e-02 -9.969919e-01 0.000000e+00
    outer loop
      vertex 5.704506e-01 4.798676e-02 -5.000000e-02
      vertex 5.782172e-01 4.738299e-02 5.000000e-02
      vertex 5.704506e-01 4.798676e-02 5.000000e-02
    endloop
  endfacet
  facet normal -7.885639e-02 -9.968860e-01 0.000000e+00
    outer loop
      vertex 5.782172e-01 4.738299e-02 -5.000000e-02
      vertex 5.859646e-01 4.677016e-02 -5.000000e-02
      vertex 5.859646e-01 4.677016e-02 5.000000e-02
    endloop
  endfacet
  facet normal -7.885639e-02 -9.968860e-01 0.000000e+00
    outer loop
      vertex 5.782172e-01 4.738299e-02 -5.000000e-02
      vertex 5.859646e-01 4.677016e-02 5.000000e-02
      vertex 5.782172e-01 4.738299e-02 5.000000e-02
    endloop
  endfacet
  facet normal -8.017775e-02 -9.967806e-01 0.000000e+00
    outer loop
      vertex 5.859646e-01 4.677016e-02 -5.000000e-02
      vertex 5.936907e-01 4.614870e-02 -5.000000e-02
      vertex 5.936907e-01 4.614870e-02 5.000000e-02
    endloop
  endfacet
  facet normal -8.017775e-02 -9.967806e-01 0.000000e+00
    outer loop
      vertex 5.859646e-01 4.677016e-02 -5.000000e-02
      vertex 5.936907e-01 4.614870e-02 5.000000e-02
      vertex 5.859646e-01 4.677016e-02 5.000000e-02
    endloop
  endfacet
  facet normal -8.147062e-02 -9.966757e-01 0.000000e+00
    outer loop
      vertex 5.936907e-01 4.614870e-02 -5.000000e-02
      vertex 6.013936e-01 4.551903e-02 -5.000000e-02
      vertex 6.013936e-01 4.551903e-02 5.000000e-02
    endloop
  endfacet
  facet normal -8.147062e-02 -9.966757e-01 0.000000e+00
    outer loop
      vertex 5.936907e-01 4.614870e-02 -5.000000e-02
      vertex 6.013936e-01 4.551903e-02 5.000000e-02
      vertex 5.936907e-01 4.614870e-02 5.000000e-02
    endloop
  endfacet
  facet normal -8.273605e-02 -9.965715e-01 0.000000e+00
    outer loop
      vertex 6.013936e-01 4.551903e-02 -5.000000e-02
      vertex 6.090716e-01 4.488160e-02 -5.000000e-02
      vertex 6.090716e-01 4.488160e-02 5.000000e-02
    endloop
  endfacet
  facet normal -8.273605e-02 -9.965715e-01 0.000000e+00
    outer loop
      vertex 6.013936e-01 4.551903e-02 -5.000000e-02
      vertex 6.090716e-01 4.488160e-02 5.000000e-02
      vertex 6.013936e-01 4.551903e-02 5.000000e-02
    endloop
  endfacet
  facet normal -8.397508e-02 -9.964679e-01 0.000000e+00
    outer loop
      vertex 6.090716e-01 4.488160e-02 -5.000000e-02
      vertex 6.167227e-01 4.423683e-02 -5.000000e-02
      vertex 6.167227e-01 4.423683e-02 5.000000e-02
    endloop
  endfacet
  facet normal -8.397508e-02 -9.964679e-01 0.000000e+00
    outer loop
      vertex 6.090716e-01 4.488160e-02 -5.000000e-02
      vertex 6.167227e-01 4.423683e-02 5.000000e-02
      vertex 6.090716e-01 4.488160e-02 5.000000e-02
    endloop
  endfacet
  facet normal -8.518871e-02 -9.963648e-01 0.000000e+00
    outer loop
      vertex 6.167227e-01 4.423683e-02 -5.000000e-02
      vertex 6.243449e-01 4.358513e-02 -5.000000e-02
      vertex 6.243449e-01 4.358513e-02 5.000000e-02
    endloop
  endfacet
  facet normal -8.518871e-02 -9.963648e-01 0.000000e+00
    outer loop
      vertex 6.167227e-01 4.423683e-02 -5.000000e-02
      vertex 6.243449e-01 4.358513e-02 5.000000e-02
      vertex 6.167227e-01 4.423683e-02 5.000000e-02
    endloop
  endfacet
  facet normal -8.637793e-02 -9.962624e-01 0.000000e+00
    outer loop
      vertex 6.243449e-01 4.358513e-02 -5.000000e-02
      vertex 6.319365e-01 4.292692e-02 -5.000000e-02
      vertex 6.319365e-01 4.292692e-02 5.000000e-02
    endloop
  endfacet
  facet normal -8.637793e-02 -9.962624e-01 0.000000e+00
    outer loop
      vertex 6.243449e-01 4.358513e-02 -5.000000e-02
      vertex 6.319365e-01 4.292692e-02 5.000000e-02
      vertex 6.243449e-01 4.358513e-02 5.000000e-02
    endloop
  endfacet
  facet normal -8.754369e-02 -9.961607e-01 0.000000e+00
    outer loop
      vertex 6.319365e-01 4.292692e-02 -5.000000e-02
      vertex 6.394956e-01 4.226263e-02 -5.000000e-02
      vertex 6.394956e-01 4.226263e-02 5.000000e-02
    endloop
  endfacet
  facet normal -8.754369e-02 -9.961607e-01 0.000000e+00
    outer loop
      vertex 6.319365e-01 4.292692e-02 -5.000000e-02
      vertex 6.394956e-01 4.226263e-02 5.000000e-02
      vertex 6.319365e-01 4.292692e-02 5.000000e-02
    endloop
  endfacet
  facet normal -8.868696e-02 -9.960595e-01 0.000000e+00
    outer loop
      vertex 6.394956e-01 4.226263e-02 -5.000000e-02
      vertex 6.470202e-01 4.159265e-02 -5.000000e-02
      vertex 6.470202e-01 4.159265e-02 5.000000e-02
    endloop
  endfacet
  facet normal -8.868696e-02 -9.960595e-01 0.000000e+00
    outer loop
      vertex 6.394956e-01 4.226263e-02 -5.000000e-02
      vertex 6.470202e-01 4.159265e-02 5.000000e-02
      vertex 6.394956e-01 4.226263e-02 5.000000e-02
    endloop
  endfacet
  facet normal -8.980863e-02 -9.959590e-01 0.000000e+00
    outer loop
      vertex 6.470202e-01 4.159265e-02 -5.000000e-02
      vertex 6.545085e-01 4.091741e-02 -5.000000e-02
      vertex 6.545085e-01 4.091741e-02 5.000000e-02
    endloop
  endfacet
  facet normal -8.980863e-02 -9.959590e-01 0.000000e+00
    outer loop
      vertex 6.470202e-01 4.159265e-02 -5.000000e-02
      vertex 6.545085e-01 4.091741e-02 5.000000e-02
      vertex 6.470202e-01 4.159265e-02 5.000000e-02
    endloop
  endfacet
  facet normal -9.090961e-02 -9.958591e-01 0.000000e+00
    outer loop
      vertex 6.545085e-01 4.091741e-02 -5.000000e-02
      vertex 6.619587e-01 4.023730e-02 -5.000000e-02
      vertex 6.619587e-01 4.023730e-02 5.000000e-02
    endloop
  endfacet
  facet normal -9.090961e-02 -9.958591e-01 0.000000e+00
    outer loop
      vertex 6.545085e-01 4.091741e-02 -5.000000e-02
      vertex 6.619587e-01 4.023730e-02 5.000000e-02
      vertex 6.545085e-01 4.091741e-02 5.000000e-02
    endloop
  endfacet
  facet normal -9.199075e-02 -9.957599e-01 0.000000e+00
    outer loop
      vertex 6.619587e-01 4.023730e-02 -5.000000e-02
      vertex 6.693690e-01 3.955272e-02 -5.000000e-02
      vertex 6.693690e-01 3.955272e-02 5.000000e-02
    endloop
  endfacet
  facet normal -9.199075e-02 -9.957599e-01 0.000000e+00
    outer loop
      vertex 6.619587e-01 4.023730e-02 -5.000000e-02
      vertex 6.693690e-01 3.955272e-02 5.000000e-02
      vertex 6.619587e-01 4.023730e-02 5.000000e-02
    endloop
  endfacet
  facet normal -9.305291e-02 -9.956612e-01 0.000000e+00
    outer loop
      vertex 6.693690e-01 3.955272e-02 -5.000000e-02
      vertex 6.767374e-01 3.886407e-02 -5.000000e-02
      vertex 6.767374e-01 3.886407e-02 5.000000e-02
    endloop
  endfacet
  facet normal -9.305291e-02 -9.956612e-01 0.000000e+00
    outer loop
      vertex 6.693690e-01 3.955272e-02 -5.000000e-02
      vertex 6.767374e-01 3.886407e-02 5.000000e-02
      vertex 6.693690e-01 3.955272e-02 5.000000e-02
    endloop
  endfacet
  facet normal -9.409688e-02 -9.955630e-01 0.000000e+00
    outer loop
      vertex 6.767374e-01 3.886407e-02 -5.000000e-02
      vertex 6.840623e-01 3.817176e-02 -5.000000e-02
      vertex 6.840623e-01 3.817176e-02 5.000000e-02
    endloop
  endfacet
  facet normal -9.409688e-02 -9.955630e-01 0.000000e+00
    outer loop
      vertex 6.767374e-01 3.886407e-02 -5.000000e-02
      vertex 6.840623e-01 3.817176e-02 5.000000e-02
      vertex 6.767374e-01 3.886407e-02 5.000000e-02
    endloop
  endfacet
  facet normal -9.512346e-02 -9.954655e-01 0.000000e+00
    outer loop
      vertex 6.840623e-01 3.817176e-02 -5.000000e-02
      vertex 6.913417e-01 3.747616e-02 -5.000000e-02
      vertex 6.913417e-01 3.747616e-02 5.000000e-02
    endloop
  endfacet
  facet normal -9.512346e-02 -9.954655e-01 0.000000e+00
    outer loop
      vertex 6.840623e-01 3.817176e-02 -5.000000e-02
      vertex 6.913417e-01 3.747616e-02 5.000000e-02
      vertex 6.840623e-01 3.817176e-02 5.000000e-02
    endloop
  endfacet
  facet normal -9.613339e-02 -9.953685e-01 0.000000e+00
    outer loop
      vertex 6.913417e-01 3.747616e-02 -5.000000e-02
      vertex 6.985739e-01 3.677766e-02 -5.000000e-02
      vertex 6.985739e-01 3.677766e-02 5.000000e-02
    endloop
  endfacet
  facet normal -9.613339e-02 -9.953685e-01 0.000000e+00
    outer loop
      vertex 6.913417e-01 3.747616e-02 -5.000000e-02
      vertex 6.985739e-01 3.677766e-02 5.000000e-02
      vertex 6.913417e-01 3.747616e-02 5.000000e-02
    endloop
  endfacet
  facet normal -9.712741e-02 -9.952720e-01 0.000000e+00
    outer loop
      vertex 6.985739e-01 3.677766e-02 -5.000000e-02
      vertex 7.057572e-01 3.607666e-02 -5.000000e-02
      vertex 7.057572e-01 3.607666e-02 5.000000e-02
    endloop
  endfacet
  facet normal -9.712741e-02 -9.952720e-01 0.000000e+00
    outer loop
      vertex 6.985739e-01 3.677766e-02 -5.000000e-02
      vertex 7.057572e-01 3.607666e-02 5.000000e-02
      vertex 6.985739e-01 3.677766e-02 5.000000e-02
    endloop
  endfacet
  facet normal -9.810621e-02 -9.951759e-01 0.000000e+00
    outer loop
      vertex 7.057572e-01 3.607666e-02 -5.000000e-02
      vertex 7.128896e-01 3.537353e-02 -5.000000e-02
      vertex 7.128896e-01 3.537353e-02 5.000000e-02
    endloop
  endfacet
  facet normal -9.810621e-02 -9.951759e-01 0.000000e+00
    outer loop
      vertex 7.057572e-01 3.607666e-02 -5.000000e-02
      vertex 7.128896e-01 3.537353e-02 5.000000e-02
      vertex 7.057572e-01 3.607666e-02 5.000000e-02
    endloop
  endfacet
  facet normal -9.907045e-02 -9.950804e-01 0.000000e+00
    outer loop
      vertex 7.128896e-01 3.537353e-02 -5.000000e-02
      vertex 7.199696e-01 3.466865e-02 -5.000000e-02
      vertex 7.199696e-01 3.466865e-02 5.000000e-02
    endloop
  endfacet
  facet normal -9.907045e-02 -9.950804e-01 0.000000e+00
    outer loop
      vertex 7.128896e-01 3.537353e-02 -5.000000e-02
      vertex 7.199696e-01 3.466865e-02 5.000000e-02
      vertex 7.128896e-01 3.537353e-02 5.000000e-02
    endloop
  endfacet
  facet normal -1.000208e-01 -9.949853e-01 0.000000e+00
    outer loop
      vertex 7.199696e-01 3.466865e-02 -5.000000e-02
      vertex 7.269952e-01 3.396239e-02 -5.000000e-02
      vertex 7.269952e-01 3.396239e-02 5.000000e-02
    endloop
  endfacet
  facet normal -1.000208e-01 -9.949853e-01 0.000000e+00
    outer loop
      vertex 7.199696e-01 3.466865e-02 -5.000000e-02
      vertex 7.269952e-01 3.396239e-02 5.000000e-02
      vertex 7.199696e-01 3.466865e-02 5.000000e-02
    endloop
  endfacet
  facet normal -1.009578e-01 -9.948907e-01 0.000000e+00
    outer loop
      vertex 7.269952e-01 3.396239e-02 -5.000000e-02
      vertex 7.339649e-01 3.325514e-02 -5.000000e-02
      vertex 7.339649e-01 3.325514e-02 5.000000e-02
    endloop
  endfacet
  facet normal -1.009578e-01 -9.948907e-01 0.000000e+00
    outer loop
      vertex 7.269952e-01 3.396239e-02 -5.000000e-02
      vertex 7.339649e-01 3.325514e-02 5.000000e-02
      vertex 7.269952e-01 3.396239e-02 5.000000e-02
    endloop
  endfacet
  facet normal -1.018820e-01 -9.947965e-01 0.000000e+00
    outer loop
      vertex 7.339649e-01 3.325514e-02 -5.000000e-02
      vertex 7.408768e-01 3.254725e-02 -5.000000e-02
      vertex 7.408768e-01 3.254725e-02 5.000000e-02
    endloop
  endfacet
  facet normal -1.018820e-01 -9.947965e-01 0.000000e+00
    outer loop
      vertex 7.339649e-01 3.325514e-02 -5.000000e-02
      vertex 7.408768e-01 3.254725e-02 5.000000e-02
      vertex 7.339649e-01 3.325514e-02 5.000000e-02
    endloop
  endfacet
  facet normal -1.027940e-01 -9.947027e-01 0.000000e+00
    outer loop
      vertex 7.408768e-01 3.254725e-02 -5.000000e-02
      vertex 7.477293e-01 3.183911e-02 -5.000000e-02
      vertex 7.477293e-01 3.183911e-02 5.000000e-02
    endloop
  endfacet
  facet normal -1.027940e-01 -9.947027e-01 0.000000e+00
    outer loop
      vertex 7.408768e-01 3.254725e-02 -5.000000e-02
      vertex 7.477293e-01 3.183911e-02 5.000000e-02
      vertex 7.408768e-01 3.254725e-02 5.000000e-02
    endloop
  endfacet
  facet normal -1.036943e-01 -9.946092e-01 0.000000e+00
    outer loop
      vertex 7.477293e-01 3.183911e-02 -5.000000e-02
      vertex 7.545207e-01 3.113106e-02 -5.000000e-02
      vertex 7.545207e-01 3.113106e-02 5.000000e-02
    endloop
  endfacet
  facet normal -1.036943e-01 -9.946092e-01 0.000000e+00
    outer loop
      vertex 7.477293e-01 3.183911e-02 -5.000000e-02
      vertex 7.545207e-01 3.113106e-02 5.000000e-02
      vertex 7.477293e-01 3.183911e-02 5.000000e-02
    endloop
  endfacet
  facet normal -1.045834e-01 -9.945161e-01 0.000000e+00
    outer loop
      vertex 7.545207e-01 3.113106e-02 -5.000000e-02
      vertex 7.612493e-01 3.042348e-02 -5.000000e-02
      vertex 7.612493e-01 3.042348e-02 5.000000e-02
    endloop
  endfacet
  facet normal -1.045834e-01 -9.945161e-01 0.000000e+00
    outer loop
      vertex 7.545207e-01 3.113106e-02 -5.000000e-02
      vertex 7.612493e-01 3.042348e-02 5.000000e-02
      vertex 7.545207e-01 3.113106e-02 5.000000e-02
    endloop
  endfacet
  facet normal -1.054617e-01 -9.944234e-01 0.000000e+00
    outer loop
      vertex 7.612493e-01 3.042348e-02 -5.000000e-02
      vertex 7.679134e-01 2.971674e-02 -5.000000e-02
      vertex 7.679134e-01 2.971674e-02 5.000000e-02
    endloop
  endfacet
  facet normal -1.054617e-01 -9.944234e-01 0.000000e+00
    outer loop
      vertex 7.612493e-01 3.042348e-02 -5.000000e-02
      vertex 7.679134e-01 2.971674e-02 5.000000e-02
      vertex 7.612493e-01 3.042348e-02 5.000000e-02
    endloop
  endfacet
  facet normal -1.063295e-01 -9.943309e-01 0.000000e+00
    outer loop
      vertex 7.679134e-01 2.971674e-02 -5.000000e-02
      vertex 7.745114e-01 2.901117e-02 -5.000000e-02
      vertex 7.745114e-01 2.901117e-02 5.000000e-02
    endloop
  endfacet
  facet normal -1.063295e-01 -9.943309e-01 0.000000e+00
    outer loop
      vertex 7.679134e-01 2.971674e-02 -5.000000e-02
      vertex 7.745114e-01 2.901117e-02 5.000000e-02
      vertex 7.679134e-01 2.971674e-02 5.000000e-02
    endloop
  endfacet
  facet normal -1.071874e-01 -9.942388e-01 0.000000e+00
    outer loop
      vertex 7.745114e-01 2.901117e-02 -5.000000e-02
      vertex 7.810417e-01 2.830715e-02 -5.000000e-02
      vertex 7.810417e-01 2.830715e-02 5.000000e-02
    endloop
  endfacet
  facet normal -1.071874e-01 -9.942388e-01 0.000000e+00
    outer loop
      vertex 7.745114e-01 2.901117e-02 -5.000000e-02
      vertex 7.810417e-01 2.830715e-02 5.000000e-02
      vertex 7.745114e-01 2.901117e-02 5.000000e-02
    endloop
  endfacet
  facet normal -1.080355e-01 -9.941470e-01 0.000000e+00
    outer loop
      vertex 7.810417e-01 2.830715e-02 -5.000000e-02
      vertex 7.875026e-01 2.760503e-02 -5.000000e-02
      vertex 7.875026e-01 2.760503e-02 5.000000e-02
    endloop
  endfacet
  facet normal -1.080355e-01 -9.941470e-01 0.000000e+00
    outer loop
      vertex 7.810417e-01 2.830715e-02 -5.000000e-02
      vertex 7.875026e-01 2.760503e-02 5.000000e-02
      vertex 7.810417e-01 2.830715e-02 5.000000e-02
    endloop
  endfacet
  facet normal -1.088742e-01 -9.940555e-01 0.000000e+00
    outer loop
      vertex 7.875026e-01 2.760503e-02 -5.000000e-02
      vertex 7.938926e-01 2.690517e-02 -5.000000e-02
      vertex 7.938926e-01 2.690517e-02 5.000000e-02
    endloop
  endfacet
  facet normal -1.088742e-01 -9.940555e-01 0.000000e+00
    outer loop
      vertex 7.875026e-01 2.760503e-02 -5.000000e-02
      vertex 7.938926e-01 2.690517e-02 5.000000e-02
      vertex 7.875026e-01 2.760503e-02 5.000000e-02
    endloop
  endfacet
  facet normal -1.097039e-01 -9.939643e-01 0.000000e+00
    outer loop
      vertex 7.938926e-01 2.690517e-02 -5.000000e-02
      vertex 8.002101e-01 2.620790e-02 -5.000000e-02
      vertex 8.002101e-01 2.620790e-02 5.000000e-02
    endloop
  endfacet
  facet normal -1.097039e-01 -9.939643e-01 0.000000e+00
    outer loop
      vertex 7.938926e-01 2.690517e-02 -5.000000e-02
      vertex 8.002101e-01 2.620790e-02 5.000000e-02
      vertex 7.938926e-01 2.690517e-02 5.000000e-02
    endloop
  endfacet
  facet normal -1.105246e-01 -9.938734e-01 0.000000e+00
    outer loop
      vertex 8.002101e-01 2.620790e-02 -5.000000e-02
      vertex 8.064535e-01 2.551360e-02 -5.000000e-02
      vertex 8.064535e-01 2.551360e-02 5.000000e-02
    endloop
  endfacet
  facet normal -1.105246e-01 -9.938734e-01 0.000000e+00
    outer loop
      vertex 8.002101e-01 2.620790e-02 -5.000000e-02
      vertex 8.064535e-01 2.551360e-02 5.000000e-02
      vertex 8.002101e-01 2.620790e-02 5.000000e-02
    endloop
  endfacet
  facet normal -1.113367e-01 -9.937827e-01 0.000000e+00
    outer loop
      vertex 8.064535e-01 2.551360e-02 -5.000000e-02
      vertex 8.126213e-01 2.482260e-02 -5.000000e-02
      vertex 8.126213e-01 2.482260e-02 5.000000e-02
    endloop
  endfacet
  facet normal -1.113367e-01 -9.937827e-01 0.000000e+00
    outer loop
      vertex 8.064535e-01 2.551360e-02 -5.000000e-02
      vertex 8.126213e-01 2.482260e-02 5.000000e-02
      vertex 8.064535e-01 2.551360e-02 5.000000e-02
    endloop
  endfacet
  facet normal -1.121403e-01 -9.936924e-01 0.000000e+00
    outer loop
      vertex 8.126213e-01 2.482260e-02 -5.000000e-02
      vertex 8.187120e-01 2.413526e-02 -5.000000e-02
      vertex 8.187120e-01 2.413526e-02 5.000000e-02
    endloop
  endfacet
  facet normal -1.121403e-01 -9.936924e-01 0.000000e+00
    outer loop
      vertex 8.126213e-01 2.482260e-02 -5.000000e-02
      vertex 8.187120e-01 2.413526e-02 5.000000e-02
      vertex 8.126213e-01 2.482260e-02 5.000000e-02
    endloop
  endfacet
  facet normal -1.129356e-01 -9.936023e-01 0.000000e+00
    outer loop
      vertex 8.187120e-01 2.413526e-02 -5.000000e-02
      vertex 8.247240e-01 2.345191e-02 -5.000000e-02
      vertex 8.247240e-01 2.345191e-02 5.000000e-02
    endloop
  endfacet
  facet normal -1.129356e-01 -9.936023e-01 0.000000e+00
    outer loop
      vertex 8.187120e-01 2.413526e-02 -5.000000e-02
      vertex 8.247240e-01 2.345191e-02 5.000000e-02
      vertex 8.187120e-01 2.413526e-02 5.000000e-02
    endloop
  endfacet
  facet normal -1.137226e-01 -9.935125e-01 0.000000e+00
    outer loop
      vertex 8.247240e-01 2.345191e-02 -5.000000e-02
      vertex 8.306559e-01 2.277291e-02 -5.000000e-02
      vertex 8.306559e-01 2.277291e-02 5.000000e-02
    endloop
  endfacet
  facet normal -1.137226e-01 -9.935125e-01 0.000000e+00
    outer loop
      vertex 8.247240e-01 2.345191e-02 -5.000000e-02
      vertex 8.306559e-01 2.277291e-02 5.000000e-02
      vertex 8.247240e-01 2.345191e-02 5.000000e-02
    endloop
  endfacet
  facet normal -1.145015e-01 -9.934231e-01 0.000000e+00
    outer loop
      vertex 8.306559e-01 2.277291e-02 -5.000000e-02
      vertex 8.365063e-01 2.209861e-02 -5.000000e-02
      vertex 8.365063e-01 2.209861e-02 5.000000e-02
    endloop
  endfacet
  facet normal -1.145015e-01 -9.934231e-01 0.000000e+00
    outer loop
      vertex 8.306559e-01 2.277291e-02 -5.000000e-02
      vertex 8.365063e-01 2.209861e-02 5.000000e-02
      vertex 8.306559e-01 2.277291e-02 5.000000e-02
    endloop
  endfacet
  facet normal -1.152722e-01 -9.933339e-01 0.000000e+00
    outer loop
      vertex 8.365063e-01 2.209861e-02 -5.000000e-02
      vertex 8.422736e-01 2.142934e-02 -5.000000e-02
      vertex 8.422736e-01 2.142934e-02 5.000000e-02
    endloop
  endfacet
  facet normal -1.152722e-01 -9.933339e-01 0.000000e+00
    outer loop
      vertex 8.365063e-01 2.209861e-02 -5.000000e-02
      vertex 8.422736e-01 2.142934e-02 5.000000e-02
      vertex 8.365063e-01 2.209861e-02 5.000000e-02
    endloop
  endfacet
  facet normal -1.160349e-01 -9.932451e-01 0.000000e+00
    outer loop
      vertex 8.422736e-01 2.142934e-02 -5.000000e-02
      vertex 8.479564e-01 2.076545e-02 -5.000000e-02
      vertex 8.479564e-01 2.076545e-02 5.000000e-02
    endloop
  endfacet
  facet normal -1.160349e-01 -9.932451e-01 0.000000e+00
    outer loop
      vertex 8.422736e-01 2.142934e-02 -5.000000e-02
      vertex 8.479564e-01 2.076545e-02 5.000000e-02
      vertex 8.422736e-01 2.142934e-02 5.000000e-02
    endloop
  endfacet
  facet normal -1.167894e-01 -9.931567e-01 0.000000e+00
    outer loop
      vertex 8.479564e-01 2.076545e-02 -5.000000e-02
      vertex 8.535534e-01 2.010727e-02 -5.000000e-02
      vertex 8.535534e-01 2.010727e-02 5.000000e-02
    endloop
  endfacet
  facet normal -1.167894e-01 -9.931567e-01 0.000000e+00
    outer loop
      vertex 8.479564e-01 2.076545e-02 -5.000000e-02
      vertex 8.535534e-01 2.010727e-02 5.000000e-02
      vertex 8.479564e-01 2.076545e-02 5.000000e-02
    endloop
  endfacet
  facet normal -1.175359e-01 -9.930686e-01 0.000000e+00
    outer loop
      vertex 8.535534e-01 2.010727e-02 -5.000000e-02
      vertex 8.590631e-01 1.945516e-02 -5.000000e-02
      vertex 8.590631e-01 1.945516e-02 5.000000e-02
    endloop
  endfacet
  facet normal -1.175359e-01 -9.930686e-01 0.000000e+00
    outer loop
      vertex 8.535534e-01 2.010727e-02 -5.000000e-02
      vertex 8.590631e-01 1.945516e-02 5.000000e-02
      vertex 8.535534e-01 2.010727e-02 5.000000e-02
    endloop
  endfacet
  facet normal -1.182741e-01 -9.929810e-01 0.000000e+00
    outer loop
      vertex 8.590631e-01 1.945516e-02 -5.000000e-02
      vertex 8.644843e-01 1.880944e-02 -5.000000e-02
      vertex 8.644843e-01 1.880944e-02 5.000000e-02
    endloop
  endfacet
  facet normal -1.182741e-01 -9.929810e-01 0.000000e+00
    outer loop
      vertex 8.590631e-01 1.945516e-02 -5.000000e-02
      vertex 8.644843e-01 1.880944e-02 5.000000e-02
      vertex 8.590631e-01 1.945516e-02 5.000000e-02
    endloop
  endfacet
  facet normal -1.190041e-01 -9.928938e-01 0.000000e+00
    outer loop
      vertex 8.644843e-01 1.880944e-02 -5.000000e-02
      vertex 8.698155e-01 1.817046e-02 -5.000000e-02
      vertex 8.698155e-01 1.817046e-02 5.000000e-02
    endloop
  endfacet
  facet normal -1.190041e-01 -9.928938e-01 0.000000e+00
    outer loop
      vertex 8.644843e-01 1.880944e-02 -5.000000e-02
      vertex 8.698155e-01 1.817046e-02 5.000000e-02
      vertex 8.644843e-01 1.880944e-02 5.000000e-02
    endloop
  endfacet
  facet normal -1.197257e-01 -9.928070e-01 0.000000e+00
    outer loop
      vertex 8.698155e-01 1.817046e-02 -5.000000e-02
      vertex 8.750555e-01 1.753856e-02 -5.000000e-02
      vertex 8.750555e-01 1.753856e-02 5.000000e-02
    endloop
  endfacet
  facet normal -1.197257e-01 -9.928070e-01 0.000000e+00
    outer loop
      vertex 8.698155e-01 1.817046e-02 -5.000000e-02
      vertex 8.750555e-01 1.753856e-02 5.000000e-02
      vertex 8.698155e-01 1.817046e-02 5.000000e-02
    endloop
  endfacet
  facet normal -1.204387e-01 -9.927208e-01 0.000000e+00
    outer loop
      vertex 8.750555e-01 1.753856e-02 -5.000000e-02
      vertex 8.802030e-01 1.691406e-02 -5.000000e-02
      vertex 8.802030e-01 1.691406e-02 5.000000e-02
    endloop
  endfacet
  facet normal -1.204387e-01 -9.927208e-01 0.000000e+00
    outer loop
      vertex 8.750555e-01 1.753856e-02 -5.000000e-02
      vertex 8.802030e-01 1.691406e-02 5.000000e-02
      vertex 8.750555e-01 1.753856e-02 5.000000e-02
    endloop
  endfacet
  facet normal -1.211431e-01 -9.926351e-01 0.000000e+00
    outer loop
      vertex 8.802030e-01 1.691406e-02 -5.000000e-02
      vertex 8.852566e-01 1.629730e-02 -5.000000e-02
      vertex 8.852566e-01 1.629730e-02 5.000000e-02
    endloop
  endfacet
  facet normal -1.211431e-01 -9.926351e-01 0.000000e+00
    outer loop
      vertex 8.802030e-01 1.691406e-02 -5.000000e-02
      vertex 8.852566e-01 1.629730e-02 5.000000e-02
      vertex 8.802030e-01 1.691406e-02 5.000000e-02
    endloop
  endfacet
  facet normal -1.218385e-01 -9.925499e-01 0.000000e+00
    outer loop
      vertex 8.852566e-01 1.629730e-02 -5.000000e-02
      vertex 8.902152e-01 1.568862e-02 -5.000000e-02
      vertex 8.902152e-01 1.568862e-02 5.000000e-02
    endloop
  endfacet
  facet normal -1.218385e-01 -9.925499e-01 0.000000e+00
    outer loop
      vertex 8.852566e-01 1.629730e-02 -5.000000e-02
      vertex 8.902152e-01 1.568862e-02 5.000000e-02
      vertex 8.852566e-01 1.629730e-02 5.000000e-02
    endloop
  endfacet
  facet normal -1.225249e-01 -9.924654e-01 0.000000e+00
    outer loop
      vertex 8.902152e-01 1.568862e-02 -5.000000e-02
      vertex 8.950775e-01 1.508835e-02 -5.000000e-02
      vertex 8.950775e-01 1.508835e-02 5.000000e-02
    endloop
  endfacet
  facet normal -1.225249e-01 -9.924654e-01 0.000000e+00
    outer loop
      vertex 8.902152e-01 1.568862e-02 -5.000000e-02
      vertex 8.950775e-01 1.508835e-02 5.000000e-02
      vertex 8.902152e-01 1.568862e-02 5.000000e-02
    endloop
  endfacet
  facet normal -1.232020e-01 -9.923816e-01 0.000000e+00
    outer loop
      vertex 8.950775e-01 1.508835e-02 -5.000000e-02
      vertex 8.998423e-01 1.449680e-02 -5.000000e-02
      vertex 8.998423e-01 1.449680e-02 5.000000e-02
    endloop
  endfacet
  facet normal -1.232020e-01 -9.923816e-01 0.000000e+00
    outer loop
      vertex 8.950775e-01 1.508835e-02 -5.000000e-02
      vertex 8.998423e-01 1.449680e-02 5.000000e-02
      vertex 8.950775e-01 1.508835e-02 5.000000e-02
    endloop
  endfacet
  facet normal -1.238695e-01 -9.922985e-01 0.000000e+00
    outer loop
      vertex 8.998423e-01 1.449680e-02 -5.000000e-02
      vertex 9.045085e-01 1.391432e-02 -5.000000e-02
      vertex 9.045085e-01 1.391432e-02 5.000000e-02
    endloop
  endfacet
  facet normal -1.238695e-01 -9.922985e-01 0.000000e+00
    outer loop
      vertex 8.998423e-01 1.449680e-02 -5.000000e-02
      vertex 9.045085e-01 1.391432e-02 5.000000e-02
      vertex 8.998423e-01 1.449680e-02 5.000000e-02
    endloop
  endfacet
  facet normal -1.245272e-01 -9.922162e-01 0.000000e+00
    outer loop
      vertex 9.045085e-01 1.391432e-02 -5.000000e-02
      vertex 9.090749e-01 1.334122e-02 -5.000000e-02
      vertex 9.090749e-01 1.334122e-02 5.000000e-02
    endloop
  endfacet
  facet normal -1.245272e-01 -9.922162e-01 0.000000e+00
    outer loop
      vertex 9.045085e-01 1.391432e-02 -5.000000e-02
      vertex 9.090749e-01 1.334122e-02 5.000000e-02
      vertex 9.045085e-01 1.391432e-02 5.000000e-02
    endloop
  endfacet
  facet normal -1.251748e-01 -9.921347e-01 0.000000e+00
    outer loop
      vertex 9.090749e-01 1.334122e-02 -5.000000e-02
      vertex 9.135403e-01 1.277783e-02 -5.000000e-02
      vertex 9.135403e-01 1.277783e-02 5.000000e-02
    endloop
  endfacet
  facet normal -1.251748e-01 -9.921347e-01 0.000000e+00
    outer loop
      vertex 9.090749e-01 1.334122e-02 -5.000000e-02
      vertex 9.135403e-01 1.277783e-02 5.000000e-02
      vertex 9.090749e-01 1.334122e-02 5.000000e-02
    endloop
  endfacet
  facet normal -1.258120e-01 -9.920541e-01 0.000000e+00
    outer loop
      vertex 9.135403e-01 1.277783e-02 -5.000000e-02
      vertex 9.179037e-01 1.222447e-02 -5.000000e-02
      vertex 9.179037e-01 1.222447e-02 5.000000e-02
    endloop
  endfacet
  facet normal -1.258120e-01 -9.920541e-01 0.000000e+00
    outer loop
      vertex 9.135403e-01 1.277783e-02 -5.000000e-02
      vertex 9.179037e-01 1.222447e-02 5.000000e-02
      vertex 9.135403e-01 1.277783e-02 5.000000e-02
    endloop
  endfacet
  facet normal -1.264385e-01 -9.919745e-01 0.000000e+00
    outer loop
      vertex 9.179037e-01 1.222447e-02 -5.000000e-02
      vertex 9.221640e-01 1.168145e-02 -5.000000e-02
      vertex 9.221640e-01 1.168145e-02 5.000000e-02
    endloop
  endfacet
  facet normal -1.264385e-01 -9.919745e-01 0.000000e+00
    outer loop
      vertex 9.179037e-01 1.222447e-02 -5.000000e-02
      vertex 9.221640e-01 1.168145e-02 5.000000e-02
      vertex 9.179037e-01 1.222447e-02 5.000000e-02
    endloop
  endfacet
  facet normal -1.270539e-01 -9.918958e-01 0.000000e+00
    outer loop
      vertex 9.221640e-01 1.168145e-02 -5.000000e-02
      vertex 9.263201e-01 1.114908e-02 -5.000000e-02
      vertex 9.263201e-01 1.114908e-02 5.000000e-02
    endloop
  endfacet
  facet normal -1.270539e-01 -9.918958e-01 0.000000e+00
    outer loop
      vertex 9.221640e-01 1.168145e-02 -5.000000e-02
      vertex 9.263201e-01 1.114908e-02 5.000000e-02
      vertex 9.221640e-01 1.168145e-02 5.000000e-02
    endloop
  endfacet
  facet normal -1.276580e-01 -9.918182e-01 0.000000e+00
    outer loop
      vertex 9.263201e-01 1.114908e-02 -5.000000e-02
      vertex 9.303710e-01 1.062768e-02 -5.000000e-02
      vertex 9.303710e-01 1.062768e-02 5.000000e-02
    endloop
  endfacet
  facet normal -1.276580e-01 -9.918182e-01 0.000000e+00
    outer loop
      vertex 9.263201e-01 1.114908e-02 -5.000000e-02
      vertex 9.303710e-01 1.062768e-02 5.000000e-02
      vertex 9.263201e-01 1.114908e-02 5.000000e-02
    endloop
  endfacet
  facet normal -1.282504e-01 -9.917418e-01 0.000000e+00
    outer loop
      vertex 9.303710e-01 1.062768e-02 -5.000000e-02
      vertex 9.343158e-01 1.011756e-02 -5.000000e-02
      vertex 9.343158e-01 1.011756e-02 5.000000e-02
    endloop
  endfacet
  facet normal -1.282504e-01 -9.917418e-01 0.000000e+00
    outer loop
      vertex 9.303710e-01 1.062768e-02 -5.000000e-02
      vertex 9.343158e-01 1.011756e-02 5.000000e-02
      vertex 9.303710e-01 1.062768e-02 5.000000e-02
    endloop
  endfacet
  facet normal -1.288308e-01 -9.916666e-01 0.000000e+00
    outer loop
      vertex 9.343158e-01 1.011756e-02 -5.000000e-02
      vertex 9.381533e-01 9.619002e-03 -5.000000e-02
      vertex 9.381533e-01 9.619002e-03 5.000000e-02
    endloop
  endfacet
  facet normal -1.288308e-01 -9.916666e-01 0.000000e+00
    outer loop
      vertex 9.343158e-01 1.011756e-02 -5.000000e-02
      vertex 9.381533e-01 9.619002e-03 5.000000e-02
      vertex 9.343158e-01 1.011756e-02 5.000000e-02
    endloop
  endfacet
  facet normal -1.293987e-01 -9.915926e-01 0.000000e+00
    outer loop
      vertex 9.381533e-01 9.619002e-03 -5.000000e-02
      vertex 9.418828e-01 9.132321e-03 -5.000000e-02
      vertex 9.418828e-01 9.132321e-03 5.000000e-02
    endloop
  endfacet
  facet normal -1.293987e-01 -9.915926e-01 0.000000e+00
    outer loop
      vertex 9.381533e-01 9.619002e-03 -5.000000e-02
      vertex 9.418828e-01 9.132321e-03 5.000000e-02
      vertex 9.381533e-01 9.619002e-03 5.000000e-02
    endloop
  endfacet
  facet normal -1.299539e-01 -9.915200e-01 0.000000e+00
    outer loop
      vertex 9.418828e-01 9.132321e-03 -5.000000e-02
      vertex 9.455033e-01 8.657806e-03 -5.000000e-02
      vertex 9.455033e-01 8.657806e-03 5.000000e-02
    endloop
  endfacet
  facet normal -1.299539e-01 -9.915200e-01 0.000000e+00
    outer loop
      vertex 9.418828e-01 9.132321e-03 -5.000000e-02
      vertex 9.455033e-01 8.657806e-03 5.000000e-02
      vertex 9.418828e-01 9.132321e-03 5.000000e-02
    endloop
  endfacet
  facet normal -1.304959e-01 -9.914488e-01 0.000000e+00
    outer loop
      vertex 9.455033e-01 8.657806e-03 -5.000000e-02
      vertex 9.490138e-01 8.195746e-03 -5.000000e-02
      vertex 9.490138e-01 8.195746e-03 5.000000e-02
    endloop
  endfacet
  facet normal -1.304959e-01 -9.914488e-01 0.000000e+00
    outer loop
      vertex 9.455033e-01 8.657806e-03 -5.000000e-02
      vertex 9.490138e-01 8.195746e-03 5.000000e-02
      vertex 9.455033e-01 8.657806e-03 5.000000e-02
    endloop
  endfacet
  facet normal -1.310244e-01 -9.913791e-01 0.000000e+00
    outer loop
      vertex 9.490138e-01 8.195746e-03 -5.000000e-02
      vertex 9.524135e-01 7.746423e-03 -5.000000e-02
      vertex 9.524135e-01 7.746423e-03 5.000000e-02
    endloop
  endfacet
  facet normal -1.310244e-01 -9.913791e-01 0.000000e+00
    outer loop
      vertex 9.490138e-01 8.195746e-03 -5.000000e-02
      vertex 9.524135e-01 7.746423e-03 5.000000e-02
      vertex 9.490138e-01 8.195746e-03 5.000000e-02
    endloop
  endfacet
  facet normal -1.315390e-01 -9.913110e-01 0.000000e+00
    outer loop
      vertex 9.524135e-01 7.746423e-03 -5.000000e-02
      vertex 9.557016e-01 7.310117e-03 -5.000000e-02
      vertex 9.557016e-01 7.310117e-03 5.000000e-02
    endloop
  endfacet
  facet normal -1.315390e-01 -9.913110e-01 0.000000e+00
    outer loop
      vertex 9.524135e-01 7.746423e-03 -5.000000e-02
      vertex 9.557016e-01 7.310117e-03 5.000000e-02
      vertex 9.524135e-01 7.746423e-03 5.000000e-02
    endloop
  endfacet
  facet normal -1.320393e-01 -9.912445e-01 0.000000e+00
    outer loop
      vertex 9.557016e-01 7.310117e-03 -5.000000e-02
      vertex 9.588773e-01 6.887100e-03 -5.000000e-02
      vertex 9.588773e-01 6.887100e-03 5.000000e-02
    endloop
  endfacet
  facet normal -1.320393e-01 -9.912445e-01 0.000000e+00
    outer loop
      vertex 9.557016e-01 7.310117e-03 -5.000000e-02
      vertex 9.588773e-01 6.887100e-03 5.000000e-02
      vertex 9.557016e-01 7.310117e-03 5.000000e-02
    endloop
  endfacet
  facet normal -1.325249e-01 -9.911797e-01 0.000000e+00
    outer loop
      vertex 9.588773e-01 6.887100e-03 -5.000000e-02
      vertex 9.619398e-01 6.477637e-03 -5.000000e-02
      vertex 9.619398e-01 6.477637e-03 5.000000e-02
    endloop
  endfacet
  facet normal -1.325249e-01 -9.911797e-01 0.000000e+00
    outer loop
      vertex 9.588773e-01 6.887100e-03 -5.000000e-02
      vertex 9.619398e-01 6.477637e-03 5.000000e-02
      vertex 9.588773e-01 6.887100e-03 5.000000e-02
    endloop
  endfacet
  facet normal -1.329955e-01 -9.911166e-01 0.000000e+00
    outer loop
      vertex 9.619398e-01 6.477637e-03 -5.000000e-02
      vertex 9.648882e-01 6.081988e-03 -5.000000e-02
      vertex 9.648882e-01 6.081988e-03 5.000000e-02
    endloop
  endfacet
  facet normal -1.329955e-01 -9.911166e-01 0.000000e+00
    outer loop
      vertex 9.619398e-01 6.477637e-03 -5.000000e-02
      vertex 9.648882e-01 6.081988e-03 5.000000e-02
      vertex 9.619398e-01 6.477637e-03 5.000000e-02
    endloop
  endfacet
  facet normal -1.334507e-01 -9.910555e-01 0.000000e+00
    outer loop
      vertex 9.648882e-01 6.081988e-03 -5.000000e-02
      vertex 9.677220e-01 5.700406e-03 -5.000000e-02
      vertex 9.677220e-01 5.700406e-03 5.000000e-02
    endloop
  endfacet
  facet normal -1.334507e-01 -9.910555e-01 0.000000e+00
    outer loop
      vertex 9.648882e-01 6.081988e-03 -5.000000e-02
      vertex 9.677220e-01 5.700406e-03 5.000000e-02
      vertex 9.648882e-01 6.081988e-03 5.000000e-02
    endloop
  endfacet
  facet normal -1.338901e-01 -9.909962e-01 0.000000e+00
    outer loop
      vertex 9.677220e-01 5.700406e-03 -5.000000e-02
      vertex 9.704404e-01 5.333136e-03 -5.000000e-02
      vertex 9.704404e-01 5.333136e-03 5.000000e-02
    endloop
  endfacet
  facet normal -1.338901e-01 -9.909962e-01 0.000000e+00
    outer loop
      vertex 9.677220e-01 5.700406e-03 -5.000000e-02
      vertex 9.704404e-01 5.333136e-03 5.000000e-02
      vertex 9.677220e-01 5.700406e-03 5.000000e-02
    endloop
  endfacet
  facet normal -1.343134e-01 -9.909389e-01 0.000000e+00
    outer loop
      vertex 9.704404e-01 5.333136e-03 -5.000000e-02
      vertex 9.730427e-01 4.980417e-03 -5.000000e-02
      vertex 9.730427e-01 4.980417e-03 5.000000e-02
    endloop
  endfacet
  facet normal -1.343134e-01 -9.909389e-01 0.000000e+00
    outer loop
      vertex 9.704404e-01 5.333136e-03 -5.000000e-02
      vertex 9.730427e-01 4.980417e-03 5.000000e-02
      vertex 9.704404e-01 5.333136e-03 5.000000e-02
    endloop
  endfacet
  facet normal -1.347202e-01 -9.908837e-01 0.000000e+00
    outer loop
      vertex 9.730427e-01 4.980417e-03 -5.000000e-02
      vertex 9.755283e-01 4.642479e-03 -5.000000e-02
      vertex 9.755283e-01 4.642479e-03 5.000000e-02
    endloop
  endfacet
  facet normal -1.347202e-01 -9.908837e-01 0.000000e+00
    outer loop
      vertex 9.730427e-01 4.980417e-03 -5.000000e-02
      vertex 9.755283e-01 4.642479e-03 5.000000e-02
      vertex 9.730427e-01 4.980417e-03 5.000000e-02
    endloop
  endfacet
  facet normal -1.351102e-01 -9.908306e-01 0.000000e+00
    outer loop
      vertex 9.755283e-01 4.642479e-03 -5.000000e-02
      vertex 9.778965e-01 4.319543e-03 -5.000000e-02
      vertex 9.778965e-01 4.319543e-03 5.000000e-02
    endloop
  endfacet
  facet normal -1.351102e-01 -9.908306e-01 0.000000e+00
    outer loop
      vertex 9.755283e-01 4.642479e-03 -5.000000e-02
      vertex 9.778965e-01 4.319543e-03 5.000000e-02
      vertex 9.755283e-01 4.642479e-03 5.000000e-02
    endloop
  endfacet
  facet normal -1.354829e-01 -9.907797e-01 0.000000e+00
    outer loop
      vertex 9.778965e-01 4.319543e-03 -5.000000e-02
      vertex 9.801468e-01 4.011824e-03 -5.000000e-02
      vertex 9.801468e-01 4.011824e-03 5.000000e-02
    endloop
  endfacet
  facet normal -1.354829e-01 -9.907797e-01 0.000000e+00
    outer loop
      vertex 9.778965e-01 4.319543e-03 -5.000000e-02
      vertex 9.801468e-01 4.011824e-03 5.000000e-02
      vertex 9.778965e-01 4.319543e-03 5.000000e-02
    endloop
  endfacet
  facet normal -1.358382e-01 -9.907310e-01 0.000000e+00
    outer loop
      vertex 9.801468e-01 4.011824e-03 -5.000000e-02
      vertex 9.822787e-01 3.719526e-03 -5.000000e-02
      vertex 9.822787e-01 3.719526e-03 5.000000e-02
    endloop
  endfacet
  facet normal -1.358382e-01 -9.907310e-01 0.000000e+00
    outer loop
      vertex 9.801468e-01 4.011824e-03 -5.000000e-02
      vertex 9.822787e-01 3.719526e-03 5.000000e-02
      vertex 9.801468e-01 4.011824e-03 5.000000e-02
    endloop
  endfacet
  facet normal -1.361756e-01 -9.906847e-01 0.000000e+00
    outer loop
      vertex 9.822787e-01 3.719526e-03 -5.000000e-02
      vertex 9.842916e-01 3.442844e-03 -5.000000e-02
      vertex 9.842916e-01 3.442844e-03 5.000000e-02
    endloop
  endfacet
  facet normal -1.361756e-01 -9.906847e-01 0.000000e+00
    outer loop
      vertex 9.822787e-01 3.719526e-03 -5.000000e-02
      vertex 9.842916e-01 3.442844e-03 5.000000e-02
      vertex 9.822787e-01 3.719526e-03 5.000000e-02
    endloop
  endfacet
  facet normal -1.364949e-01 -9.906408e-01 0.000000e+00
    outer loop
      vertex 9.842916e-01 3.442844e-03 -5.000000e-02
      vertex 9.861850e-01 3.181966e-03 -5.000000e-02
      vertex 9.861850e-01 3.181966e-03 5.000000e-02
    endloop
  endfacet
  facet normal -1.364949e-01 -9.906408e-01 0.000000e+00
    outer loop
      vertex 9.842916e-01 3.442844e-03 -5.000000e-02
      vertex 9.861850e-01 3.181966e-03 5.000000e-02
      vertex 9.842916e-01 3.442844e-03 5.000000e-02
    endloop
  endfacet
  facet normal -1.367957e-01 -9.905993e-01 0.000000e+00
    outer loop
      vertex 9.861850e-01 3.181966e-03 -5.000000e-02
      vertex 9.879584e-01 2.937067e-03 -5.000000e-02
      vertex 9.879584e-01 2.937067e-03 5.000000e-02
    endloop
  endfacet
  facet normal -1.367957e-01 -9.905993e-01 0.000000e+00
    outer loop
      vertex 9.861850e-01 3.181966e-03 -5.000000e-02
      vertex 9.879584e-01 2.937067e-03 5.000000e-02
      vertex 9.861850e-01 3.181966e-03 5.000000e-02
    endloop
  endfacet
  facet normal -1.370778e-01 -9.905603e-01 0.000000e+00
    outer loop
      vertex 9.879584e-01 2.937067e-03 -5.000000e-02
      vertex 9.896114e-01 2.708315e-03 -5.000000e-02
      vertex 9.896114e-01 2.708315e-03 5.000000e-02
    endloop
  endfacet
  facet normal -1.370778e-01 -9.905603e-01 0.000000e+00
    outer loop
      vertex 9.879584e-01 2.937067e-03 -5.000000e-02
      vertex 9.896114e-01 2.708315e-03 5.000000e-02
      vertex 9.879584e-01 2.937067e-03 5.000000e-02
    endloop
  endfacet
  facet normal -2.271675e-01 -9.738557e-01 0.000000e+00
    outer loop
      vertex 9.896114e-01 2.708315e-03 -5.000000e-02
      vertex 9.911436e-01 2.350900e-03 -5.000000e-02
      vertex 9.911436e-01 2.350900e-03 5.000000e-02
    endloop
  endfacet
  facet normal -2.271675e-01 -9.738557e-01 0.000000e+00
    outer loop
      vertex 9.896114e-01 2.708315e-03 -5.000000e-02
      vertex 9.911436e-01 2.350900e-03 5.000000e-02
      vertex 9.896114e-01 2.708315e-03 5.000000e-02
    endloop
  endfacet
  facet normal -2.565621e-01 -9.665277e-01 0.000000e+00
    outer loop
      vertex 9.911436e-01 2.350900e-03 -5.000000e-02
      vertex 9.925547e-01 1.976344e-03 -5.000000e-02
      vertex 9.925547e-01 1.976344e-03 5.000000e-02
    endloop
  endfacet
  facet normal -2.565621e-01 -9.665277e-01 0.000000e+00
    outer loop
      vertex 9.911436e-01 2.350900e-03 -5.000000e-02
      vertex 9.925547e-01 1.976344e-03 5.000000e-02
      vertex 9.911436e-01 2.350900e-03 5.000000e-02
    endloop
  endfacet
  facet normal -2.565621e-01 -9.665277e-01 0.000000e+00
    outer loop
      vertex 9.925547e-01 1.976344e-03 -5.000000e-02
      vertex 9.938442e-01 1.634048e-03 -5.000000e-02
      vertex 9.938442e-01 1.634048e-03 5.000000e-02
    endloop
  endfacet
  facet normal -2.565621e-01 -9.665277e-01 0.000000e+00
    outer loop
      vertex 9.925547e-01 1.976344e-03 -5.000000e-02
      vertex 9.938442e-01 1.634048e-03 5.000000e-02
      vertex 9.925547e-01 1.976344e-03 5.000000e-02
    endloop
  endfacet
  facet normal -2.565621e-01 -9.665277e-01 0.000000e+00
    outer loop
      vertex 9.938442e-01 1.634048e-03 -5.000000e-02
      vertex 9.950118e-01 1.324096e-03 -5.000000e-02
      vertex 9.950118e-01 1.324096e-03 5.000000e-02
    endloop
  endfacet
  facet normal -2.565621e-01 -9.665277e-01 0.000000e+00
    outer loop
      vertex 9.938442e-01 1.634048e-03 -5.000000e-02
      vertex 9.950118e-01 1.324096e-03 5.000000e-02
      vertex 9.938442e-01 1.634048e-03 5.000000e-02
    endloop
  endfacet
  facet normal -2.565621e-01 -9.665277e-01 0.000000e+00
    outer loop
      vertex 9.950118e-01 1.324096e-03 -5.000000e-02
      vertex 9.960574e-01 1.046565e-03 -5.000000e-02
      vertex 9.960574e-01 1.046565e-03 5.000000e-02
    endloop
  endfacet
  facet normal -2.565621e-01 -9.665277e-01 0.000000e+00
    outer loop
      vertex 9.950118e-01 1.324096e-03 -5.000000e-02
      vertex 9.960574e-01 1.046565e-03 5.000000e-02
      vertex 9.950118e-01 1.324096e-03 5.000000e-02
    endloop
  endfacet
  facet normal -2.565621e-01 -9.665277e-01 0.000000e+00
    outer loop
      vertex 9.960574e-01 1.046565e-03 -5.000000e-02
      vertex 9.969805e-01 8.015239e-04 -5.000000e-02
      vertex 9.969805e-01 8.015239e-04 5.000000e-02
    endloop
  endfacet
  facet normal -2.565621e-01 -9.665277e-01 0.000000e+00
    outer loop
      vertex 9.960574e-01 1.046565e-03 -5.000000e-02
      vertex 9.969805e-01 8.015239e-04 5.000000e-02
      vertex 9.960574e-01 1.046565e-03 5.000000e-02
    endloop
  endfacet
  facet normal -2.565621e-01 -9.665277e-01 0.000000e+00
    outer loop
      vertex 9.969805e-01 8.015239e-04 -5.000000e-02
      vertex 9.977810e-01 5.890321e-04 -5.000000e-02
      vertex 9.977810e-01 5.890321e-04 5.000000e-02
    endloop
  endfacet
  facet normal -2.565621e-01 -9.665277e-01 0.000000e+00
    outer loop
      vertex 9.969805e-01 8.015239e-04 -5.000000e-02
      vertex 9.977810e-01 5.890321e-04 5.000000e-02
      vertex 9.969805e-01 8.015239e-04 5.000000e-02
    endloop
  endfacet
  facet normal -2.565621e-01 -9.665277e-01 0.000000e+00
    outer loop
      vertex 9.977810e-01 5.890321e-04 -5.000000e-02
      vertex 9.984587e-01 4.091426e-04 -5.000000e-02
      vertex 9.984587e-01 4.091426e-04 5.000000e-02
    endloop
  endfacet
  facet normal -2.565621e-01 -9.665277e-01 0.000000e+00
    outer loop
      vertex 9.977810e-01 5.890321e-04 -5.000000e-02
      vertex 9.984587e-01 4.091426e-04 5.000000e-02
      vertex 9.977810e-01 5.890321e-04 5.000000e-02
    endloop
  endfacet
  facet normal -2.565621e-01 -9.665277e-01 0.000000e+00
    outer loop
      vertex 9.984587e-01 4.091426e-04 -5.000000e-02
      vertex 9.990134e-01 2.618998e-04 -5.000000e-02
      vertex 9.990134e-01 2.618998e-04 5.000000e-02
    endloop
  endfacet
  facet normal -2.565621e-01 -9.665277e-01 0.000000e+00
    outer loop
      vertex 9.984587e-01 4.091426e-04 -5.000000e-02
      vertex 9.990134e-01 2.618998e-04 5.000000e-02
      vertex 9.984587e-01 4.091426e-04 5.000000e-02
    endloop
  endfacet
  facet normal -2.565621e-01 -9.665277e-01 0.000000e+00
    outer loop
      vertex 9.990134e-01 2.618998e-04 -5.000000e-02
      vertex 9.994449e-01 1.473398e-04 -5.000000e-02
      vertex 9.994449e-01 1.473398e-04 5.000000e-02
    endloop
  endfacet
  facet normal -2.565621e-01 -9.665277e-01 0.000000e+00
    outer loop
      vertex 9.990134e-01 2.618998e-04 -5.000000e-02
      vertex 9.994449e-01 1.473398e-04 5.000000e-02
      vertex 9.990134e-01 2.618998e-04 5.000000e-02
    endloop
  endfacet
  facet normal -2.565621e-01 -9.665277e-01 0.000000e+00
    outer loop
      vertex 9.994449e-01 1.473398e-04 -5.000000e-02
      vertex 9.997533e-01 6.549110e-05 -5.000000e-02
      vertex 9.997533e-01 6.549110e-05 5.000000e-02
    endloop
  endfacet
  facet normal -2.565621e-01 -9.665277e-01 0.000000e+00
    outer loop
      vertex 9.994449e-01 1.473398e-04 -5.000000e-02
      vertex 9.997533e-01 6.549110e-05 5.000000e-02
      vertex 9.994449e-01 1.473398e-04 5.000000e-02
    endloop
  endfacet
  facet normal -2.565621e-01 -9.665277e-01 0.000000e+00
    outer loop
      vertex 9.997533e-01 6.549110e-05 -5.000000e-02
      vertex 9.999383e-01 1.637378e-05 -5.000000e-02
      vertex 9.999383e-01 1.637378e-05 5.000000e-02
    endloop
  endfacet
  facet normal -2.565621e-01 -9.665277e-01 0.000000e+00
    outer loop
      vertex 9.997533e-01 6.549110e-05 -5.000000e-02
      vertex 9.999383e-01 1.637378e-05 5.000000e-02
      vertex 9.997533e-01 6.549110e-05 5.000000e-02
    endloop
  endfacet
  facet normal -2.565621e-01 -9.665277e-01 0.000000e+00
    outer loop
      vertex 9.999383e-01 1.637378e-05 -5.000000e-02
      vertex 1.000000e+00 0.000000e+00 -5.000000e-02
      vertex 1.000000e+00 0.000000e+00 5.000000e-02
    endloop
  endfacet
  facet normal -2.565621e-01 -9.665277e-01 0.000000e+00
    outer loop
      vertex 9.999383e-01 1.637378e-05 -5.000000e-02
      vertex 1.000000e+00 0.000000e+00 5.000000e-02
      vertex 9.999383e-01 1.637378e-05 5.000000e-02
    endloop
  endfacet
  facet normal 9.990230e-01 4.419261e-02 0.000000e+00
    outer loop
      vertex 0.000000e+00 -0.000000e+00 -5.000000e-02
      vertex 6.168376e-05 -1.394430e-03 5.000000e-02
      vertex 6.168376e-05 -1.394430e-03 -5.000000e-02
    endloop
  endfacet
  facet normal 9.990230e-01 4.419261e-02 -0.000000e+00
    outer loop
      vertex 0.000000e+00 -0.000000e+00 -5.000000e-02
      vertex 0.000000e+00 -0.000000e+00 5.000000e-02
      vertex 6.168376e-05 -1.394430e-03 5.000000e-02
    endloop
  endfacet
  facet normal 9.911933e-01 1.324228e-01 0.000000e+00
    outer loop
      vertex 6.168376e-05 -1.394430e-03 -5.000000e-02
      vertex 2.467198e-04 -2.779437e-03 5.000000e-02
      vertex 2.467198e-04 -2.779437e-03 -5.000000e-02
    endloop
  endfacet
  facet normal 9.911933e-01 1.324228e-01 -0.000000e+00
    outer loop
      vertex 6.168376e-05 -1.394430e-03 -5.000000e-02
      vertex 6.168376e-05 -1.394430e-03 5.000000e-02
      vertex 2.467198e-04 -2.779437e-03 5.000000e-02
    endloop
  endfacet
  facet normal 9.757824e-01 2.187434e-01 0.000000e+00
    outer loop
      vertex 2.467198e-04 -2.779437e-03 -5.000000e-02
      vertex 5.550625e-04 -4.154909e-03 5.000000e-02
      vertex 5.550625e-04 -4.154909e-03 -5.000000e-02
    endloop
  endfacet
  facet normal 9.757824e-01 2.187434e-01 -0.000000e+00
    outer loop
      vertex 2.467198e-04 -2.779437e-03 -5.000000e-02
      vertex 2.467198e-04 -2.779437e-03 5.000000e-02
      vertex 5.550625e-04 -4.154909e-03 5.000000e-02
    endloop
  endfacet
  facet normal 9.535295e-01 3.012997e-01 0.000000e+00
    outer loop
      vertex 5.550625e-04 -4.154909e-03 -5.000000e-02
      vertex 9.866358e-04 -5.520718e-03 5.000000e-02
      vertex 9.866358e-04 -5.520718e-03 -5.000000e-02
    endloop
  endfacet
  facet normal 9.535295e-01 3.012997e-01 -0.000000e+00
    outer loop
      vertex 5.550625e-04 -4.154909e-03 -5.000000e-02
      vertex 5.550625e-04 -4.154909e-03 5.000000e-02
      vertex 9.866358e-04 -5.520718e-03 5.000000e-02
    endloop
  endfacet
  facet normal 9.255542e-01 3.786152e-01 0.000000e+00
    outer loop
      vertex 9.866358e-04 -5.520718e-03 -5.000000e-02
      vertex 1.541333e-03 -6.876718e-03 5.000000e-02
      vertex 1.541333e-03 -6.876718e-03 -5.000000e-02
    endloop
  endfacet
  facet normal 9.255542e-01 3.786152e-01 -0.000000e+00
    outer loop
      vertex 9.866358e-04 -5.520718e-03 -5.000000e-02
      vertex 9.866358e-04 -5.520718e-03 5.000000e-02
      vertex 1.541333e-03 -6.876718e-03 5.000000e-02
    endloop
  endfacet
  facet normal 8.931844e-01 4.496907e-01 0.000000e+00
    outer loop
      vertex 1.541333e-03 -6.876718e-03 -5.000000e-02
      vertex 2.219018e-03 -8.222748e-03 5.000000e-02
      vertex 2.219018e-03 -8.222748e-03 -5.000000e-02
    endloop
  endfacet
  facet normal 8.931844e-01 4.496907e-01 -0.000000e+00
    outer loop
      vertex 1.541333e-03 -6.876718e-03 -5.000000e-02
      vertex 1.541333e-03 -6.876718e-03 5.000000e-02
      vertex 2.219018e-03 -8.222748e-03 5.000000e-02
    endloop
  endfacet
  facet normal 8.577830e-01 5.140119e-01 0.000000e+00
    outer loop
      vertex 2.219018e-03 -8.222748e-03 -5.000000e-02
      vertex 3.019522e-03 -9.558630e-03 5.000000e-02
      vertex 3.019522e-03 -9.558630e-03 -5.000000e-02
    endloop
  endfacet
  facet normal 8.577830e-01 5.140119e-01 -0.000000e+00
    outer loop
      vertex 2.219018e-03 -8.222748e-03 -5.000000e-02
      vertex 2.219018e-03 -8.222748e-03 5.000000e-02
      vertex 3.019522e-03 -9.558630e-03 5.000000e-02
    endloop
  endfacet
  facet normal 8.206112e-01 5.714868e-01 0.000000e+00
    outer loop
      vertex 3.019522e-03 -9.558630e-03 -5.000000e-02
      vertex 3.942649e-03 -1.088417e-02 5.000000e-02
      vertex 3.942649e-03 -1.088417e-02 -5.000000e-02
    endloop
  endfacet
  facet normal 8.206112e-01 5.714868e-01 -0.000000e+00
    outer loop
      vertex 3.019522e-03 -9.558630e-03 -5.000000e-02
      vertex 3.019522e-03 -9.558630e-03 5.000000e-02
      vertex 3.942649e-03 -1.088417e-02 5.000000e-02
    endloop
  endfacet
  facet normal 7.827434e-01 6.223445e-01 0.000000e+00
    outer loop
      vertex 3.942649e-03 -1.088417e-02 -5.000000e-02
      vertex 4.988171e-03 -1.219916e-02 5.000000e-02
      vertex 4.988171e-03 -1.219916e-02 -5.000000e-02
    endloop
  endfacet
  facet normal 7.827434e-01 6.223445e-01 -0.000000e+00
    outer loop
      vertex 3.942649e-03 -1.088417e-02 -5.000000e-02
      vertex 3.942649e-03 -1.088417e-02 5.000000e-02
      vertex 4.988171e-03 -1.219916e-02 5.000000e-02
    endloop
  endfacet
  facet normal 7.450331e-01 6.670275e-01 0.000000e+00
    outer loop
      vertex 4.988171e-03 -1.219916e-02 -5.000000e-02
      vertex 6.155830e-03 -1.350337e-02 5.000000e-02
      vertex 6.155830e-03 -1.350337e-02 -5.000000e-02
    endloop
  endfacet
  facet normal 7.450331e-01 6.670275e-01 -0.000000e+00
    outer loop
      vertex 4.988171e-03 -1.219916e-02 -5.000000e-02
      vertex 4.988171e-03 -1.219916e-02 5.000000e-02
      vertex 6.155830e-03 -1.350337e-02 5.000000e-02
    endloop
  endfacet
  facet normal 7.081154e-01 7.060968e-01 0.000000e+00
    outer loop
      vertex 6.155830e-03 -1.350337e-02 -5.000000e-02
      vertex 7.445337e-03 -1.479656e-02 5.000000e-02
      vertex 7.445337e-03 -1.479656e-02 -5.000000e-02
    endloop
  endfacet
  facet normal 7.081154e-01 7.060968e-01 -0.000000e+00
    outer loop
      vertex 6.155830e-03 -1.350337e-02 -5.000000e-02
      vertex 6.155830e-03 -1.350337e-02 5.000000e-02
      vertex 7.445337e-03 -1.479656e-02 5.000000e-02
    endloop
  endfacet
  facet normal 6.724318e-01 7.401591e-01 0.000000e+00
    outer loop
      vertex 7.445337e-03 -1.479656e-02 -5.000000e-02
      vertex 8.856375e-03 -1.607848e-02 5.000000e-02
      vertex 8.856375e-03 -1.607848e-02 -5.000000e-02
    endloop
  endfacet
  facet normal 6.724318e-01 7.401591e-01 -0.000000e+00
    outer loop
      vertex 7.445337e-03 -1.479656e-02 -5.000000e-02
      vertex 7.445337e-03 -1.479656e-02 5.000000e-02
      vertex 8.856375e-03 -1.607848e-02 5.000000e-02
    endloop
  endfacet
  facet normal 6.382650e-01 7.698167e-01 0.000000e+00
    outer loop
      vertex 8.856375e-03 -1.607848e-02 -5.000000e-02
      vertex 1.038859e-02 -1.734887e-02 5.000000e-02
      vertex 1.038859e-02 -1.734887e-02 -5.000000e-02
    endloop
  endfacet
  facet normal 6.382650e-01 7.698167e-01 -0.000000e+00
    outer loop
      vertex 8.856375e-03 -1.607848e-02 -5.000000e-02
      vertex 8.856375e-03 -1.607848e-02 5.000000e-02
      vertex 1.038859e-02 -1.734887e-02 5.000000e-02
    endloop
  endfacet
  facet normal 6.057740e-01 7.956368e-01 0.000000e+00
    outer loop
      vertex 1.038859e-02 -1.734887e-02 -5.000000e-02
      vertex 1.204162e-02 -1.860743e-02 5.000000e-02
      vertex 1.204162e-02 -1.860743e-02 -5.000000e-02
    endloop
  endfacet
  facet normal 6.057740e-01 7.956368e-01 -0.000000e+00
    outer loop
      vertex 1.038859e-02 -1.734887e-02 -5.000000e-02
      vertex 1.038859e-02 -1.734887e-02 5.000000e-02
      vertex 1.204162e-02 -1.860743e-02 5.000000e-02
    endloop
  endfacet
  facet normal 5.750261e-01 8.181350e-01 0.000000e+00
    outer loop
      vertex 1.204162e-02 -1.860743e-02 -5.000000e-02
      vertex 1.381504e-02 -1.985388e-02 5.000000e-02
      vertex 1.381504e-02 -1.985388e-02 -5.000000e-02
    endloop
  endfacet
  facet normal 5.750261e-01 8.181350e-01 -0.000000e+00
    outer loop
      vertex 1.204162e-02 -1.860743e-02 -5.000000e-02
      vertex 1.204162e-02 -1.860743e-02 5.000000e-02
      vertex 1.381504e-02 -1.985388e-02 5.000000e-02
    endloop
  endfacet
  facet normal 5.460242e-01 8.377694e-01 0.000000e+00
    outer loop
      vertex 1.381504e-02 -1.985388e-02 -5.000000e-02
      vertex 1.570842e-02 -2.108791e-02 5.000000e-02
      vertex 1.570842e-02 -2.108791e-02 -5.000000e-02
    endloop
  endfacet
  facet normal 5.460242e-01 8.377694e-01 -0.000000e+00
    outer loop
      vertex 1.381504e-02 -1.985388e-02 -5.000000e-02
      vertex 1.381504e-02 -1.985388e-02 5.000000e-02
      vertex 1.570842e-02 -2.108791e-02 5.000000e-02
    endloop
  endfacet
  facet normal 5.187267e-01 8.549401e-01 0.000000e+00
    outer loop
      vertex 1.570842e-02 -2.108791e-02 -5.000000e-02
      vertex 1.772129e-02 -2.230920e-02 5.000000e-02
      vertex 1.772129e-02 -2.230920e-02 -5.000000e-02
    endloop
  endfacet
  facet normal 5.187267e-01 8.549401e-01 -0.000000e+00
    outer loop
      vertex 1.570842e-02 -2.108791e-02 -5.000000e-02
      vertex 1.570842e-02 -2.108791e-02 5.000000e-02
      vertex 1.772129e-02 -2.230920e-02 5.000000e-02
    endloop
  endfacet
  facet normal 4.930641e-01 8.699930e-01 0.000000e+00
    outer loop
      vertex 1.772129e-02 -2.230920e-02 -5.000000e-02
      vertex 1.985316e-02 -2.351742e-02 5.000000e-02
      vertex 1.985316e-02 -2.351742e-02 -5.000000e-02
    endloop
  endfacet
  facet normal 4.930641e-01 8.699930e-01 -0.000000e+00
    outer loop
      vertex 1.772129e-02 -2.230920e-02 -5.000000e-02
      vertex 1.772129e-02 -2.230920e-02 5.000000e-02
      vertex 1.985316e-02 -2.351742e-02 5.000000e-02
    endloop
  endfacet
  facet normal 4.689501e-01 8.832247e-01 0.000000e+00
    outer loop
      vertex 1.985316e-02 -2.351742e-02 -5.000000e-02
      vertex 2.210349e-02 -2.471224e-02 5.000000e-02
      vertex 2.210349e-02 -2.471224e-02 -5.000000e-02
    endloop
  endfacet
  facet normal 4.689501e-01 8.832247e-01 -0.000000e+00
    outer loop
      vertex 1.985316e-02 -2.351742e-02 -5.000000e-02
      vertex 1.985316e-02 -2.351742e-02 5.000000e-02
      vertex 2.210349e-02 -2.471224e-02 5.000000e-02
    endloop
  endfacet
  facet normal 4.462899e-01 8.948884e-01 0.000000e+00
    outer loop
      vertex 2.210349e-02 -2.471224e-02 -5.000000e-02
      vertex 2.447174e-02 -2.589331e-02 5.000000e-02
      vertex 2.447174e-02 -2.589331e-02 -5.000000e-02
    endloop
  endfacet
  facet normal 4.462899e-01 8.948884e-01 -0.000000e+00
    outer loop
      vertex 2.210349e-02 -2.471224e-02 -5.000000e-02
      vertex 2.210349e-02 -2.471224e-02 5.000000e-02
      vertex 2.447174e-02 -2.589331e-02 5.000000e-02
    endloop
  endfacet
  facet normal 4.249858e-01 9.052000e-01 0.000000e+00
    outer loop
      vertex 2.447174e-02 -2.589331e-02 -5.000000e-02
      vertex 2.695732e-02 -2.706028e-02 5.000000e-02
      vertex 2.695732e-02 -2.706028e-02 -5.000000e-02
    endloop
  endfacet
  facet normal 4.249858e-01 9.052000e-01 -0.000000e+00
    outer loop
      vertex 2.447174e-02 -2.589331e-02 -5.000000e-02
      vertex 2.447174e-02 -2.589331e-02 5.000000e-02
      vertex 2.695732e-02 -2.706028e-02 5.000000e-02
    endloop
  endfacet
  facet normal 4.049408e-01 9.143429e-01 0.000000e+00
    outer loop
      vertex 2.695732e-02 -2.706028e-02 -5.000000e-02
      vertex 2.955962e-02 -2.821277e-02 5.000000e-02
      vertex 2.955962e-02 -2.821277e-02 -5.000000e-02
    endloop
  endfacet
  facet normal 4.049408e-01 9.143429e-01 -0.000000e+00
    outer loop
      vertex 2.695732e-02 -2.706028e-02 -5.000000e-02
      vertex 2.695732e-02 -2.706028e-02 5.000000e-02
      vertex 2.955962e-02 -2.821277e-02 5.000000e-02
    endloop
  endfacet
  facet normal 3.860614e-01 9.224731e-01 0.000000e+00
    outer loop
      vertex 2.955962e-02 -2.821277e-02 -5.000000e-02
      vertex 3.227798e-02 -2.935043e-02 5.000000e-02
      vertex 3.227798e-02 -2.935043e-02 -5.000000e-02
    endloop
  endfacet
  facet normal 3.860614e-01 9.224731e-01 -0.000000e+00
    outer loop
      vertex 2.955962e-02 -2.821277e-02 -5.000000e-02
      vertex 2.955962e-02 -2.821277e-02 5.000000e-02
      vertex 3.227798e-02 -2.935043e-02 5.000000e-02
    endloop
  endfacet
  facet normal 3.682587e-01 9.297234e-01 0.000000e+00
    outer loop
      vertex 3.227798e-02 -2.935043e-02 -5.000000e-02
      vertex 3.511176e-02 -3.047287e-02 5.000000e-02
      vertex 3.511176e-02 -3.047287e-02 -5.000000e-02
    endloop
  endfacet
  facet normal 3.682587e-01 9.297234e-01 -0.000000e+00
    outer loop
      vertex 3.227798e-02 -2.935043e-02 -5.000000e-02
      vertex 3.227798e-02 -2.935043e-02 5.000000e-02
      vertex 3.511176e-02 -3.047287e-02 5.000000e-02
    endloop
  endfacet
  facet normal 3.514493e-01 9.362069e-01 0.000000e+00
    outer loop
      vertex 3.511176e-02 -3.047287e-02 -5.000000e-02
      vertex 3.806023e-02 -3.157972e-02 5.000000e-02
      vertex 3.806023e-02 -3.157972e-02 -5.000000e-02
    endloop
  endfacet
  facet normal 3.514493e-01 9.362069e-01 -0.000000e+00
    outer loop
      vertex 3.511176e-02 -3.047287e-02 -5.000000e-02
      vertex 3.511176e-02 -3.047287e-02 5.000000e-02
      vertex 3.806023e-02 -3.157972e-02 5.000000e-02
    endloop
  endfacet
  facet normal 3.355557e-01 9.420204e-01 0.000000e+00
    outer loop
      vertex 3.806023e-02 -3.157972e-02 -5.000000e-02
      vertex 4.112269e-02 -3.267059e-02 5.000000e-02
      vertex 4.112269e-02 -3.267059e-02 -5.000000e-02
    endloop
  endfacet
  facet normal 3.355557e-01 9.420204e-01 -0.000000e+00
    outer loop
      vertex 3.806023e-02 -3.157972e-02 -5.000000e-02
      vertex 3.806023e-02 -3.157972e-02 5.000000e-02
      vertex 4.112269e-02 -3.267059e-02 5.000000e-02
    endloop
  endfacet
  facet normal 3.205063e-01 9.472464e-01 0.000000e+00
    outer loop
      vertex 4.112269e-02 -3.267059e-02 -5.000000e-02
      vertex 4.429836e-02 -3.374510e-02 5.000000e-02
      vertex 4.429836e-02 -3.374510e-02 -5.000000e-02
    endloop
  endfacet
  facet normal 3.205063e-01 9.472464e-01 -0.000000e+00
    outer loop
      vertex 4.112269e-02 -3.267059e-02 -5.000000e-02
      vertex 4.112269e-02 -3.267059e-02 5.000000e-02
      vertex 4.429836e-02 -3.374510e-02 5.000000e-02
    endloop
  endfacet
  facet normal 3.062353e-01 9.519558e-01 0.000000e+00
    outer loop
      vertex 4.429836e-02 -3.374510e-02 -5.000000e-02
      vertex 4.758647e-02 -3.480286e-02 5.000000e-02
      vertex 4.758647e-02 -3.480286e-02 -5.000000e-02
    endloop
  endfacet
  facet normal 3.062353e-01 9.519558e-01 -0.000000e+00
    outer loop
      vertex 4.429836e-02 -3.374510e-02 -5.000000e-02
      vertex 4.429836e-02 -3.374510e-02 5.000000e-02
      vertex 4.758647e-02 -3.480286e-02 5.000000e-02
    endloop
  endfacet
  facet normal 2.926823e-01 9.562097e-01 0.000000e+00
    outer loop
      vertex 4.758647e-02 -3.480286e-02 -5.000000e-02
      vertex 5.098621e-02 -3.584347e-02 5.000000e-02
      vertex 5.098621e-02 -3.584347e-02 -5.000000e-02
    endloop
  endfacet
  facet normal 2.926823e-01 9.562097e-01 -0.000000e+00
    outer loop
      vertex 4.758647e-02 -3.480286e-02 -5.000000e-02
      vertex 4.758647e-02 -3.480286e-02 5.000000e-02
      vertex 5.098621e-02 -3.584347e-02 5.000000e-02
    endloop
  endfacet
  facet normal 2.797921e-01 9.600606e-01 0.000000e+00
    outer loop
      vertex 5.098621e-02 -3.584347e-02 -5.000000e-02
      vertex 5.449674e-02 -3.686655e-02 5.000000e-02
      vertex 5.449674e-02 -3.686655e-02 -5.000000e-02
    endloop
  endfacet
  facet normal 2.797921e-01 9.600606e-01 -0.000000e+00
    outer loop
      vertex 5.098621e-02 -3.584347e-02 -5.000000e-02
      vertex 5.098621e-02 -3.584347e-02 5.000000e-02
      vertex 5.449674e-02 -3.686655e-02 5.000000e-02
    endloop
  endfacet
  facet normal 2.675144e-01 9.635539e-01 0.000000e+00
    outer loop
      vertex 5.449674e-02 -3.686655e-02 -5.000000e-02
      vertex 5.811718e-02 -3.787170e-02 5.000000e-02
      vertex 5.811718e-02 -3.787170e-02 -5.000000e-02
    endloop
  endfacet
  facet normal 2.675144e-01 9.635539e-01 -0.000000e+00
    outer loop
      vertex 5.449674e-02 -3.686655e-02 -5.000000e-02
      vertex 5.449674e-02 -3.686655e-02 5.000000e-02
      vertex 5.811718e-02 -3.787170e-02 5.000000e-02
    endloop
  endfacet
  facet normal 2.558033e-01 9.667289e-01 0.000000e+00
    outer loop
      vertex 5.811718e-02 -3.787170e-02 -5.000000e-02
      vertex 6.184666e-02 -3.885855e-02 5.000000e-02
      vertex 6.184666e-02 -3.885855e-02 -5.000000e-02
    endloop
  endfacet
  facet normal 2.558033e-01 9.667289e-01 -0.000000e+00
    outer loop
      vertex 5.811718e-02 -3.787170e-02 -5.000000e-02
      vertex 5.811718e-02 -3.787170e-02 5.000000e-02
      vertex 6.184666e-02 -3.885855e-02 5.000000e-02
    endloop
  endfacet
  facet normal 2.446169e-01 9.696198e-01 0.000000e+00
    outer loop
      vertex 6.184666e-02 -3.885855e-02 -5.000000e-02
      vertex 6.568424e-02 -3.982670e-02 5.000000e-02
      vertex 6.568424e-02 -3.982670e-02 -5.000000e-02
    endloop
  endfacet
  facet normal 2.446169e-01 9.696198e-01 -0.000000e+00
    outer loop
      vertex 6.184666e-02 -3.885855e-02 -5.000000e-02
      vertex 6.184666e-02 -3.885855e-02 5.000000e-02
      vertex 6.568424e-02 -3.982670e-02 5.000000e-02
    endloop
  endfacet
  facet normal 2.339170e-01 9.722566e-01 0.000000e+00
    outer loop
      vertex 6.568424e-02 -3.982670e-02 -5.000000e-02
      vertex 6.962899e-02 -4.077577e-02 5.000000e-02
      vertex 6.962899e-02 -4.077577e-02 -5.000000e-02
    endloop
  endfacet
  facet normal 2.339170e-01 9.722566e-01 -0.000000e+00
    outer loop
      vertex 6.568424e-02 -3.982670e-02 -5.000000e-02
      vertex 6.568424e-02 -3.982670e-02 5.000000e-02
      vertex 6.962899e-02 -4.077577e-02 5.000000e-02
    endloop
  endfacet
  facet normal 2.236691e-01 9.746651e-01 0.000000e+00
    outer loop
      vertex 6.962899e-02 -4.077577e-02 -5.000000e-02
      vertex 7.367992e-02 -4.170539e-02 5.000000e-02
      vertex 7.367992e-02 -4.170539e-02 -5.000000e-02
    endloop
  endfacet
  facet normal 2.236691e-01 9.746651e-01 -0.000000e+00
    outer loop
      vertex 6.962899e-02 -4.077577e-02 -5.000000e-02
      vertex 6.962899e-02 -4.077577e-02 5.000000e-02
      vertex 7.367992e-02 -4.170539e-02 5.000000e-02
    endloop
  endfacet
  facet normal 2.138413e-01 9.768684e-01 0.000000e+00
    outer loop
      vertex 7.367992e-02 -4.170539e-02 -5.000000e-02
      vertex 7.783604e-02 -4.261519e-02 5.000000e-02
      vertex 7.783604e-02 -4.261519e-02 -5.000000e-02
    endloop
  endfacet
  facet normal 2.138413e-01 9.768684e-01 -0.000000e+00
    outer loop
      vertex 7.367992e-02 -4.170539e-02 -5.000000e-02
      vertex 7.367992e-02 -4.170539e-02 5.000000e-02
      vertex 7.783604e-02 -4.261519e-02 5.000000e-02
    endloop
  endfacet
  facet normal 2.044049e-01 9.788864e-01 0.000000e+00
    outer loop
      vertex 7.783604e-02 -4.261519e-02 -5.000000e-02
      vertex 8.209632e-02 -4.350479e-02 5.000000e-02
      vertex 8.209632e-02 -4.350479e-02 -5.000000e-02
    endloop
  endfacet
  facet normal 2.044049e-01 9.788864e-01 -0.000000e+00
    outer loop
      vertex 7.783604e-02 -4.261519e-02 -5.000000e-02
      vertex 7.783604e-02 -4.261519e-02 5.000000e-02
      vertex 8.209632e-02 -4.350479e-02 5.000000e-02
    endloop
  endfacet
  facet normal 1.953335e-01 9.807369e-01 0.000000e+00
    outer loop
      vertex 8.209632e-02 -4.350479e-02 -5.000000e-02
      vertex 8.645971e-02 -4.437385e-02 5.000000e-02
      vertex 8.645971e-02 -4.437385e-02 -5.000000e-02
    endloop
  endfacet
  facet normal 1.953335e-01 9.807369e-01 -0.000000e+00
    outer loop
      vertex 8.209632e-02 -4.350479e-02 -5.000000e-02
      vertex 8.209632e-02 -4.350479e-02 5.000000e-02
      vertex 8.645971e-02 -4.437385e-02 5.000000e-02
    endloop
  endfacet
  facet normal 1.866032e-01 9.824354e-01 0.000000e+00
    outer loop
      vertex 8.645971e-02 -4.437385e-02 -5.000000e-02
      vertex 9.092514e-02 -4.522201e-02 5.000000e-02
      vertex 9.092514e-02 -4.522201e-02 -5.000000e-02
    endloop
  endfacet
  facet normal 1.866032e-01 9.824354e-01 -0.000000e+00
    outer loop
      vertex 8.645971e-02 -4.437385e-02 -5.000000e-02
      vertex 8.645971e-02 -4.437385e-02 5.000000e-02
      vertex 9.092514e-02 -4.522201e-02 5.000000e-02
    endloop
  endfacet
  facet normal 1.781921e-01 9.839957e-01 0.000000e+00
    outer loop
      vertex 9.092514e-02 -4.522201e-02 -5.000000e-02
      vertex 9.549150e-02 -4.604893e-02 5.000000e-02
      vertex 9.549150e-02 -4.604893e-02 -5.000000e-02
    endloop
  endfacet
  facet normal 1.781921e-01 9.839957e-01 -0.000000e+00
    outer loop
      vertex 9.092514e-02 -4.522201e-02 -5.000000e-02
      vertex 9.092514e-02 -4.522201e-02 5.000000e-02
      vertex 9.549150e-02 -4.604893e-02 5.000000e-02
    endloop
  endfacet
  facet normal 1.700800e-01 9.854303e-01 0.000000e+00
    outer loop
      vertex 9.549150e-02 -4.604893e-02 -5.000000e-02
      vertex 1.001577e-01 -4.685429e-02 5.000000e-02
      vertex 1.001577e-01 -4.685429e-02 -5.000000e-02
    endloop
  endfacet
  facet normal 1.700800e-01 9.854303e-01 -0.000000e+00
    outer loop
      vertex 9.549150e-02 -4.604893e-02 -5.000000e-02
      vertex 9.549150e-02 -4.604893e-02 5.000000e-02
      vertex 1.001577e-01 -4.685429e-02 5.000000e-02
    endloop
  endfacet
  facet normal 1.622488e-01 9.867499e-01 0.000000e+00
    outer loop
      vertex 1.001577e-01 -4.685429e-02 -5.000000e-02
      vertex 1.049225e-01 -4.763776e-02 5.000000e-02
      vertex 1.049225e-01 -4.763776e-02 -5.000000e-02
    endloop
  endfacet
  facet normal 1.622488e-01 9.867499e-01 -0.000000e+00
    outer loop
      vertex 1.001577e-01 -4.685429e-02 -5.000000e-02
      vertex 1.001577e-01 -4.685429e-02 5.000000e-02
      vertex 1.049225e-01 -4.763776e-02 5.000000e-02
    endloop
  endfacet
  facet normal 1.546816e-01 9.879644e-01 0.000000e+00
    outer loop
      vertex 1.049225e-01 -4.763776e-02 -5.000000e-02
      vertex 1.097848e-01 -4.839903e-02 5.000000e-02
      vertex 1.097848e-01 -4.839903e-02 -5.000000e-02
    endloop
  endfacet
  facet normal 1.546816e-01 9.879644e-01 -0.000000e+00
    outer loop
      vertex 1.049225e-01 -4.763776e-02 -5.000000e-02
      vertex 1.049225e-01 -4.763776e-02 5.000000e-02
      vertex 1.097848e-01 -4.839903e-02 5.000000e-02
    endloop
  endfacet
  facet normal 1.473632e-01 9.890824e-01 0.000000e+00
    outer loop
      vertex 1.097848e-01 -4.839903e-02 -5.000000e-02
      vertex 1.147434e-01 -4.913781e-02 5.000000e-02
      vertex 1.147434e-01 -4.913781e-02 -5.000000e-02
    endloop
  endfacet
  facet normal 1.473632e-01 9.890824e-01 -0.000000e+00
    outer loop
      vertex 1.097848e-01 -4.839903e-02 -5.000000e-02
      vertex 1.097848e-01 -4.839903e-02 5.000000e-02
      vertex 1.147434e-01 -4.913781e-02 5.000000e-02
    endloop
  endfacet
  facet normal 1.402795e-01 9.901119e-01 0.000000e+00
    outer loop
      vertex 1.147434e-01 -4.913781e-02 -5.000000e-02
      vertex 1.197970e-01 -4.985381e-02 5.000000e-02
      vertex 1.197970e-01 -4.985381e-02 -5.000000e-02
    endloop
  endfacet
  facet normal 1.402795e-01 9.901119e-01 -0.000000e+00
    outer loop
      vertex 1.147434e-01 -4.913781e-02 -5.000000e-02
      vertex 1.147434e-01 -4.913781e-02 5.000000e-02
      vertex 1.197970e-01 -4.985381e-02 5.000000e-02
    endloop
  endfacet
  facet normal 1.334176e-01 9.910599e-01 0.000000e+00
    outer loop
      vertex 1.197970e-01 -4.985381e-02 -5.000000e-02
      vertex 1.249445e-01 -5.054676e-02 5.000000e-02
      vertex 1.249445e-01 -5.054676e-02 -5.000000e-02
    endloop
  endfacet
  facet normal 1.334176e-01 9.910599e-01 -0.000000e+00
    outer loop
      vertex 1.197970e-01 -4.985381e-02 -5.000000e-02
      vertex 1.197970e-01 -4.985381e-02 5.000000e-02
      vertex 1.249445e-01 -5.054676e-02 5.000000e-02
    endloop
  endfacet
  facet normal 1.267657e-01 9.919327e-01 0.000000e+00
    outer loop
      vertex 1.249445e-01 -5.054676e-02 -5.000000e-02
      vertex 1.301845e-01 -5.121642e-02 5.000000e-02
      vertex 1.301845e-01 -5.121642e-02 -5.000000e-02
    endloop
  endfacet
  facet normal 1.267657e-01 9.919327e-01 -0.000000e+00
    outer loop
      vertex 1.249445e-01 -5.054676e-02 -5.000000e-02
      vertex 1.249445e-01 -5.054676e-02 5.000000e-02
      vertex 1.301845e-01 -5.121642e-02 5.000000e-02
    endloop
  endfacet
  facet normal 1.203129e-01 9.927360e-01 0.000000e+00
    outer loop
      vertex 1.301845e-01 -5.121642e-02 -5.000000e-02
      vertex 1.355157e-01 -5.186253e-02 5.000000e-02
      vertex 1.355157e-01 -5.186253e-02 -5.000000e-02
    endloop
  endfacet
  facet normal 1.203129e-01 9.927360e-01 -0.000000e+00
    outer loop
      vertex 1.301845e-01 -5.121642e-02 -5.000000e-02
      vertex 1.301845e-01 -5.121642e-02 5.000000e-02
      vertex 1.355157e-01 -5.186253e-02 5.000000e-02
    endloop
  endfacet
  facet normal 1.140493e-01 9.934751e-01 0.000000e+00
    outer loop
      vertex 1.355157e-01 -5.186253e-02 -5.000000e-02
      vertex 1.409369e-01 -5.248487e-02 5.000000e-02
      vertex 1.409369e-01 -5.248487e-02 -5.000000e-02
    endloop
  endfacet
  facet normal 1.140493e-01 9.934751e-01 -0.000000e+00
    outer loop
      vertex 1.355157e-01 -5.186253e-02 -5.000000e-02
      vertex 1.355157e-01 -5.186253e-02 5.000000e-02
      vertex 1.409369e-01 -5.248487e-02 5.000000e-02
    endloop
  endfacet
  facet normal 1.079656e-01 9.941546e-01 0.000000e+00
    outer loop
      vertex 1.409369e-01 -5.248487e-02 -5.000000e-02
      vertex 1.464466e-01 -5.308323e-02 5.000000e-02
      vertex 1.464466e-01 -5.308323e-02 -5.000000e-02
    endloop
  endfacet
  facet normal 1.079656e-01 9.941546e-01 -0.000000e+00
    outer loop
      vertex 1.409369e-01 -5.248487e-02 -5.000000e-02
      vertex 1.409369e-01 -5.248487e-02 5.000000e-02
      vertex 1.464466e-01 -5.308323e-02 5.000000e-02
    endloop
  endfacet
  facet normal 1.020535e-01 9.947789e-01 0.000000e+00
    outer loop
      vertex 1.464466e-01 -5.308323e-02 -5.000000e-02
      vertex 1.520436e-01 -5.365742e-02 5.000000e-02
      vertex 1.520436e-01 -5.365742e-02 -5.000000e-02
    endloop
  endfacet
  facet normal 1.020535e-01 9.947789e-01 -0.000000e+00
    outer loop
      vertex 1.464466e-01 -5.308323e-02 -5.000000e-02
      vertex 1.464466e-01 -5.308323e-02 5.000000e-02
      vertex 1.520436e-01 -5.365742e-02 5.000000e-02
    endloop
  endfacet
  facet normal 9.630496e-02 9.953519e-01 0.000000e+00
    outer loop
      vertex 1.520436e-01 -5.365742e-02 -5.000000e-02
      vertex 1.577264e-01 -5.420726e-02 5.000000e-02
      vertex 1.577264e-01 -5.420726e-02 -5.000000e-02
    endloop
  endfacet
  facet normal 9.630496e-02 9.953519e-01 -0.000000e+00
    outer loop
      vertex 1.520436e-01 -5.365742e-02 -5.000000e-02
      vertex 1.520436e-01 -5.365742e-02 5.000000e-02
      vertex 1.577264e-01 -5.420726e-02 5.000000e-02
    endloop
  endfacet
  facet normal 9.071296e-02 9.958771e-01 0.000000e+00
    outer loop
      vertex 1.577264e-01 -5.420726e-02 -5.000000e-02
      vertex 1.634937e-01 -5.473260e-02 5.000000e-02
      vertex 1.634937e-01 -5.473260e-02 -5.000000e-02
    endloop
  endfacet
  facet normal 9.071296e-02 9.958771e-01 -0.000000e+00
    outer loop
      vertex 1.577264e-01 -5.420726e-02 -5.000000e-02
      vertex 1.577264e-01 -5.420726e-02 5.000000e-02
      vertex 1.634937e-01 -5.473260e-02 5.000000e-02
    endloop
  endfacet
  facet normal 8.527079e-02 9.963578e-01 0.000000e+00
    outer loop
      vertex 1.634937e-01 -5.473260e-02 -5.000000e-02
      vertex 1.693441e-01 -5.523328e-02 5.000000e-02
      vertex 1.693441e-01 -5.523328e-02 -5.000000e-02
    endloop
  endfacet
  facet normal 8.527079e-02 9.963578e-01 -0.000000e+00
    outer loop
      vertex 1.634937e-01 -5.473260e-02 -5.000000e-02
      vertex 1.634937e-01 -5.473260e-02 5.000000e-02
      vertex 1.693441e-01 -5.523328e-02 5.000000e-02
    endloop
  endfacet
  facet normal 7.997230e-02 9.967971e-01 0.000000e+00
    outer loop
      vertex 1.693441e-01 -5.523328e-02 -5.000000e-02
      vertex 1.752760e-01 -5.570919e-02 5.000000e-02
      vertex 1.752760e-01 -5.570919e-02 -5.000000e-02
    endloop
  endfacet
  facet normal 7.997230e-02 9.967971e-01 -0.000000e+00
    outer loop
      vertex 1.693441e-01 -5.523328e-02 -5.000000e-02
      vertex 1.693441e-01 -5.523328e-02 5.000000e-02
      vertex 1.752760e-01 -5.570919e-02 5.000000e-02
    endloop
  endfacet
  facet normal 7.481179e-02 9.971977e-01 0.000000e+00
    outer loop
      vertex 1.752760e-01 -5.570919e-02 -5.000000e-02
      vertex 1.812880e-01 -5.616023e-02 5.000000e-02
      vertex 1.812880e-01 -5.616023e-02 -5.000000e-02
    endloop
  endfacet
  facet normal 7.481179e-02 9.971977e-01 -0.000000e+00
    outer loop
      vertex 1.752760e-01 -5.570919e-02 -5.000000e-02
      vertex 1.752760e-01 -5.570919e-02 5.000000e-02
      vertex 1.812880e-01 -5.616023e-02 5.000000e-02
    endloop
  endfacet
  facet normal 6.978399e-02 9.975621e-01 0.000000e+00
    outer loop
      vertex 1.812880e-01 -5.616023e-02 -5.000000e-02
      vertex 1.873787e-01 -5.658630e-02 5.000000e-02
      vertex 1.873787e-01 -5.658630e-02 -5.000000e-02
    endloop
  endfacet
  facet normal 6.978399e-02 9.975621e-01 -0.000000e+00
    outer loop
      vertex 1.812880e-01 -5.616023e-02 -5.000000e-02
      vertex 1.812880e-01 -5.616023e-02 5.000000e-02
      vertex 1.873787e-01 -5.658630e-02 5.000000e-02
    endloop
  endfacet
  facet normal 6.488398e-02 9.978928e-01 0.000000e+00
    outer loop
      vertex 1.873787e-01 -5.658630e-02 -5.000000e-02
      vertex 1.935465e-01 -5.698734e-02 5.000000e-02
      vertex 1.935465e-01 -5.698734e-02 -5.000000e-02
    endloop
  endfacet
  facet normal 6.488398e-02 9.978928e-01 -0.000000e+00
    outer loop
      vertex 1.873787e-01 -5.658630e-02 -5.000000e-02
      vertex 1.873787e-01 -5.658630e-02 5.000000e-02
      vertex 1.935465e-01 -5.698734e-02 5.000000e-02
    endloop
  endfacet
  facet normal 6.010722e-02 9.981919e-01 0.000000e+00
    outer loop
      vertex 1.935465e-01 -5.698734e-02 -5.000000e-02
      vertex 1.997899e-01 -5.736329e-02 5.000000e-02
      vertex 1.997899e-01 -5.736329e-02 -5.000000e-02
    endloop
  endfacet
  facet normal 6.010722e-02 9.981919e-01 -0.000000e+00
    outer loop
      vertex 1.935465e-01 -5.698734e-02 -5.000000e-02
      vertex 1.935465e-01 -5.698734e-02 5.000000e-02
      vertex 1.997899e-01 -5.736329e-02 5.000000e-02
    endloop
  endfacet
  facet normal 5.544946e-02 9.984615e-01 0.000000e+00
    outer loop
      vertex 1.997899e-01 -5.736329e-02 -5.000000e-02
      vertex 2.061074e-01 -5.771413e-02 5.000000e-02
      vertex 2.061074e-01 -5.771413e-02 -5.000000e-02
    endloop
  endfacet
  facet normal 5.544946e-02 9.984615e-01 -0.000000e+00
    outer loop
      vertex 1.997899e-01 -5.736329e-02 -5.000000e-02
      vertex 1.997899e-01 -5.736329e-02 5.000000e-02
      vertex 2.061074e-01 -5.771413e-02 5.000000e-02
    endloop
  endfacet
  facet normal 5.090674e-02 9.987034e-01 0.000000e+00
    outer loop
      vertex 2.061074e-01 -5.771413e-02 -5.000000e-02
      vertex 2.124974e-01 -5.803985e-02 5.000000e-02
      vertex 2.124974e-01 -5.803985e-02 -5.000000e-02
    endloop
  endfacet
  facet normal 5.090674e-02 9.987034e-01 -0.000000e+00
    outer loop
      vertex 2.061074e-01 -5.771413e-02 -5.000000e-02
      vertex 2.061074e-01 -5.771413e-02 5.000000e-02
      vertex 2.124974e-01 -5.803985e-02 5.000000e-02
    endloop
  endfacet
  facet normal 4.647537e-02 9.989194e-01 0.000000e+00
    outer loop
      vertex 2.124974e-01 -5.803985e-02 -5.000000e-02
      vertex 2.189583e-01 -5.834045e-02 5.000000e-02
      vertex 2.189583e-01 -5.834045e-02 -5.000000e-02
    endloop
  endfacet
  facet normal 4.647537e-02 9.989194e-01 -0.000000e+00
    outer loop
      vertex 2.124974e-01 -5.803985e-02 -5.000000e-02
      vertex 2.124974e-01 -5.803985e-02 5.000000e-02
      vertex 2.189583e-01 -5.834045e-02 5.000000e-02
    endloop
  endfacet
  facet normal 4.215190e-02 9.991112e-01 0.000000e+00
    outer loop
      vertex 2.189583e-01 -5.834045e-02 -5.000000e-02
      vertex 2.254886e-01 -5.861595e-02 5.000000e-02
      vertex 2.254886e-01 -5.861595e-02 -5.000000e-02
    endloop
  endfacet
  facet normal 4.215190e-02 9.991112e-01 -0.000000e+00
    outer loop
      vertex 2.189583e-01 -5.834045e-02 -5.000000e-02
      vertex 2.189583e-01 -5.834045e-02 5.000000e-02
      vertex 2.254886e-01 -5.861595e-02 5.000000e-02
    endloop
  endfacet
  facet normal 3.793308e-02 9.992803e-01 0.000000e+00
    outer loop
      vertex 2.254886e-01 -5.861595e-02 -5.000000e-02
      vertex 2.320866e-01 -5.886642e-02 5.000000e-02
      vertex 2.320866e-01 -5.886642e-02 -5.000000e-02
    endloop
  endfacet
  facet normal 3.793308e-02 9.992803e-01 -0.000000e+00
    outer loop
      vertex 2.254886e-01 -5.861595e-02 -5.000000e-02
      vertex 2.254886e-01 -5.861595e-02 5.000000e-02
      vertex 2.320866e-01 -5.886642e-02 5.000000e-02
    endloop
  endfacet
  facet normal 3.381588e-02 9.994281e-01 0.000000e+00
    outer loop
      vertex 2.320866e-01 -5.886642e-02 -5.000000e-02
      vertex 2.387507e-01 -5.909190e-02 5.000000e-02
      vertex 2.387507e-01 -5.909190e-02 -5.000000e-02
    endloop
  endfacet
  facet normal 3.381588e-02 9.994281e-01 -0.000000e+00
    outer loop
      vertex 2.320866e-01 -5.886642e-02 -5.000000e-02
      vertex 2.320866e-01 -5.886642e-02 5.000000e-02
      vertex 2.387507e-01 -5.909190e-02 5.000000e-02
    endloop
  endfacet
  facet normal 2.979744e-02 9.995560e-01 0.000000e+00
    outer loop
      vertex 2.387507e-01 -5.909190e-02 -5.000000e-02
      vertex 2.454793e-01 -5.929248e-02 5.000000e-02
      vertex 2.454793e-01 -5.929248e-02 -5.000000e-02
    endloop
  endfacet
  facet normal 2.979744e-02 9.995560e-01 -0.000000e+00
    outer loop
      vertex 2.387507e-01 -5.909190e-02 -5.000000e-02
      vertex 2.387507e-01 -5.909190e-02 5.000000e-02
      vertex 2.454793e-01 -5.929248e-02 5.000000e-02
    endloop
  endfacet
  facet normal 2.587505e-02 9.996652e-01 0.000000e+00
    outer loop
      vertex 2.454793e-01 -5.929248e-02 -5.000000e-02
      vertex 2.522707e-01 -5.946827e-02 5.000000e-02
      vertex 2.522707e-01 -5.946827e-02 -5.000000e-02
    endloop
  endfacet
  facet normal 2.587505e-02 9.996652e-01 -0.000000e+00
    outer loop
      vertex 2.454793e-01 -5.929248e-02 -5.000000e-02
      vertex 2.454793e-01 -5.929248e-02 5.000000e-02
      vertex 2.522707e-01 -5.946827e-02 5.000000e-02
    endloop
  endfacet
  facet normal 2.204617e-02 9.997570e-01 0.000000e+00
    outer loop
      vertex 2.522707e-01 -5.946827e-02 -5.000000e-02
      vertex 2.591232e-01 -5.961938e-02 5.000000e-02
      vertex 2.591232e-01 -5.961938e-02 -5.000000e-02
    endloop
  endfacet
  facet normal 2.204617e-02 9.997570e-01 -0.000000e+00
    outer loop
      vertex 2.522707e-01 -5.946827e-02 -5.000000e-02
      vertex 2.522707e-01 -5.946827e-02 5.000000e-02
      vertex 2.591232e-01 -5.961938e-02 5.000000e-02
    endloop
  endfacet
  facet normal 1.830838e-02 9.998324e-01 0.000000e+00
    outer loop
      vertex 2.591232e-01 -5.961938e-02 -5.000000e-02
      vertex 2.660351e-01 -5.974594e-02 5.000000e-02
      vertex 2.660351e-01 -5.974594e-02 -5.000000e-02
    endloop
  endfacet
  facet normal 1.830838e-02 9.998324e-01 -0.000000e+00
    outer loop
      vertex 2.591232e-01 -5.961938e-02 -5.000000e-02
      vertex 2.591232e-01 -5.961938e-02 5.000000e-02
      vertex 2.660351e-01 -5.974594e-02 5.000000e-02
    endloop
  endfacet
  facet normal 1.465938e-02 9.998925e-01 0.000000e+00
    outer loop
      vertex 2.660351e-01 -5.974594e-02 -5.000000e-02
      vertex 2.730048e-01 -5.984813e-02 5.000000e-02
      vertex 2.730048e-01 -5.984813e-02 -5.000000e-02
    endloop
  endfacet
  facet normal 1.465938e-02 9.998925e-01 -0.000000e+00
    outer loop
      vertex 2.660351e-01 -5.974594e-02 -5.000000e-02
      vertex 2.660351e-01 -5.974594e-02 5.000000e-02
      vertex 2.730048e-01 -5.984813e-02 5.000000e-02
    endloop
  endfacet
  facet normal 1.109701e-02 9.999384e-01 0.000000e+00
    outer loop
      vertex 2.730048e-01 -5.984813e-02 -5.000000e-02
      vertex 2.800304e-01 -5.992609e-02 5.000000e-02
      vertex 2.800304e-01 -5.992609e-02 -5.000000e-02
    endloop
  endfacet
  facet normal 1.109701e-02 9.999384e-01 -0.000000e+00
    outer loop
      vertex 2.730048e-01 -5.984813e-02 -5.000000e-02
      vertex 2.730048e-01 -5.984813e-02 5.000000e-02
      vertex 2.800304e-01 -5.992609e-02 5.000000e-02
    endloop
  endfacet
  facet normal 7.619159e-03 9.999710e-01 0.000000e+00
    outer loop
      vertex 2.800304e-01 -5.992609e-02 -5.000000e-02
      vertex 2.871104e-01 -5.998004e-02 5.000000e-02
      vertex 2.871104e-01 -5.998004e-02 -5.000000e-02
    endloop
  endfacet
  facet normal 7.619159e-03 9.999710e-01 -0.000000e+00
    outer loop
      vertex 2.800304e-01 -5.992609e-02 -5.000000e-02
      vertex 2.800304e-01 -5.992609e-02 5.000000e-02
      vertex 2.871104e-01 -5.998004e-02 5.000000e-02
    endloop
  endfacet
  facet normal 4.223851e-03 9.999911e-01 0.000000e+00
    outer loop
      vertex 2.871104e-01 -5.998004e-02 -5.000000e-02
      vertex 2.942428e-01 -6.001017e-02 5.000000e-02
      vertex 2.942428e-01 -6.001017e-02 -5.000000e-02
    endloop
  endfacet
  facet normal 4.223851e-03 9.999911e-01 -0.000000e+00
    outer loop
      vertex 2.871104e-01 -5.998004e-02 -5.000000e-02
      vertex 2.871104e-01 -5.998004e-02 5.000000e-02
      vertex 2.942428e-01 -6.001017e-02 5.000000e-02
    endloop
  endfacet
  facet normal 9.091693e-04 9.999996e-01 0.000000e+00
    outer loop
      vertex 2.942428e-01 -6.001017e-02 -5.000000e-02
      vertex 3.014261e-01 -6.001670e-02 5.000000e-02
      vertex 3.014261e-01 -6.001670e-02 -5.000000e-02
    endloop
  endfacet
  facet normal 9.091693e-04 9.999996e-01 -0.000000e+00
    outer loop
      vertex 2.942428e-01 -6.001017e-02 -5.000000e-02
      vertex 2.942428e-01 -6.001017e-02 5.000000e-02
      vertex 3.014261e-01 -6.001670e-02 5.000000e-02
    endloop
  endfacet
  facet normal -2.326725e-03 9.999973e-01 0.000000e+00
    outer loop
      vertex 3.014261e-01 -6.001670e-02 -5.000000e-02
      vertex 3.086583e-01 -5.999987e-02 5.000000e-02
      vertex 3.086583e-01 -5.999987e-02 -5.000000e-02
    endloop
  endfacet
  facet normal -2.326725e-03 9.999973e-01 0.000000e+00
    outer loop
      vertex 3.014261e-01 -6.001670e-02 -5.000000e-02
      vertex 3.014261e-01 -6.001670e-02 5.000000e-02
      vertex 3.086583e-01 -5.999987e-02 5.000000e-02
    endloop
  endfacet
  facet normal -5.485604e-03 9.999850e-01 0.000000e+00
    outer loop
      vertex 3.086583e-01 -5.999987e-02 -5.000000e-02
      vertex 3.159377e-01 -5.995994e-02 5.000000e-02
      vertex 3.159377e-01 -5.995994e-02 -5.000000e-02
    endloop
  endfacet
  facet normal -5.485604e-03 9.999850e-01 0.000000e+00
    outer loop
      vertex 3.086583e-01 -5.999987e-02 -5.000000e-02
      vertex 3.086583e-01 -5.999987e-02 5.000000e-02
      vertex 3.159377e-01 -5.995994e-02 5.000000e-02
    endloop
  endfacet
  facet normal -8.569182e-03 9.999633e-01 0.000000e+00
    outer loop
      vertex 3.159377e-01 -5.995994e-02 -5.000000e-02
      vertex 3.232626e-01 -5.989717e-02 5.000000e-02
      vertex 3.232626e-01 -5.989717e-02 -5.000000e-02
    endloop
  endfacet
  facet normal -8.569182e-03 9.999633e-01 0.000000e+00
    outer loop
      vertex 3.159377e-01 -5.995994e-02 -5.000000e-02
      vertex 3.159377e-01 -5.995994e-02 5.000000e-02
      vertex 3.232626e-01 -5.989717e-02 5.000000e-02
    endloop
  endfacet
  facet normal -1.157912e-02 9.999330e-01 0.000000e+00
    outer loop
      vertex 3.232626e-01 -5.989717e-02 -5.000000e-02
      vertex 3.306310e-01 -5.981184e-02 5.000000e-02
      vertex 3.306310e-01 -5.981184e-02 -5.000000e-02
    endloop
  endfacet
  facet normal -1.157912e-02 9.999330e-01 0.000000e+00
    outer loop
      vertex 3.232626e-01 -5.989717e-02 -5.000000e-02
      vertex 3.232626e-01 -5.989717e-02 5.000000e-02
      vertex 3.306310e-01 -5.981184e-02 5.000000e-02
    endloop
  endfacet
  facet normal -1.451703e-02 9.998946e-01 0.000000e+00
    outer loop
      vertex 3.306310e-01 -5.981184e-02 -5.000000e-02
      vertex 3.380413e-01 -5.970425e-02 5.000000e-02
      vertex 3.380413e-01 -5.970425e-02 -5.000000e-02
    endloop
  endfacet
  facet normal -1.451703e-02 9.998946e-01 0.000000e+00
    outer loop
      vertex 3.306310e-01 -5.981184e-02 -5.000000e-02
      vertex 3.306310e-01 -5.981184e-02 5.000000e-02
      vertex 3.380413e-01 -5.970425e-02 5.000000e-02
    endloop
  endfacet
  facet normal -1.738449e-02 9.998489e-01 0.000000e+00
    outer loop
      vertex 3.380413e-01 -5.970425e-02 -5.000000e-02
      vertex 3.454915e-01 -5.957472e-02 5.000000e-02
      vertex 3.454915e-01 -5.957472e-02 -5.000000e-02
    endloop
  endfacet
  facet normal -1.738449e-02 9.998489e-01 0.000000e+00
    outer loop
      vertex 3.380413e-01 -5.970425e-02 -5.000000e-02
      vertex 3.380413e-01 -5.970425e-02 5.000000e-02
      vertex 3.454915e-01 -5.957472e-02 5.000000e-02
    endloop
  endfacet
  facet normal -2.018302e-02 9.997963e-01 0.000000e+00
    outer loop
      vertex 3.454915e-01 -5.957472e-02 -5.000000e-02
      vertex 3.529798e-01 -5.942355e-02 5.000000e-02
      vertex 3.529798e-01 -5.942355e-02 -5.000000e-02
    endloop
  endfacet
  facet normal -2.018302e-02 9.997963e-01 0.000000e+00
    outer loop
      vertex 3.454915e-01 -5.957472e-02 -5.000000e-02
      vertex 3.454915e-01 -5.957472e-02 5.000000e-02
      vertex 3.529798e-01 -5.942355e-02 5.000000e-02
    endloop
  endfacet
  facet normal -2.291413e-02 9.997374e-01 0.000000e+00
    outer loop
      vertex 3.529798e-01 -5.942355e-02 -5.000000e-02
      vertex 3.605044e-01 -5.925108e-02 5.000000e-02
      vertex 3.605044e-01 -5.925108e-02 -5.000000e-02
    endloop
  endfacet
  facet normal -2.291413e-02 9.997374e-01 0.000000e+00
    outer loop
      vertex 3.529798e-01 -5.942355e-02 -5.000000e-02
      vertex 3.529798e-01 -5.942355e-02 5.000000e-02
      vertex 3.605044e-01 -5.925108e-02 5.000000e-02
    endloop
  endfacet
  facet normal -2.557928e-02 9.996728e-01 0.000000e+00
    outer loop
      vertex 3.605044e-01 -5.925108e-02 -5.000000e-02
      vertex 3.680635e-01 -5.905767e-02 5.000000e-02
      vertex 3.680635e-01 -5.905767e-02 -5.000000e-02
    endloop
  endfacet
  facet normal -2.557928e-02 9.996728e-01 0.000000e+00
    outer loop
      vertex 3.605044e-01 -5.925108e-02 -5.000000e-02
      vertex 3.605044e-01 -5.925108e-02 5.000000e-02
      vertex 3.680635e-01 -5.905767e-02 5.000000e-02
    endloop
  endfacet
  facet normal -2.817993e-02 9.996029e-01 0.000000e+00
    outer loop
      vertex 3.680635e-01 -5.905767e-02 -5.000000e-02
      vertex 3.756551e-01 -5.884365e-02 5.000000e-02
      vertex 3.756551e-01 -5.884365e-02 -5.000000e-02
    endloop
  endfacet
  facet normal -2.817993e-02 9.996029e-01 0.000000e+00
    outer loop
      vertex 3.680635e-01 -5.905767e-02 -5.000000e-02
      vertex 3.680635e-01 -5.905767e-02 5.000000e-02
      vertex 3.756551e-01 -5.884365e-02 5.000000e-02
    endloop
  endfacet
  facet normal -3.071747e-02 9.995281e-01 0.000000e+00
    outer loop
      vertex 3.756551e-01 -5.884365e-02 -5.000000e-02
      vertex 3.832773e-01 -5.860940e-02 5.000000e-02
      vertex 3.832773e-01 -5.860940e-02 -5.000000e-02
    endloop
  endfacet
  facet normal -3.071747e-02 9.995281e-01 0.000000e+00
    outer loop
      vertex 3.756551e-01 -5.884365e-02 -5.000000e-02
      vertex 3.756551e-01 -5.884365e-02 5.000000e-02
      vertex 3.832773e-01 -5.860940e-02 5.000000e-02
    endloop
  endfacet
  facet normal -3.319333e-02 9.994489e-01 0.000000e+00
    outer loop
      vertex 3.832773e-01 -5.860940e-02 -5.000000e-02
      vertex 3.909284e-01 -5.835530e-02 5.000000e-02
      vertex 3.909284e-01 -5.835530e-02 -5.000000e-02
    endloop
  endfacet
  facet normal -3.319333e-02 9.994489e-01 0.000000e+00
    outer loop
      vertex 3.832773e-01 -5.860940e-02 -5.000000e-02
      vertex 3.832773e-01 -5.860940e-02 5.000000e-02
      vertex 3.909284e-01 -5.835530e-02 5.000000e-02
    endloop
  endfacet
  facet normal -3.560887e-02 9.993658e-01 0.000000e+00
    outer loop
      vertex 3.909284e-01 -5.835530e-02 -5.000000e-02
      vertex 3.986064e-01 -5.808172e-02 5.000000e-02
      vertex 3.986064e-01 -5.808172e-02 -5.000000e-02
    endloop
  endfacet
  facet normal -3.560887e-02 9.993658e-01 0.000000e+00
    outer loop
      vertex 3.909284e-01 -5.835530e-02 -5.000000e-02
      vertex 3.909284e-01 -5.835530e-02 5.000000e-02
      vertex 3.986064e-01 -5.808172e-02 5.000000e-02
    endloop
  endfacet
  facet normal -3.796545e-02 9.992791e-01 0.000000e+00
    outer loop
      vertex 3.986064e-01 -5.808172e-02 -5.000000e-02
      vertex 4.063093e-01 -5.778906e-02 5.000000e-02
      vertex 4.063093e-01 -5.778906e-02 -5.000000e-02
    endloop
  endfacet
  facet normal -3.796545e-02 9.992791e-01 0.000000e+00
    outer loop
      vertex 3.986064e-01 -5.808172e-02 -5.000000e-02
      vertex 3.986064e-01 -5.808172e-02 5.000000e-02
      vertex 4.063093e-01 -5.778906e-02 5.000000e-02
    endloop
  endfacet
  facet normal -4.026442e-02 9.991891e-01 0.000000e+00
    outer loop
      vertex 4.063093e-01 -5.778906e-02 -5.000000e-02
      vertex 4.140354e-01 -5.747772e-02 5.000000e-02
      vertex 4.140354e-01 -5.747772e-02 -5.000000e-02
    endloop
  endfacet
  facet normal -4.026442e-02 9.991891e-01 0.000000e+00
    outer loop
      vertex 4.063093e-01 -5.778906e-02 -5.000000e-02
      vertex 4.063093e-01 -5.778906e-02 5.000000e-02
      vertex 4.140354e-01 -5.747772e-02 5.000000e-02
    endloop
  endfacet
  facet normal -4.250712e-02 9.990962e-01 0.000000e+00
    outer loop
      vertex 4.140354e-01 -5.747772e-02 -5.000000e-02
      vertex 4.217828e-01 -5.714811e-02 5.000000e-02
      vertex 4.217828e-01 -5.714811e-02 -5.000000e-02
    endloop
  endfacet
  facet normal -4.250712e-02 9.990962e-01 0.000000e+00
    outer loop
      vertex 4.140354e-01 -5.747772e-02 -5.000000e-02
      vertex 4.140354e-01 -5.747772e-02 5.000000e-02
      vertex 4.217828e-01 -5.714811e-02 5.000000e-02
    endloop
  endfacet
  facet normal -4.469486e-02 9.990007e-01 0.000000e+00
    outer loop
      vertex 4.217828e-01 -5.714811e-02 -5.000000e-02
      vertex 4.295494e-01 -5.680063e-02 5.000000e-02
      vertex 4.295494e-01 -5.680063e-02 -5.000000e-02
    endloop
  endfacet
  facet normal -4.469486e-02 9.990007e-01 0.000000e+00
    outer loop
      vertex 4.217828e-01 -5.714811e-02 -5.000000e-02
      vertex 4.217828e-01 -5.714811e-02 5.000000e-02
      vertex 4.295494e-01 -5.680063e-02 5.000000e-02
    endloop
  endfacet
  facet normal -4.682896e-02 9.989029e-01 0.000000e+00
    outer loop
      vertex 4.295494e-01 -5.680063e-02 -5.000000e-02
      vertex 4.373334e-01 -5.643572e-02 5.000000e-02
      vertex 4.373334e-01 -5.643572e-02 -5.000000e-02
    endloop
  endfacet
  facet normal -4.682896e-02 9.989029e-01 0.000000e+00
    outer loop
      vertex 4.295494e-01 -5.680063e-02 -5.000000e-02
      vertex 4.295494e-01 -5.680063e-02 5.000000e-02
      vertex 4.373334e-01 -5.643572e-02 5.000000e-02
    endloop
  endfacet
  facet normal -4.891071e-02 9.988032e-01 0.000000e+00
    outer loop
      vertex 4.373334e-01 -5.643572e-02 -5.000000e-02
      vertex 4.451328e-01 -5.605378e-02 5.000000e-02
      vertex 4.451328e-01 -5.605378e-02 -5.000000e-02
    endloop
  endfacet
  facet normal -4.891071e-02 9.988032e-01 0.000000e+00
    outer loop
      vertex 4.373334e-01 -5.643572e-02 -5.000000e-02
      vertex 4.373334e-01 -5.643572e-02 5.000000e-02
      vertex 4.451328e-01 -5.605378e-02 5.000000e-02
    endloop
  endfacet
  facet normal -5.094140e-02 9.987016e-01 0.000000e+00
    outer loop
      vertex 4.451328e-01 -5.605378e-02 -5.000000e-02
      vertex 4.529458e-01 -5.565526e-02 5.000000e-02
      vertex 4.529458e-01 -5.565526e-02 -5.000000e-02
    endloop
  endfacet
  facet normal -5.094140e-02 9.987016e-01 0.000000e+00
    outer loop
      vertex 4.451328e-01 -5.605378e-02 -5.000000e-02
      vertex 4.451328e-01 -5.605378e-02 5.000000e-02
      vertex 4.529458e-01 -5.565526e-02 5.000000e-02
    endloop
  endfacet
  facet normal -5.292232e-02 9.985986e-01 0.000000e+00
    outer loop
      vertex 4.529458e-01 -5.565526e-02 -5.000000e-02
      vertex 4.607705e-01 -5.524058e-02 5.000000e-02
      vertex 4.607705e-01 -5.524058e-02 -5.000000e-02
    endloop
  endfacet
  facet normal -5.292232e-02 9.985986e-01 0.000000e+00
    outer loop
      vertex 4.529458e-01 -5.565526e-02 -5.000000e-02
      vertex 4.529458e-01 -5.565526e-02 5.000000e-02
      vertex 4.607705e-01 -5.524058e-02 5.000000e-02
    endloop
  endfacet
  facet normal -5.485473e-02 9.984943e-01 0.000000e+00
    outer loop
      vertex 4.607705e-01 -5.524058e-02 -5.000000e-02
      vertex 4.686047e-01 -5.481019e-02 5.000000e-02
      vertex 4.686047e-01 -5.481019e-02 -5.000000e-02
    endloop
  endfacet
  facet normal -5.485473e-02 9.984943e-01 0.000000e+00
    outer loop
      vertex 4.607705e-01 -5.524058e-02 -5.000000e-02
      vertex 4.607705e-01 -5.524058e-02 5.000000e-02
      vertex 4.686047e-01 -5.481019e-02 5.000000e-02
    endloop
  endfacet
  facet normal -5.673990e-02 9.983890e-01 0.000000e+00
    outer loop
      vertex 4.686047e-01 -5.481019e-02 -5.000000e-02
      vertex 4.764468e-01 -5.436451e-02 5.000000e-02
      vertex 4.764468e-01 -5.436451e-02 -5.000000e-02
    endloop
  endfacet
  facet normal -5.673990e-02 9.983890e-01 0.000000e+00
    outer loop
      vertex 4.686047e-01 -5.481019e-02 -5.000000e-02
      vertex 4.686047e-01 -5.481019e-02 5.000000e-02
      vertex 4.764468e-01 -5.436451e-02 5.000000e-02
    endloop
  endfacet
  facet normal -5.857908e-02 9.982828e-01 0.000000e+00
    outer loop
      vertex 4.764468e-01 -5.436451e-02 -5.000000e-02
      vertex 4.842946e-01 -5.390400e-02 5.000000e-02
      vertex 4.842946e-01 -5.390400e-02 -5.000000e-02
    endloop
  endfacet
  facet normal -5.857908e-02 9.982828e-01 0.000000e+00
    outer loop
      vertex 4.764468e-01 -5.436451e-02 -5.000000e-02
      vertex 4.764468e-01 -5.436451e-02 5.000000e-02
      vertex 4.842946e-01 -5.390400e-02 5.000000e-02
    endloop
  endfacet
  facet normal -6.037352e-02 9.981759e-01 0.000000e+00
    outer loop
      vertex 4.842946e-01 -5.390400e-02 -5.000000e-02
      vertex 4.921463e-01 -5.342910e-02 5.000000e-02
      vertex 4.921463e-01 -5.342910e-02 -5.000000e-02
    endloop
  endfacet
  facet normal -6.037352e-02 9.981759e-01 0.000000e+00
    outer loop
      vertex 4.842946e-01 -5.390400e-02 -5.000000e-02
      vertex 4.842946e-01 -5.390400e-02 5.000000e-02
      vertex 4.921463e-01 -5.342910e-02 5.000000e-02
    endloop
  endfacet
  facet normal -6.212444e-02 9.980684e-01 0.000000e+00
    outer loop
      vertex 4.921463e-01 -5.342910e-02 -5.000000e-02
      vertex 5.000000e-01 -5.294025e-02 5.000000e-02
      vertex 5.000000e-01 -5.294025e-02 -5.000000e-02
    endloop
  endfacet
  facet normal -6.212444e-02 9.980684e-01 0.000000e+00
    outer loop
      vertex 4.921463e-01 -5.342910e-02 -5.000000e-02
      vertex 4.921463e-01 -5.342910e-02 5.000000e-02
      vertex 5.000000e-01 -5.294025e-02 5.000000e-02
    endloop
  endfacet
  facet normal -6.383309e-02 9.979606e-01 0.000000e+00
    outer loop
      vertex 5.000000e-01 -5.294025e-02 -5.000000e-02
      vertex 5.078537e-01 -5.243790e-02 5.000000e-02
      vertex 5.078537e-01 -5.243790e-02 -5.000000e-02
    endloop
  endfacet
  facet normal -6.383309e-02 9.979606e-01 0.000000e+00
    outer loop
      vertex 5.000000e-01 -5.294025e-02 -5.000000e-02
      vertex 5.000000e-01 -5.294025e-02 5.000000e-02
      vertex 5.078537e-01 -5.243790e-02 5.000000e-02
    endloop
  endfacet
  facet normal -6.550067e-02 9.978525e-01 0.000000e+00
    outer loop
      vertex 5.078537e-01 -5.243790e-02 -5.000000e-02
      vertex 5.157054e-01 -5.192250e-02 5.000000e-02
      vertex 5.157054e-01 -5.192250e-02 -5.000000e-02
    endloop
  endfacet
  facet normal -6.550067e-02 9.978525e-01 0.000000e+00
    outer loop
      vertex 5.078537e-01 -5.243790e-02 -5.000000e-02
      vertex 5.078537e-01 -5.243790e-02 5.000000e-02
      vertex 5.157054e-01 -5.192250e-02 5.000000e-02
    endloop
  endfacet
  facet normal -6.712839e-02 9.977443e-01 0.000000e+00
    outer loop
      vertex 5.157054e-01 -5.192250e-02 -5.000000e-02
      vertex 5.235532e-01 -5.139450e-02 5.000000e-02
      vertex 5.235532e-01 -5.139450e-02 -5.000000e-02
    endloop
  endfacet
  facet normal -6.712839e-02 9.977443e-01 0.000000e+00
    outer loop
      vertex 5.157054e-01 -5.192250e-02 -5.000000e-02
      vertex 5.157054e-01 -5.192250e-02 5.000000e-02
      vertex 5.235532e-01 -5.139450e-02 5.000000e-02
    endloop
  endfacet
  facet normal -6.871745e-02 9.976362e-01 0.000000e+00
    outer loop
      vertex 5.235532e-01 -5.139450e-02 -5.000000e-02
      vertex 5.313953e-01 -5.085434e-02 5.000000e-02
      vertex 5.313953e-01 -5.085434e-02 -5.000000e-02
    endloop
  endfacet
  facet normal -6.871745e-02 9.976362e-01 0.000000e+00
    outer loop
      vertex 5.235532e-01 -5.139450e-02 -5.000000e-02
      vertex 5.235532e-01 -5.139450e-02 5.000000e-02
      vertex 5.313953e-01 -5.085434e-02 5.000000e-02
    endloop
  endfacet
  facet normal -7.026904e-02 9.975281e-01 0.000000e+00
    outer loop
      vertex 5.313953e-01 -5.085434e-02 -5.000000e-02
      vertex 5.392295e-01 -5.030247e-02 5.000000e-02
      vertex 5.392295e-01 -5.030247e-02 -5.000000e-02
    endloop
  endfacet
  facet normal -7.026904e-02 9.975281e-01 0.000000e+00
    outer loop
      vertex 5.313953e-01 -5.085434e-02 -5.000000e-02
      vertex 5.313953e-01 -5.085434e-02 5.000000e-02
      vertex 5.392295e-01 -5.030247e-02 5.000000e-02
    endloop
  endfacet
  facet normal -7.178433e-02 9.974202e-01 0.000000e+00
    outer loop
      vertex 5.392295e-01 -5.030247e-02 -5.000000e-02
      vertex 5.470542e-01 -4.973933e-02 5.000000e-02
      vertex 5.470542e-01 -4.973933e-02 -5.000000e-02
    endloop
  endfacet
  facet normal -7.178433e-02 9.974202e-01 0.000000e+00
    outer loop
      vertex 5.392295e-01 -5.030247e-02 -5.000000e-02
      vertex 5.392295e-01 -5.030247e-02 5.000000e-02
      vertex 5.470542e-01 -4.973933e-02 5.000000e-02
    endloop
  endfacet
  facet normal -7.326447e-02 9.973125e-01 0.000000e+00
    outer loop
      vertex 5.470542e-01 -4.973933e-02 -5.000000e-02
      vertex 5.548672e-01 -4.916537e-02 5.000000e-02
      vertex 5.548672e-01 -4.916537e-02 -5.000000e-02
    endloop
  endfacet
  facet normal -7.326447e-02 9.973125e-01 0.000000e+00
    outer loop
      vertex 5.470542e-01 -4.973933e-02 -5.000000e-02
      vertex 5.470542e-01 -4.973933e-02 5.000000e-02
      vertex 5.548672e-01 -4.916537e-02 5.000000e-02
    endloop
  endfacet
  facet normal -7.471063e-02 9.972053e-01 0.000000e+00
    outer loop
      vertex 5.548672e-01 -4.916537e-02 -5.000000e-02
      vertex 5.626666e-01 -4.858104e-02 5.000000e-02
      vertex 5.626666e-01 -4.858104e-02 -5.000000e-02
    endloop
  endfacet
  facet normal -7.471063e-02 9.972053e-01 0.000000e+00
    outer loop
      vertex 5.548672e-01 -4.916537e-02 -5.000000e-02
      vertex 5.548672e-01 -4.916537e-02 5.000000e-02
      vertex 5.626666e-01 -4.858104e-02 5.000000e-02
    endloop
  endfacet
  facet normal -7.612392e-02 9.970984e-01 0.000000e+00
    outer loop
      vertex 5.626666e-01 -4.858104e-02 -5.000000e-02
      vertex 5.704506e-01 -4.798676e-02 5.000000e-02
      vertex 5.704506e-01 -4.798676e-02 -5.000000e-02
    endloop
  endfacet
  facet normal -7.612392e-02 9.970984e-01 0.000000e+00
    outer loop
      vertex 5.626666e-01 -4.858104e-02 -5.000000e-02
      vertex 5.626666e-01 -4.858104e-02 5.000000e-02
      vertex 5.704506e-01 -4.798676e-02 5.000000e-02
    endloop
  endfacet
  facet normal -7.750547e-02 9.969919e-01 0.000000e+00
    outer loop
      vertex 5.704506e-01 -4.798676e-02 -5.000000e-02
      vertex 5.782172e-01 -4.738299e-02 5.000000e-02
      vertex 5.782172e-01 -4.738299e-02 -5.000000e-02
    endloop
  endfacet
  facet normal -7.750547e-02 9.969919e-01 0.000000e+00
    outer loop
      vertex 5.704506e-01 -4.798676e-02 -5.000000e-02
      vertex 5.704506e-01 -4.798676e-02 5.000000e-02
      vertex 5.782172e-01 -4.738299e-02 5.000000e-02
    endloop
  endfacet
  facet normal -7.885639e-02 9.968860e-01 0.000000e+00
    outer loop
      vertex 5.782172e-01 -4.738299e-02 -5.000000e-02
      vertex 5.859646e-01 -4.677016e-02 5.000000e-02
      vertex 5.859646e-01 -4.677016e-02 -5.000000e-02
    endloop
  endfacet
  facet normal -7.885639e-02 9.968860e-01 0.000000e+00
    outer loop
      vertex 5.782172e-01 -4.738299e-02 -5.000000e-02
      vertex 5.782172e-01 -4.738299e-02 5.000000e-02
      vertex 5.859646e-01 -4.677016e-02 5.000000e-02
    endloop
  endfacet
  facet normal -8.017775e-02 9.967806e-01 0.000000e+00
    outer loop
      vertex 5.859646e-01 -4.677016e-02 -5.000000e-02
      vertex 5.936907e-01 -4.614870e-02 5.000000e-02
      vertex 5.936907e-01 -4.614870e-02 -5.000000e-02
    endloop
  endfacet
  facet normal -8.017775e-02 9.967806e-01 0.000000e+00
    outer loop
      vertex 5.859646e-01 -4.677016e-02 -5.000000e-02
      vertex 5.859646e-01 -4.677016e-02 5.000000e-02
      vertex 5.936907e-01 -4.614870e-02 5.000000e-02
    endloop
  endfacet
  facet normal -8.147062e-02 9.966757e-01 0.000000e+00
    outer loop
      vertex 5.936907e-01 -4.614870e-02 -5.000000e-02
      vertex 6.013936e-01 -4.551903e-02 5.000000e-02
      vertex 6.013936e-01 -4.551903e-02 -5.000000e-02
    endloop
  endfacet
  facet normal -8.147062e-02 9.966757e-01 0.000000e+00
    outer loop
      vertex 5.936907e-01 -4.614870e-02 -5.000000e-02
      vertex 5.936907e-01 -4.614870e-02 5.000000e-02
      vertex 6.013936e-01 -4.551903e-02 5.000000e-02
    endloop
  endfacet
  facet normal -8.273605e-02 9.965715e-01 0.000000e+00
    outer loop
      vertex 6.013936e-01 -4.551903e-02 -5.000000e-02
      vertex 6.090716e-01 -4.488160e-02 5.000000e-02
      vertex 6.090716e-01 -4.488160e-02 -5.000000e-02
    endloop
  endfacet
  facet normal -8.273605e-02 9.965715e-01 0.000000e+00
    outer loop
      vertex 6.013936e-01 -4.551903e-02 -5.000000e-02
      vertex 6.013936e-01 -4.551903e-02 5.000000e-02
      vertex 6.090716e-01 -4.488160e-02 5.000000e-02
    endloop
  endfacet
  facet normal -8.397508e-02 9.964679e-01 0.000000e+00
    outer loop
      vertex 6.090716e-01 -4.488160e-02 -5.000000e-02
      vertex 6.167227e-01 -4.423683e-02 5.000000e-02
      vertex 6.167227e-01 -4.423683e-02 -5.000000e-02
    endloop
  endfacet
  facet normal -8.397508e-02 9.964679e-01 0.000000e+00
    outer loop
      vertex 6.090716e-01 -4.488160e-02 -5.000000e-02
      vertex 6.090716e-01 -4.488160e-02 5.000000e-02
      vertex 6.167227e-01 -4.423683e-02 5.000000e-02
    endloop
  endfacet
  facet normal -8.518871e-02 9.963648e-01 0.000000e+00
    outer loop
      vertex 6.167227e-01 -4.423683e-02 -5.000000e-02
      vertex 6.243449e-01 -4.358513e-02 5.000000e-02
      vertex 6.243449e-01 -4.358513e-02 -5.000000e-02
    endloop
  endfacet
  facet normal -8.518871e-02 9.963648e-01 0.000000e+00
    outer loop
      vertex 6.167227e-01 -4.423683e-02 -5.000000e-02
      vertex 6.167227e-01 -4.423683e-02 5.000000e-02
      vertex 6.243449e-01 -4.358513e-02 5.000000e-02
    endloop
  endfacet
  facet normal -8.637793e-02 9.962624e-01 0.000000e+00
    outer loop
      vertex 6.243449e-01 -4.358513e-02 -5.000000e-02
      vertex 6.319365e-01 -4.292692e-02 5.000000e-02
      vertex 6.319365e-01 -4.292692e-02 -5.000000e-02
    endloop
  endfacet
  facet normal -8.637793e-02 9.962624e-01 0.000000e+00
    outer loop
      vertex 6.243449e-01 -4.358513e-02 -5.000000e-02
      vertex 6.243449e-01 -4.358513e-02 5.000000e-02
      vertex 6.319365e-01 -4.292692e-02 5.000000e-02
    endloop
  endfacet
  facet normal -8.754369e-02 9.961607e-01 0.000000e+00
    outer loop
      vertex 6.319365e-01 -4.292692e-02 -5.000000e-02
      vertex 6.394956e-01 -4.226263e-02 5.000000e-02
      vertex 6.394956e-01 -4.226263e-02 -5.000000e-02
    endloop
  endfacet
  facet normal -8.754369e-02 9.961607e-01 0.000000e+00
    outer loop
      vertex 6.319365e-01 -4.292692e-02 -5.000000e-02
      vertex 6.319365e-01 -4.292692e-02 5.000000e-02
      vertex 6.394956e-01 -4.226263e-02 5.000000e-02
    endloop
  endfacet
  facet normal -8.868696e-02 9.960595e-01 0.000000e+00
    outer loop
      vertex 6.394956e-01 -4.226263e-02 -5.000000e-02
      vertex 6.470202e-01 -4.159265e-02 5.000000e-02
      vertex 6.470202e-01 -4.159265e-02 -5.000000e-02
    endloop
  endfacet
  facet normal -8.868696e-02 9.960595e-01 0.000000e+00
    outer loop
      vertex 6.394956e-01 -4.226263e-02 -5.000000e-02
      vertex 6.394956e-01 -4.226263e-02 5.000000e-02
      vertex 6.470202e-01 -4.159265e-02 5.000000e-02
    endloop
  endfacet
  facet normal -8.980863e-02 9.959590e-01 0.000000e+00
    outer loop
      vertex 6.470202e-01 -4.159265e-02 -5.000000e-02
      vertex 6.545085e-01 -4.091741e-02 5.000000e-02
      vertex 6.545085e-01 -4.091741e-02 -5.000000e-02
    endloop
  endfacet
  facet normal -8.980863e-02 9.959590e-01 0.000000e+00
    outer loop
      vertex 6.470202e-01 -4.159265e-02 -5.000000e-02
      vertex 6.470202e-01 -4.159265e-02 5.000000e-02
      vertex 6.545085e-01 -4.091741e-02 5.000000e-02
    endloop
  endfacet
  facet normal -9.090961e-02 9.958591e-01 0.000000e+00
    outer loop
      vertex 6.545085e-01 -4.091741e-02 -5.000000e-02
      vertex 6.619587e-01 -4.023730e-02 5.000000e-02
      vertex 6.619587e-01 -4.023730e-02 -5.000000e-02
    endloop
  endfacet
  facet normal -9.090961e-02 9.958591e-01 0.000000e+00
    outer loop
      vertex 6.545085e-01 -4.091741e-02 -5.000000e-02
      vertex 6.545085e-01 -4.091741e-02 5.000000e-02
      vertex 6.619587e-01 -4.023730e-02 5.000000e-02
    endloop
  endfacet
  facet normal -9.199075e-02 9.957599e-01 0.000000e+00
    outer loop
      vertex 6.619587e-01 -4.023730e-02 -5.000000e-02
      vertex 6.693690e-01 -3.955272e-02 5.000000e-02
      vertex 6.693690e-01 -3.955272e-02 -5.000000e-02
    endloop
  endfacet
  facet normal -9.199075e-02 9.957599e-01 0.000000e+00
    outer loop
      vertex 6.619587e-01 -4.023730e-02 -5.000000e-02
      vertex 6.619587e-01 -4.023730e-02 5.000000e-02
      vertex 6.693690e-01 -3.955272e-02 5.000000e-02
    endloop
  endfacet
  facet normal -9.305291e-02 9.956612e-01 0.000000e+00
    outer loop
      vertex 6.693690e-01 -3.955272e-02 -5.000000e-02
      vertex 6.767374e-01 -3.886407e-02 5.000000e-02
      vertex 6.767374e-01 -3.886407e-02 -5.000000e-02
    endloop
  endfacet
  facet normal -9.305291e-02 9.956612e-01 0.000000e+00
    outer loop
      vertex 6.693690e-01 -3.955272e-02 -5.000000e-02
      vertex 6.693690e-01 -3.955272e-02 5.000000e-02
      vertex 6.767374e-01 -3.886407e-02 5.000000e-02
    endloop
  endfacet
  facet normal -9.409688e-02 9.955630e-01 0.000000e+00
    outer loop
      vertex 6.767374e-01 -3.886407e-02 -5.000000e-02
      vertex 6.840623e-01 -3.817176e-02 5.000000e-02
      vertex 6.840623e-01 -3.817176e-02 -5.000000e-02
    endloop
  endfacet
  facet normal -9.409688e-02 9.955630e-01 0.000000e+00
    outer loop
      vertex 6.767374e-01 -3.886407e-02 -5.000000e-02
      vertex 6.767374e-01 -3.886407e-02 5.000000e-02
      vertex 6.840623e-01 -3.817176e-02 5.000000e-02
    endloop
  endfacet
  facet normal -9.512346e-02 9.954655e-01 0.000000e+00
    outer loop
      vertex 6.840623e-01 -3.817176e-02 -5.000000e-02
      vertex 6.913417e-01 -3.747616e-02 5.000000e-02
      vertex 6.913417e-01 -3.747616e-02 -5.000000e-02
    endloop
  endfacet
  facet normal -9.512346e-02 9.954655e-01 0.000000e+00
    outer loop
      vertex 6.840623e-01 -3.817176e-02 -5.000000e-02
      vertex 6.840623e-01 -3.817176e-02 5.000000e-02
      vertex 6.913417e-01 -3.747616e-02 5.000000e-02
    endloop
  endfacet
  facet normal -9.613339e-02 9.953685e-01 0.000000e+00
    outer loop
      vertex 6.913417e-01 -3.747616e-02 -5.000000e-02
      vertex 6.985739e-01 -3.677766e-02 5.000000e-02
      vertex 6.985739e-01 -3.677766e-02 -5.000000e-02
    endloop
  endfacet
  facet normal -9.613339e-02 9.953685e-01 0.000000e+00
    outer loop
      vertex 6.913417e-01 -3.747616e-02 -5.000000e-02
      vertex 6.913417e-01 -3.747616e-02 5.000000e-02
      vertex 6.985739e-01 -3.677766e-02 5.000000e-02
    endloop
  endfacet
  facet normal -9.712741e-02 9.952720e-01 0.000000e+00
    outer loop
      vertex 6.985739e-01 -3.677766e-02 -5.000000e-02
      vertex 7.057572e-01 -3.607666e-02 5.000000e-02
      vertex 7.057572e-01 -3.607666e-02 -5.000000e-02
    endloop
  endfacet
  facet normal -9.712741e-02 9.952720e-01 0.000000e+00
    outer loop
      vertex 6.985739e-01 -3.677766e-02 -5.000000e-02
      vertex 6.985739e-01 -3.677766e-02 5.000000e-02
      vertex 7.057572e-01 -3.607666e-02 5.000000e-02
    endloop
  endfacet
  facet normal -9.810621e-02 9.951759e-01 0.000000e+00
    outer loop
      vertex 7.057572e-01 -3.607666e-02 -5.000000e-02
      vertex 7.128896e-01 -3.537353e-02 5.000000e-02
      vertex 7.128896e-01 -3.537353e-02 -5.000000e-02
    endloop
  endfacet
  facet normal -9.810621e-02 9.951759e-01 0.000000e+00
    outer loop
      vertex 7.057572e-01 -3.607666e-02 -5.000000e-02
      vertex 7.057572e-01 -3.607666e-02 5.000000e-02
      vertex 7.128896e-01 -3.537353e-02 5.000000e-02
    endloop
  endfacet
  facet normal -9.907045e-02 9.950804e-01 0.000000e+00
    outer loop
      vertex 7.128896e-01 -3.537353e-02 -5.000000e-02
      vertex 7.199696e-01 -3.466865e-02 5.000000e-02
      vertex 7.199696e-01 -3.466865e-02 -5.000000e-02
    endloop
  endfacet
  facet normal -9.907045e-02 9.950804e-01 0.000000e+00
    outer loop
      vertex 7.128896e-01 -3.537353e-02 -5.000000e-02
      vertex 7.128896e-01 -3.537353e-02 5.000000e-02
      vertex 7.199696e-01 -3.466865e-02 5.000000e-02
    endloop
  endfacet
  facet normal -1.000208e-01 9.949853e-01 0.000000e+00
    outer loop
      vertex 7.199696e-01 -3.466865e-02 -5.000000e-02
      vertex 7.269952e-01 -3.396239e-02 5.000000e-02
      vertex 7.269952e-01 -3.396239e-02 -5.000000e-02
    endloop
  endfacet
  facet normal -1.000208e-01 9.949853e-01 0.000000e+00
    outer loop
      vertex 7.199696e-01 -3.466865e-02 -5.000000e-02
      vertex 7.199696e-01 -3.466865e-02 5.000000e-02
      vertex 7.269952e-01 -3.396239e-02 5.000000e-02
    endloop
  endfacet
  facet normal -1.009578e-01 9.948907e-01 0.000000e+00
    outer loop
      vertex 7.269952e-01 -3.396239e-02 -5.000000e-02
      vertex 7.339649e-01 -3.325514e-02 5.000000e-02
      vertex 7.339649e-01 -3.325514e-02 -5.000000e-02
    endloop
  endfacet
  facet normal -1.009578e-01 9.948907e-01 0.000000e+00
    outer loop
      vertex 7.269952e-01 -3.396239e-02 -5.000000e-02
      vertex 7.269952e-01 -3.396239e-02 5.000000e-02
      vertex 7.339649e-01 -3.325514e-02 5.000000e-02
    endloop
  endfacet
  facet normal -1.018820e-01 9.947965e-01 0.000000e+00
    outer loop
      vertex 7.339649e-01 -3.325514e-02 -5.000000e-02
      vertex 7.408768e-01 -3.254725e-02 5.000000e-02
      vertex 7.408768e-01 -3.254725e-02 -5.000000e-02
    endloop
  endfacet
  facet normal -1.018820e-01 9.947965e-01 0.000000e+00
    outer loop
      vertex 7.339649e-01 -3.325514e-02 -5.000000e-02
      vertex 7.339649e-01 -3.325514e-02 5.000000e-02
      vertex 7.408768e-01 -3.254725e-02 5.000000e-02
    endloop
  endfacet
  facet normal -1.027940e-01 9.947027e-01 0.000000e+00
    outer loop
      vertex 7.408768e-01 -3.254725e-02 -5.000000e-02
      vertex 7.477293e-01 -3.183911e-02 5.000000e-02
      vertex 7.477293e-01 -3.183911e-02 -5.000000e-02
    endloop
  endfacet
  facet normal -1.027940e-01 9.947027e-01 0.000000e+00
    outer loop
      vertex 7.408768e-01 -3.254725e-02 -5.000000e-02
      vertex 7.408768e-01 -3.254725e-02 5.000000e-02
      vertex 7.477293e-01 -3.183911e-02 5.000000e-02
    endloop
  endfacet
  facet normal -1.036943e-01 9.946092e-01 0.000000e+00
    outer loop
      vertex 7.477293e-01 -3.183911e-02 -5.000000e-02
      vertex 7.545207e-01 -3.113106e-02 5.000000e-02
      vertex 7.545207e-01 -3.113106e-02 -5.000000e-02
    endloop
  endfacet
  facet normal -1.036943e-01 9.946092e-01 0.000000e+00
    outer loop
      vertex 7.477293e-01 -3.183911e-02 -5.000000e-02
      vertex 7.477293e-01 -3.183911e-02 5.000000e-02
      vertex 7.545207e-01 -3.113106e-02 5.000000e-02
    endloop
  endfacet
  facet normal -1.045834e-01 9.945161e-01 0.000000e+00
    outer loop
      vertex 7.545207e-01 -3.113106e-02 -5.000000e-02
      vertex 7.612493e-01 -3.042348e-02 5.000000e-02
      vertex 7.612493e-01 -3.042348e-02 -5.000000e-02
    endloop
  endfacet
  facet normal -1.045834e-01 9.945161e-01 0.000000e+00
    outer loop
      vertex 7.545207e-01 -3.113106e-02 -5.000000e-02
      vertex 7.545207e-01 -3.113106e-02 5.000000e-02
      vertex 7.612493e-01 -3.042348e-02 5.000000e-02
    endloop
  endfacet
  facet normal -1.054617e-01 9.944234e-01 0.000000e+00
    outer loop
      vertex 7.612493e-01 -3.042348e-02 -5.000000e-02
      vertex 7.679134e-01 -2.971674e-02 5.000000e-02
      vertex 7.679134e-01 -2.971674e-02 -5.000000e-02
    endloop
  endfacet
  facet normal -1.054617e-01 9.944234e-01 0.000000e+00
    outer loop
      vertex 7.612493e-01 -3.042348e-02 -5.000000e-02
      vertex 7.612493e-01 -3.042348e-02 5.000000e-02
      vertex 7.679134e-01 -2.971674e-02 5.000000e-02
    endloop
  endfacet
  facet normal -1.063295e-01 9.943309e-01 0.000000e+00
    outer loop
      vertex 7.679134e-01 -2.971674e-02 -5.000000e-02
      vertex 7.745114e-01 -2.901117e-02 5.000000e-02
      vertex 7.745114e-01 -2.901117e-02 -5.000000e-02
    endloop
  endfacet
  facet normal -1.063295e-01 9.943309e-01 0.000000e+00
    outer loop
      vertex 7.679134e-01 -2.971674e-02 -5.000000e-02
      vertex 7.679134e-01 -2.971674e-02 5.000000e-02
      vertex 7.745114e-01 -2.901117e-02 5.000000e-02
    endloop
  endfacet
  facet normal -1.071874e-01 9.942388e-01 0.000000e+00
    outer loop
      vertex 7.745114e-01 -2.901117e-02 -5.000000e-02
      vertex 7.810417e-01 -2.830715e-02 5.000000e-02
      vertex 7.810417e-01 -2.830715e-02 -5.000000e-02
    endloop
  endfacet
  facet normal -1.071874e-01 9.942388e-01 0.000000e+00
    outer loop
      vertex 7.745114e-01 -2.901117e-02 -5.000000e-02
      vertex 7.745114e-01 -2.901117e-02 5.000000e-02
      vertex 7.810417e-01 -2.830715e-02 5.000000e-02
    endloop
  endfacet
  facet normal -1.080355e-01 9.941470e-01 0.000000e+00
    outer loop
      vertex 7.810417e-01 -2.830715e-02 -5.000000e-02
      vertex 7.875026e-01 -2.760503e-02 5.000000e-02
      vertex 7.875026e-01 -2.760503e-02 -5.000000e-02
    endloop
  endfacet
  facet normal -1.080355e-01 9.941470e-01 0.000000e+00
    outer loop
      vertex 7.810417e-01 -2.830715e-02 -5.000000e-02
      vertex 7.810417e-01 -2.830715e-02 5.000000e-02
      vertex 7.875026e-01 -2.760503e-02 5.000000e-02
    endloop
  endfacet
  facet normal -1.088742e-01 9.940555e-01 0.000000e+00
    outer loop
      vertex 7.875026e-01 -2.760503e-02 -5.000000e-02
      vertex 7.938926e-01 -2.690517e-02 5.000000e-02
      vertex 7.938926e-01 -2.690517e-02 -5.000000e-02
    endloop
  endfacet
  facet normal -1.088742e-01 9.940555e-01 0.000000e+00
    outer loop
      vertex 7.875026e-01 -2.760503e-02 -5.000000e-02
      vertex 7.875026e-01 -2.760503e-02 5.000000e-02
      vertex 7.938926e-01 -2.690517e-02 5.000000e-02
    endloop
  endfacet
  facet normal -1.097039e-01 9.939643e-01 0.000000e+00
    outer loop
      vertex 7.938926e-01 -2.690517e-02 -5.000000e-02
      vertex 8.002101e-01 -2.620790e-02 5.000000e-02
      vertex 8.002101e-01 -2.620790e-02 -5.000000e-02
    endloop
  endfacet
  facet normal -1.097039e-01 9.939643e-01 0.000000e+00
    outer loop
      vertex 7.938926e-01 -2.690517e-02 -5.000000e-02
      vertex 7.938926e-01 -2.690517e-02 5.000000e-02
      vertex 8.002101e-01 -2.620790e-02 5.000000e-02
    endloop
  endfacet
  facet normal -1.105246e-01 9.938734e-01 0.000000e+00
    outer loop
      vertex 8.002101e-01 -2.620790e-02 -5.000000e-02
      vertex 8.064535e-01 -2.551360e-02 5.000000e-02
      vertex 8.064535e-01 -2.551360e-02 -5.000000e-02
    endloop
  endfacet
  facet normal -1.105246e-01 9.938734e-01 0.000000e+00
    outer loop
      vertex 8.002101e-01 -2.620790e-02 -5.000000e-02
      vertex 8.002101e-01 -2.620790e-02 5.000000e-02
      vertex 8.064535e-01 -2.551360e-02 5.000000e-02
    endloop
  endfacet
  facet normal -1.113367e-01 9.937827e-01 0.000000e+00
    outer loop
      vertex 8.064535e-01 -2.551360e-02 -5.000000e-02
      vertex 8.126213e-01 -2.482260e-02 5.000000e-02
      vertex 8.126213e-01 -2.482260e-02 -5.000000e-02
    endloop
  endfacet
  facet normal -1.113367e-01 9.937827e-01 0.000000e+00
    outer loop
      vertex 8.064535e-01 -2.551360e-02 -5.000000e-02
      vertex 8.064535e-01 -2.551360e-02 5.000000e-02
      vertex 8.126213e-01 -2.482260e-02 5.000000e-02
    endloop
  endfacet
  facet normal -1.121403e-01 9.936924e-01 0.000000e+00
    outer loop
      vertex 8.126213e-01 -2.482260e-02 -5.000000e-02
      vertex 8.187120e-01 -2.413526e-02 5.000000e-02
      vertex 8.187120e-01 -2.413526e-02 -5.000000e-02
    endloop
  endfacet
  facet normal -1.121403e-01 9.936924e-01 0.000000e+00
    outer loop
      vertex 8.126213e-01 -2.482260e-02 -5.000000e-02
      vertex 8.126213e-01 -2.482260e-02 5.000000e-02
      vertex 8.187120e-01 -2.413526e-02 5.000000e-02
    endloop
  endfacet
  facet normal -1.129356e-01 9.936023e-01 0.000000e+00
    outer loop
      vertex 8.187120e-01 -2.413526e-02 -5.000000e-02
      vertex 8.247240e-01 -2.345191e-02 5.000000e-02
      vertex 8.247240e-01 -2.345191e-02 -5.000000e-02
    endloop
  endfacet
  facet normal -1.129356e-01 9.936023e-01 0.000000e+00
    outer loop
      vertex 8.187120e-01 -2.413526e-02 -5.000000e-02
      vertex 8.187120e-01 -2.413526e-02 5.000000e-02
      vertex 8.247240e-01 -2.345191e-02 5.000000e-02
    endloop
  endfacet
  facet normal -1.137226e-01 9.935125e-01 0.000000e+00
    outer loop
      vertex 8.247240e-01 -2.345191e-02 -5.000000e-02
      vertex 8.306559e-01 -2.277291e-02 5.000000e-02
      vertex 8.306559e-01 -2.277291e-02 -5.000000e-02
    endloop
  endfacet
  facet normal -1.137226e-01 9.935125e-01 0.000000e+00
    outer loop
      vertex 8.247240e-01 -2.345191e-02 -5.000000e-02
      vertex 8.247240e-01 -2.345191e-02 5.000000e-02
      vertex 8.306559e-01 -2.277291e-02 5.000000e-02
    endloop
  endfacet
  facet normal -1.145015e-01 9.934231e-01 0.000000e+00
    outer loop
      vertex 8.306559e-01 -2.277291e-02 -5.000000e-02
      vertex 8.365063e-01 -2.209861e-02 5.000000e-02
      vertex 8.365063e-01 -2.209861e-02 -5.000000e-02
    endloop
  endfacet
  facet normal -1.145015e-01 9.934231e-01 0.000000e+00
    outer loop
      vertex 8.306559e-01 -2.277291e-02 -5.000000e-02
      vertex 8.306559e-01 -2.277291e-02 5.000000e-02
      vertex 8.365063e-01 -2.209861e-02 5.000000e-02
    endloop
  endfacet
  facet normal -1.152722e-01 9.933339e-01 0.000000e+00
    outer loop
      vertex 8.365063e-01 -2.209861e-02 -5.000000e-02
      vertex 8.422736e-01 -2.142934e-02 5.000000e-02
      vertex 8.422736e-01 -2.142934e-02 -5.000000e-02
    endloop
  endfacet
  facet normal -1.152722e-01 9.933339e-01 0.000000e+00
    outer loop
      vertex 8.365063e-01 -2.209861e-02 -5.000000e-02
      vertex 8.365063e-01 -2.209861e-02 5.000000e-02
      vertex 8.422736e-01 -2.142934e-02 5.000000e-02
    endloop
  endfacet
  facet normal -1.160349e-01 9.932451e-01 0.000000e+00
    outer loop
      vertex 8.422736e-01 -2.142934e-02 -5.000000e-02
      vertex 8.479564e-01 -2.076545e-02 5.000000e-02
      vertex 8.479564e-01 -2.076545e-02 -5.000000e-02
    endloop
  endfacet
  facet normal -1.160349e-01 9.932451e-01 0.000000e+00
    outer loop
      vertex 8.422736e-01 -2.142934e-02 -5.000000e-02
      vertex 8.422736e-01 -2.142934e-02 5.000000e-02
      vertex 8.479564e-01 -2.076545e-02 5.000000e-02
    endloop
  endfacet
  facet normal -1.167894e-01 9.931567e-01 0.000000e+00
    outer loop
      vertex 8.479564e-01 -2.076545e-02 -5.000000e-02
      vertex 8.535534e-01 -2.010727e-02 5.000000e-02
      vertex 8.535534e-01 -2.010727e-02 -5.000000e-02
    endloop
  endfacet
  facet normal -1.167894e-01 9.931567e-01 0.000000e+00
    outer loop
      vertex 8.479564e-01 -2.076545e-02 -5.000000e-02
      vertex 8.479564e-01 -2.076545e-02 5.000000e-02
      vertex 8.535534e-01 -2.010727e-02 5.000000e-02
    endloop
  endfacet
  facet normal -1.175359e-01 9.930686e-01 0.000000e+00
    outer loop
      vertex 8.535534e-01 -2.010727e-02 -5.000000e-02
      vertex 8.590631e-01 -1.945516e-02 5.000000e-02
      vertex 8.590631e-01 -1.945516e-02 -5.000000e-02
    endloop
  endfacet
  facet normal -1.175359e-01 9.930686e-01 0.000000e+00
    outer loop
      vertex 8.535534e-01 -2.010727e-02 -5.000000e-02
      vertex 8.535534e-01 -2.010727e-02 5.000000e-02
      vertex 8.590631e-01 -1.945516e-02 5.000000e-02
    endloop
  endfacet
  facet normal -1.182741e-01 9.929810e-01 0.000000e+00
    outer loop
      vertex 8.590631e-01 -1.945516e-02 -5.000000e-02
      vertex 8.644843e-01 -1.880944e-02 5.000000e-02
      vertex 8.644843e-01 -1.880944e-02 -5.000000e-02
    endloop
  endfacet
  facet normal -1.182741e-01 9.929810e-01 0.000000e+00
    outer loop
      vertex 8.590631e-01 -1.945516e-02 -5.000000e-02
      vertex 8.590631e-01 -1.945516e-02 5.000000e-02
      vertex 8.644843e-01 -1.880944e-02 5.000000e-02
    endloop
  endfacet
  facet normal -1.190041e-01 9.928938e-01 0.000000e+00
    outer loop
      vertex 8.644843e-01 -1.880944e-02 -5.000000e-02
      vertex 8.698155e-01 -1.817046e-02 5.000000e-02
      vertex 8.698155e-01 -1.817046e-02 -5.000000e-02
    endloop
  endfacet
  facet normal -1.190041e-01 9.928938e-01 0.000000e+00
    outer loop
      vertex 8.644843e-01 -1.880944e-02 -5.000000e-02
      vertex 8.644843e-01 -1.880944e-02 5.000000e-02
      vertex 8.698155e-01 -1.817046e-02 5.000000e-02
    endloop
  endfacet
  facet normal -1.197257e-01 9.928070e-01 0.000000e+00
    outer loop
      vertex 8.698155e-01 -1.817046e-02 -5.000000e-02
      vertex 8.750555e-01 -1.753856e-02 5.000000e-02
      vertex 8.750555e-01 -1.753856e-02 -5.000000e-02
    endloop
  endfacet
  facet normal -1.197257e-01 9.928070e-01 0.000000e+00
    outer loop
      vertex 8.698155e-01 -1.817046e-02 -5.000000e-02
      vertex 8.698155e-01 -1.817046e-02 5.000000e-02
      vertex 8.750555e-01 -1.753856e-02 5.000000e-02
    endloop
  endfacet
  facet normal -1.204387e-01 9.927208e-01 0.000000e+00
    outer loop
      vertex 8.750555e-01 -1.753856e-02 -5.000000e-02
      vertex 8.802030e-01 -1.691406e-02 5.000000e-02
      vertex 8.802030e-01 -1.691406e-02 -5.000000e-02
    endloop
  endfacet
  facet normal -1.204387e-01 9.927208e-01 0.000000e+00
    outer loop
      vertex 8.750555e-01 -1.753856e-02 -5.000000e-02
      vertex 8.750555e-01 -1.753856e-02 5.000000e-02
      vertex 8.802030e-01 -1.691406e-02 5.000000e-02
    endloop
  endfacet
  facet normal -1.211431e-01 9.926351e-01 0.000000e+00
    outer loop
      vertex 8.802030e-01 -1.691406e-02 -5.000000e-02
      vertex 8.852566e-01 -1.629730e-02 5.000000e-02
      vertex 8.852566e-01 -1.629730e-02 -5.000000e-02
    endloop
  endfacet
  facet normal -1.211431e-01 9.926351e-01 0.000000e+00
    outer loop
      vertex 8.802030e-01 -1.691406e-02 -5.000000e-02
      vertex 8.802030e-01 -1.691406e-02 5.000000e-02
      vertex 8.852566e-01 -1.629730e-02 5.000000e-02
    endloop
  endfacet
  facet normal -1.218385e-01 9.925499e-01 0.000000e+00
    outer loop
      vertex 8.852566e-01 -1.629730e-02 -5.000000e-02
      vertex 8.902152e-01 -1.568862e-02 5.000000e-02
      vertex 8.902152e-01 -1.568862e-02 -5.000000e-02
    endloop
  endfacet
  facet normal -1.218385e-01 9.925499e-01 0.000000e+00
    outer loop
      vertex 8.852566e-01 -1.629730e-02 -5.000000e-02
      vertex 8.852566e-01 -1.629730e-02 5.000000e-02
      vertex 8.902152e-01 -1.568862e-02 5.000000e-02
    endloop
  endfacet
  facet normal -1.225249e-01 9.924654e-01 0.000000e+00
    outer loop
      vertex 8.902152e-01 -1.568862e-02 -5.000000e-02
      vertex 8.950775e-01 -1.508835e-02 5.000000e-02
      vertex 8.950775e-01 -1.508835e-02 -5.000000e-02
    endloop
  endfacet
  facet normal -1.225249e-01 9.924654e-01 0.000000e+00
    outer loop
      vertex 8.902152e-01 -1.568862e-02 -5.000000e-02
      vertex 8.902152e-01 -1.568862e-02 5.000000e-02
      vertex 8.950775e-01 -1.508835e-02 5.000000e-02
    endloop
  endfacet
  facet normal -1.232020e-01 9.923816e-01 0.000000e+00
    outer loop
      vertex 8.950775e-01 -1.508835e-02 -5.000000e-02
      vertex 8.998423e-01 -1.449680e-02 5.000000e-02
      vertex 8.998423e-01 -1.449680e-02 -5.000000e-02
    endloop
  endfacet
  facet normal -1.232020e-01 9.923816e-01 0.000000e+00
    outer loop
      vertex 8.950775e-01 -1.508835e-02 -5.000000e-02
      vertex 8.950775e-01 -1.508835e-02 5.000000e-02
      vertex 8.998423e-01 -1.449680e-02 5.000000e-02
    endloop
  endfacet
  facet normal -1.238695e-01 9.922985e-01 0.000000e+00
    outer loop
      vertex 8.998423e-01 -1.449680e-02 -5.000000e-02
      vertex 9.045085e-01 -1.391432e-02 5.000000e-02
      vertex 9.045085e-01 -1.391432e-02 -5.000000e-02
    endloop
  endfacet
  facet normal -1.238695e-01 9.922985e-01 0.000000e+00
    outer loop
      vertex 8.998423e-01 -1.449680e-02 -5.000000e-02
      vertex 8.998423e-01 -1.449680e-02 5.000000e-02
      vertex 9.045085e-01 -1.391432e-02 5.000000e-02
    endloop
  endfacet
  facet normal -1.245272e-01 9.922162e-01 0.000000e+00
    outer loop
      vertex 9.045085e-01 -1.391432e-02 -5.000000e-02
      vertex 9.090749e-01 -1.334122e-02 5.000000e-02
      vertex 9.090749e-01 -1.334122e-02 -5.000000e-02
    endloop
  endfacet
  facet normal -1.245272e-01 9.922162e-01 0.000000e+00
    outer loop
      vertex 9.045085e-01 -1.391432e-02 -5.000000e-02
      vertex 9.045085e-01 -1.391432e-02 5.000000e-02
      vertex 9.090749e-01 -1.334122e-02 5.000000e-02
    endloop
  endfacet
  facet normal -1.251748e-01 9.921347e-01 0.000000e+00
    outer loop
      vertex 9.090749e-01 -1.334122e-02 -5.000000e-02
      vertex 9.135403e-01 -1.277783e-02 5.000000e-02
      vertex 9.135403e-01 -1.277783e-02 -5.000000e-02
    endloop
  endfacet
  facet normal -1.251748e-01 9.921347e-01 0.000000e+00
    outer loop
      vertex 9.090749e-01 -1.334122e-02 -5.000000e-02
      vertex 9.090749e-01 -1.334122e-02 5.000000e-02
      vertex 9.135403e-01 -1.277783e-02 5.000000e-02
    endloop
  endfacet
  facet normal -1.258120e-01 9.920541e-01 0.000000e+00
    outer loop
      vertex 9.135403e-01 -1.277783e-02 -5.000000e-02
      vertex 9.179037e-01 -1.222447e-02 5.000000e-02
      vertex 9.179037e-01 -1.222447e-02 -5.000000e-02
    endloop
  endfacet
  facet normal -1.258120e-01 9.920541e-01 0.000000e+00
    outer loop
      vertex 9.135403e-01 -1.277783e-02 -5.000000e-02
      vertex 9.135403e-01 -1.277783e-02 5.000000e-02
      vertex 9.179037e-01 -1.222447e-02 5.000000e-02
    endloop
  endfacet
  facet normal -1.264385e-01 9.919745e-01 0.000000e+00
    outer loop
      vertex 9.179037e-01 -1.222447e-02 -5.000000e-02
      vertex 9.221640e-01 -1.168145e-02 5.000000e-02
      vertex 9.221640e-01 -1.168145e-02 -5.000000e-02
    endloop
  endfacet
  facet normal -1.264385e-01 9.919745e-01 0.000000e+00
    outer loop
      vertex 9.179037e-01 -1.222447e-02 -5.000000e-02
      vertex 9.179037e-01 -1.222447e-02 5.000000e-02
      vertex 9.221640e-01 -1.168145e-02 5.000000e-02
    endloop
  endfacet
  facet normal -1.270539e-01 9.918958e-01 0.000000e+00
    outer loop
      vertex 9.221640e-01 -1.168145e-02 -5.000000e-02
      vertex 9.263201e-01 -1.114908e-02 5.000000e-02
      vertex 9.263201e-01 -1.114908e-02 -5.000000e-02
    endloop
  endfacet
  facet normal -1.270539e-01 9.918958e-01 0.000000e+00
    outer loop
      vertex 9.221640e-01 -1.168145e-02 -5.000000e-02
      vertex 9.221640e-01 -1.168145e-02 5.000000e-02
      vertex 9.263201e-01 -1.114908e-02 5.000000e-02
    endloop
  endfacet
  facet normal -1.276580e-01 9.918182e-01 0.000000e+00
    outer loop
      vertex 9.263201e-01 -1.114908e-02 -5.000000e-02
      vertex 9.303710e-01 -1.062768e-02 5.000000e-02
      vertex 9.303710e-01 -1.062768e-02 -5.000000e-02
    endloop
  endfacet
  facet normal -1.276580e-01 9.918182e-01 0.000000e+00
    outer loop
      vertex 9.263201e-01 -1.114908e-02 -5.000000e-02
      vertex 9.263201e-01 -1.114908e-02 5.000000e-02
      vertex 9.303710e-01 -1.062768e-02 5.000000e-02
    endloop
  endfacet
  facet normal -1.282504e-01 9.917418e-01 0.000000e+00
    outer loop
      vertex 9.303710e-01 -1.062768e-02 -5.000000e-02
      vertex 9.343158e-01 -1.011756e-02 5.000000e-02
      vertex 9.343158e-01 -1.011756e-02 -5.000000e-02
    endloop
  endfacet
  facet normal -1.282504e-01 9.917418e-01 0.000000e+00
    outer loop
      vertex 9.303710e-01 -1.062768e-02 -5.000000e-02
      vertex 9.303710e-01 -1.062768e-02 5.000000e-02
      vertex 9.343158e-01 -1.011756e-02 5.000000e-02
    endloop
  endfacet
  facet normal -1.288308e-01 9.916666e-01 0.000000e+00
    outer loop
      vertex 9.343158e-01 -1.011756e-02 -5.000000e-02
      vertex 9.381533e-01 -9.619002e-03 5.000000e-02
      vertex 9.381533e-01 -9.619002e-03 -5.000000e-02
    endloop
  endfacet
  facet normal -1.288308e-01 9.916666e-01 0.000000e+00
    outer loop
      vertex 9.343158e-01 -1.011756e-02 -5.000000e-02
      vertex 9.343158e-01 -1.011756e-02 5.000000e-02
      vertex 9.381533e-01 -9.619002e-03 5.000000e-02
    endloop
  endfacet
  facet normal -1.293987e-01 9.915926e-01 0.000000e+00
    outer loop
      vertex 9.381533e-01 -9.619002e-03 -5.000000e-02
      vertex 9.418828e-01 -9.132321e-03 5.000000e-02
      vertex 9.418828e-01 -9.132321e-03 -5.000000e-02
    endloop
  endfacet
  facet normal -1.293987e-01 9.915926e-01 0.000000e+00
    outer loop
      vertex 9.381533e-01 -9.619002e-03 -5.000000e-02
      vertex 9.381533e-01 -9.619002e-03 5.000000e-02
      vertex 9.418828e-01 -9.132321e-03 5.000000e-02
    endloop
  endfacet
  facet normal -1.299539e-01 9.915200e-01 0.000000e+00
    outer loop
      vertex 9.418828e-01 -9.132321e-03 -5.000000e-02
      vertex 9.455033e-01 -8.657806e-03 5.000000e-02
      vertex 9.455033e-01 -8.657806e-03 -5.000000e-02
    endloop
  endfacet
  facet normal -1.299539e-01 9.915200e-01 0.000000e+00
    outer loop
      vertex 9.418828e-01 -9.132321e-03 -5.000000e-02
      vertex 9.418828e-01 -9.132321e-03 5.000000e-02
      vertex 9.455033e-01 -8.657806e-03 5.000000e-02
    endloop
  endfacet
  facet normal -1.304959e-01 9.914488e-01 0.000000e+00
    outer loop
      vertex 9.455033e-01 -8.657806e-03 -5.000000e-02
      vertex 9.490138e-01 -8.195746e-03 5.000000e-02
      vertex 9.490138e-01 -8.195746e-03 -5.000000e-02
    endloop
  endfacet
  facet normal -1.304959e-01 9.914488e-01 0.000000e+00
    outer loop
      vertex 9.455033e-01 -8.657806e-03 -5.000000e-02
      vertex 9.455033e-01 -8.657806e-03 5.000000e-02
      vertex 9.490138e-01 -8.195746e-03 5.000000e-02
    endloop
  endfacet
  facet normal -1.310244e-01 9.913791e-01 0.000000e+00
    outer loop
      vertex 9.490138e-01 -8.195746e-03 -5.000000e-02
      vertex 9.524135e-01 -7.746423e-03 5.000000e-02
      vertex 9.524135e-01 -7.746423e-03 -5.000000e-02
    endloop
  endfacet
  facet normal -1.310244e-01 9.913791e-01 0.000000e+00
    outer loop
      vertex 9.490138e-01 -8.195746e-03 -5.000000e-02
      vertex 9.490138e-01 -8.195746e-03 5.000000e-02
      vertex 9.524135e-01 -7.746423e-03 5.000000e-02
    endloop
  endfacet
  facet normal -1.315390e-01 9.913110e-01 0.000000e+00
    outer loop
      vertex 9.524135e-01 -7.746423e-03 -5.000000e-02
      vertex 9.557016e-01 -7.310117e-03 5.000000e-02
      vertex 9.557016e-01 -7.310117e-03 -5.000000e-02
    endloop
  endfacet
  facet normal -1.315390e-01 9.913110e-01 0.000000e+00
    outer loop
      vertex 9.524135e-01 -7.746423e-03 -5.000000e-02
      vertex 9.524135e-01 -7.746423e-03 5.000000e-02
      vertex 9.557016e-01 -7.310117e-03 5.000000e-02
    endloop
  endfacet
  facet normal -1.320393e-01 9.912445e-01 0.000000e+00
    outer loop
      vertex 9.557016e-01 -7.310117e-03 -5.000000e-02
      vertex 9.588773e-01 -6.887100e-03 5.000000e-02
      vertex 9.588773e-01 -6.887100e-03 -5.000000e-02
    endloop
  endfacet
  facet normal -1.320393e-01 9.912445e-01 0.000000e+00
    outer loop
      vertex 9.557016e-01 -7.310117e-03 -5.000000e-02
      vertex 9.557016e-01 -7.310117e-03 5.000000e-02
      vertex 9.588773e-01 -6.887100e-03 5.000000e-02
    endloop
  endfacet
  facet normal -1.325249e-01 9.911797e-01 0.000000e+00
    outer loop
      vertex 9.588773e-01 -6.887100e-03 -5.000000e-02
      vertex 9.619398e-01 -6.477637e-03 5.000000e-02
      vertex 9.619398e-01 -6.477637e-03 -5.000000e-02
    endloop
  endfacet
  facet normal -1.325249e-01 9.911797e-01 0.000000e+00
    outer loop
      vertex 9.588773e-01 -6.887100e-03 -5.000000e-02
      vertex 9.588773e-01 -6.887100e-03 5.000000e-02
      vertex 9.619398e-01 -6.477637e-03 5.000000e-02
    endloop
  endfacet
  facet normal -1.329955e-01 9.911166e-01 0.000000e+00
    outer loop
      vertex 9.619398e-01 -6.477637e-03 -5.000000e-02
      vertex 9.648882e-01 -6.081988e-03 5.000000e-02
      vertex 9.648882e-01 -6.081988e-03 -5.000000e-02
    endloop
  endfacet
  facet normal -1.329955e-01 9.911166e-01 0.000000e+00
    outer loop
      vertex 9.619398e-01 -6.477637e-03 -5.000000e-02
      vertex 9.619398e-01 -6.477637e-03 5.000000e-02
      vertex 9.648882e-01 -6.081988e-03 5.000000e-02
    endloop
  endfacet
  facet normal -1.334507e-01 9.910555e-01 0.000000e+00
    outer loop
      vertex 9.648882e-01 -6.081988e-03 -5.000000e-02
      vertex 9.677220e-01 -5.700406e-03 5.000000e-02
      vertex 9.677220e-01 -5.700406e-03 -5.000000e-02
    endloop
  endfacet
  facet normal -1.334507e-01 9.910555e-01 0.000000e+00
    outer loop
      vertex 9.648882e-01 -6.081988e-03 -5.000000e-02
      vertex 9.648882e-01 -6.081988e-03 5.000000e-02
      vertex 9.677220e-01 -5.700406e-03 5.000000e-02
    endloop
  endfacet
  facet normal -1.338901e-01 9.909962e-01 0.000000e+00
    outer loop
      vertex 9.677220e-01 -5.700406e-03 -5.000000e-02
      vertex 9.704404e-01 -5.333136e-03 5.000000e-02
      vertex 9.704404e-01 -5.333136e-03 -5.000000e-02
    endloop
  endfacet
  facet normal -1.338901e-01 9.909962e-01 0.000000e+00
    outer loop
      vertex 9.677220e-01 -5.700406e-03 -5.000000e-02
      vertex 9.677220e-01 -5.700406e-03 5.000000e-02
      vertex 9.704404e-01 -5.333136e-03 5.000000e-02
    endloop
  endfacet
  facet normal -1.343134e-01 9.909389e-01 0.000000e+00
    outer loop
      vertex 9.704404e-01 -5.333136e-03 -5.000000e-02
      vertex 9.730427e-01 -4.980417e-03 5.000000e-02
      vertex 9.730427e-01 -4.980417e-03 -5.000000e-02
    endloop
  endfacet
  facet normal -1.343134e-01 9.909389e-01 0.000000e+00
    outer loop
      vertex 9.704404e-01 -5.333136e-03 -5.000000e-02
      vertex 9.704404e-01 -5.333136e-03 5.000000e-02
      vertex 9.730427e-01 -4.980417e-03 5.000000e-02
    endloop
  endfacet
  facet normal -1.347202e-01 9.908837e-01 0.000000e+00
    outer loop
      vertex 9.730427e-01 -4.980417e-03 -5.000000e-02
      vertex 9.755283e-01 -4.642479e-03 5.000000e-02
      vertex 9.755283e-01 -4.642479e-03 -5.000000e-02
    endloop
  endfacet
  facet normal -1.347202e-01 9.908837e-01 0.000000e+00
    outer loop
      vertex 9.730427e-01 -4.980417e-03 -5.000000e-02
      vertex 9.730427e-01 -4.980417e-03 5.000000e-02
      vertex 9.755283e-01 -4.642479e-03 5.000000e-02
    endloop
  endfacet
  facet normal -1.351102e-01 9.908306e-01 0.000000e+00
    outer loop
      vertex 9.755283e-01 -4.642479e-03 -5.000000e-02
      vertex 9.778965e-01 -4.319543e-03 5.000000e-02
      vertex 9.778965e-01 -4.319543e-03 -5.000000e-02
    endloop
  endfacet
  facet normal -1.351102e-01 9.908306e-01 0.000000e+00
    outer loop
      vertex 9.755283e-01 -4.642479e-03 -5.000000e-02
      vertex 9.755283e-01 -4.642479e-03 5.000000e-02
      vertex 9.778965e-01 -4.319543e-03 5.000000e-02
    endloop
  endfacet
  facet normal -1.354829e-01 9.907797e-01 0.000000e+00
    outer loop
      vertex 9.778965e-01 -4.319543e-03 -5.000000e-02
      vertex 9.801468e-01 -4.011824e-03 5.000000e-02
      vertex 9.801468e-01 -4.011824e-03 -5.000000e-02
    endloop
  endfacet
  facet normal -1.354829e-01 9.907797e-01 0.000000e+00
    outer loop
      vertex 9.778965e-01 -4.319543e-03 -5.000000e-02
      vertex 9.778965e-01 -4.319543e-03 5.000000e-02
      vertex 9.801468e-01 -4.011824e-03 5.000000e-02
    endloop
  endfacet
  facet normal -1.358382e-01 9.907310e-01 0.000000e+00
    outer loop
      vertex 9.801468e-01 -4.011824e-03 -5.000000e-02
      vertex 9.822787e-01 -3.719526e-03 5.000000e-02
      vertex 9.822787e-01 -3.719526e-03 -5.000000e-02
    endloop
  endfacet
  facet normal -1.358382e-01 9.907310e-01 0.000000e+00
    outer loop
      vertex 9.801468e-01 -4.011824e-03 -5.000000e-02
      vertex 9.801468e-01 -4.011824e-03 5.000000e-02
      vertex 9.822787e-01 -3.719526e-03 5.000000e-02
    endloop
  endfacet
  facet normal -1.361756e-01 9.906847e-01 0.000000e+00
    outer loop
      vertex 9.822787e-01 -3.719526e-03 -5.000000e-02
      vertex 9.842916e-01 -3.442844e-03 5.000000e-02
      vertex 9.842916e-01 -3.442844e-03 -5.000000e-02
    endloop
  endfacet
  facet normal -1.361756e-01 9.906847e-01 0.000000e+00
    outer loop
      vertex 9.822787e-01 -3.719526e-03 -5.000000e-02
      vertex 9.822787e-01 -3.719526e-03 5.000000e-02
      vertex 9.842916e-01 -3.442844e-03 5.000000e-02
    endloop
  endfacet
  facet normal -1.364949e-01 9.906408e-01 0.000000e+00
    outer loop
      vertex 9.842916e-01 -3.442844e-03 -5.000000e-02
      vertex 9.861850e-01 -3.181966e-03 5.000000e-02
      vertex 9.861850e-01 -3.181966e-03 -5.000000e-02
    endloop
  endfacet
  facet normal -1.364949e-01 9.906408e-01 0.000000e+00
    outer loop
      vertex 9.842916e-01 -3.442844e-03 -5.000000e-02
      vertex 9.842916e-01 -3.442844e-03 5.000000e-02
      vertex 9.861850e-01 -3.181966e-03 5.000000e-02
    endloop
  endfacet
  facet normal -1.367957e-01 9.905993e-01 0.000000e+00
    outer loop
      vertex 9.861850e-01 -3.181966e-03 -5.000000e-02
      vertex 9.879584e-01 -2.937067e-03 5.000000e-02
      vertex 9.879584e-01 -2.937067e-03 -5.000000e-02
    endloop
  endfacet
  facet normal -1.367957e-01 9.905993e-01 0.000000e+00
    outer loop
      vertex 9.861850e-01 -3.181966e-03 -5.000000e-02
      vertex 9.861850e-01 -3.181966e-03 5.000000e-02
      vertex 9.879584e-01 -2.937067e-03 5.000000e-02
    endloop
  endfacet
  facet normal -1.370778e-01 9.905603e-01 0.000000e+00
    outer loop
      vertex 9.879584e-01 -2.937067e-03 -5.000000e-02
      vertex 9.896114e-01 -2.708315e-03 5.000000e-02
      vertex 9.896114e-01 -2.708315e-03 -5.000000e-02
    endloop
  endfacet
  facet normal -1.370778e-01 9.905603e-01 0.000000e+00
    outer loop
      vertex 9.879584e-01 -2.937067e-03 -5.000000e-02
      vertex 9.879584e-01 -2.937067e-03 5.000000e-02
      vertex 9.896114e-01 -2.708315e-03 5.000000e-02
    endloop
  endfacet
  facet normal -2.271675e-01 9.738557e-01 0.000000e+00
    outer loop
      vertex 9.896114e-01 -2.708315e-03 -5.000000e-02
      vertex 9.911436e-01 -2.350900e-03 5.000000e-02
      vertex 9.911436e-01 -2.350900e-03 -5.000000e-02
    endloop
  endfacet
  facet normal -2.271675e-01 9.738557e-01 0.000000e+00
    outer loop
      vertex 9.896114e-01 -2.708315e-03 -5.000000e-02
      vertex 9.896114e-01 -2.708315e-03 5.000000e-02
      vertex 9.911436e-01 -2.350900e-03 5.000000e-02
    endloop
  endfacet
  facet normal -2.565621e-01 9.665277e-01 0.000000e+00
    outer loop
      vertex 9.911436e-01 -2.350900e-03 -5.000000e-02
      vertex 9.925547e-01 -1.976344e-03 5.000000e-02
      vertex 9.925547e-01 -1.976344e-03 -5.000000e-02
    endloop
  endfacet
  facet normal -2.565621e-01 9.665277e-01 0.000000e+00
    outer loop
      vertex 9.911436e-01 -2.350900e-03 -5.000000e-02
      vertex 9.911436e-01 -2.350900e-03 5.000000e-02
      vertex 9.925547e-01 -1.976344e-03 5.000000e-02
    endloop
  endfacet
  facet normal -2.565621e-01 9.665277e-01 0.000000e+00
    outer loop
      vertex 9.925547e-01 -1.976344e-03 -5.000000e-02
      vertex 9.938442e-01 -1.634048e-03 5.000000e-02
      vertex 9.938442e-01 -1.634048e-03 -5.000000e-02
    endloop
  endfacet
  facet normal -2.565621e-01 9.665277e-01 0.000000e+00
    outer loop
      vertex 9.925547e-01 -1.976344e-03 -5.000000e-02
      vertex 9.925547e-01 -1.976344e-03 5.000000e-02
      vertex 9.938442e-01 -1.634048e-03 5.000000e-02
    endloop
  endfacet
  facet normal -2.565621e-01 9.665277e-01 0.000000e+00
    outer loop
      vertex 9.938442e-01 -1.634048e-03 -5.000000e-02
      vertex 9.950118e-01 -1.324096e-03 5.000000e-02
      vertex 9.950118e-01 -1.324096e-03 -5.000000e-02
    endloop
  endfacet
  facet normal -2.565621e-01 9.665277e-01 0.000000e+00
    outer loop
      vertex 9.938442e-01 -1.634048e-03 -5.000000e-02
      vertex 9.938442e-01 -1.634048e-03 5.000000e-02
      vertex 9.950118e-01 -1.324096e-03 5.000000e-02
    endloop
  endfacet
  facet normal -2.565621e-01 9.665277e-01 0.000000e+00
    outer loop
      vertex 9.950118e-01 -1.324096e-03 -5.000000e-02
      vertex 9.960574e-01 -1.046565e-03 5.000000e-02
      vertex 9.960574e-01 -1.046565e-03 -5.000000e-02
    endloop
  endfacet
  facet normal -2.565621e-01 9.665277e-01 0.000000e+00
    outer loop
      vertex 9.950118e-01 -1.324096e-03 -5.000000e-02
      vertex 9.950118e-01 -1.324096e-03 5.000000e-02
      vertex 9.960574e-01 -1.046565e-03 5.000000e-02
    endloop
  endfacet
  facet normal -2.565621e-01 9.665277e-01 0.000000e+00
    outer loop
      vertex 9.960574e-01 -1.046565e-03 -5.000000e-02
      vertex 9.969805e-01 -8.015239e-04 5.000000e-02
      vertex 9.969805e-01 -8.015239e-04 -5.000000e-02
    endloop
  endfacet
  facet normal -2.565621e-01 9.665277e-01 0.000000e+00
    outer loop
      vertex 9.960574e-01 -1.046565e-03 -5.000000e-02
      vertex 9.960574e-01 -1.046565e-03 5.000000e-02
      vertex 9.969805e-01 -8.015239e-04 5.000000e-02
    endloop
  endfacet
  facet normal -2.565621e-01 9.665277e-01 0.000000e+00
    outer loop
      vertex 9.969805e-01 -8.015239e-04 -5.000000e-02
      vertex 9.977810e-01 -5.890321e-04 5.000000e-02
      vertex 9.977810e-01 -5.890321e-04 -5.000000e-02
    endloop
  endfacet
  facet normal -2.565621e-01 9.665277e-01 0.000000e+00
    outer loop
      vertex 9.969805e-01 -8.015239e-04 -5.000000e-02
      vertex 9.969805e-01 -8.015239e-04 5.000000e-02
      vertex 9.977810e-01 -5.890321e-04 5.000000e-02
    endloop
  endfacet
  facet normal -2.565621e-01 9.665277e-01 0.000000e+00
    outer loop
      vertex 9.977810e-01 -5.890321e-04 -5.000000e-02
      vertex 9.984587e-01 -4.091426e-04 5.000000e-02
      vertex 9.984587e-01 -4.091426e-04 -5.000000e-02
    endloop
  endfacet
  facet normal -2.565621e-01 9.665277e-01 0.000000e+00
    outer loop
      vertex 9.977810e-01 -5.890321e-04 -5.000000e-02
      vertex 9.977810e-01 -5.890321e-04 5.000000e-02
      vertex 9.984587e-01 -4.091426e-04 5.000000e-02
    endloop
  endfacet
  facet normal -2.565621e-01 9.665277e-01 0.000000e+00
    outer loop
      vertex 9.984587e-01 -4.091426e-04 -5.000000e-02
      vertex 9.990134e-01 -2.618998e-04 5.000000e-02
      vertex 9.990134e-01 -2.618998e-04 -5.000000e-02
    endloop
  endfacet
  facet normal -2.565621e-01 9.665277e-01 0.000000e+00
    outer loop
      vertex 9.984587e-01 -4.091426e-04 -5.000000e-02
      vertex 9.984587e-01 -4.091426e-04 5.000000e-02
      vertex 9.990134e-01 -2.618998e-04 5.000000e-02
    endloop
  endfacet
  facet normal -2.565621e-01 9.665277e-01 0.000000e+00
    outer loop
      vertex 9.990134e-01 -2.618998e-04 -5.000000e-02
      vertex 9.994449e-01 -1.473398e-04 5.000000e-02
      vertex 9.994449e-01 -1.473398e-04 -5.000000e-02
    endloop
  endfacet
  facet normal -2.565621e-01 9.665277e-01 0.000000e+00
    outer loop
      vertex 9.990134e-01 -2.618998e-04 -5.000000e-02
      vertex 9.990134e-01 -2.618998e-04 5.000000e-02
      vertex 9.994449e-01 -1.473398e-04 5.000000e-02
    endloop
  endfacet
  facet normal -2.565621e-01 9.665277e-01 0.000000e+00
    outer loop
      vertex 9.994449e-01 -1.473398e-04 -5.000000e-02
      vertex 9.997533e-01 -6.549110e-05 5.000000e-02
      vertex 9.997533e-01 -6.549110e-05 -5.000000e-02
    endloop
  endfacet
  facet normal -2.565621e-01 9.665277e-01 0.000000e+00
    outer loop
      vertex 9.994449e-01 -1.473398e-04 -5.000000e-02
      vertex 9.994449e-01 -1.473398e-04 5.000000e-02
      vertex 9.997533e-01 -6.549110e-05 5.000000e-02
    endloop
  endfacet
  facet normal -2.565621e-01 9.665277e-01 0.000000e+00
    outer loop
      vertex 9.997533e-01 -6.549110e-05 -5.000000e-02
      vertex 9.999383e-01 -1.637378e-05 5.000000e-02
      vertex 9.999383e-01 -1.637378e-05 -5.000000e-02
    endloop
  endfacet
  facet normal -2.565621e-01 9.665277e-01 0.000000e+00
    outer loop
      vertex 9.997533e-01 -6.549110e-05 -5.000000e-02
      vertex 9.997533e-01 -6.549110e-05 5.000000e-02
      vertex 9.999383e-01 -1.637378e-05 5.000000e-02
    endloop
  endfacet
  facet normal -2.565621e-01 9.665277e-01 0.000000e+00
    outer loop
      vertex 9.999383e-01 -1.637378e-05 -5.000000e-02
      vertex 1.000000e+00 -0.000000e+00 5.000000e-02
      vertex 1.000000e+00 -0.000000e+00 -5.000000e-02
    endloop
  endfacet
  facet normal -2.565621e-01 9.665277e-01 0.000000e+00
    outer loop
      vertex 9.999383e-01 -1.637378e-05 -5.000000e-02
      vertex 9.999383e-01 -1.637378e-05 5.000000e-02
      vertex 1.000000e+00 -0.000000e+00 5.000000e-02
    endloop
  endfacet
  facet normal -0.000000e+00 0.000000e+00 1.000000e+00
    outer loop
      vertex 0.000000e+00 0.000000e+00 -5.000000e-02
      vertex 6.168376e-05 -1.394430e-03 -5.000000e-02
      vertex 6.168376e-05 1.394430e-03 -5.000000e-02
    endloop
  endfacet
  facet normal -0.000000e+00 0.000000e+00 1.000000e+00
    outer loop
      vertex 6.168376e-05 1.394430e-03 -5.000000e-02
      vertex 2.467198e-04 -2.779437e-03 -5.000000e-02
      vertex 2.467198e-04 2.779437e-03 -5.000000e-02
    endloop
  endfacet
  facet normal 0.000000e+00 0.000000e+00 1.000000e+00
    outer loop
      vertex 6.168376e-05 1.394430e-03 -5.000000e-02
      vertex 6.168376e-05 -1.394430e-03 -5.000000e-02
      vertex 2.467198e-04 -2.779437e-03 -5.000000e-02
    endloop
  endfacet
  facet normal -0.000000e+00 0.000000e+00 1.000000e+00
    outer loop
      vertex 2.467198e-04 2.779437e-03 -5.000000e-02
      vertex 5.550625e-04 -4.154909e-03 -5.000000e-02
      vertex 5.550625e-04 4.154909e-03 -5.000000e-02
    endloop
  endfacet
  facet normal 0.000000e+00 0.000000e+00 1.000000e+00
    outer loop
      vertex 2.467198e-04 2.779437e-03 -5.000000e-02
      vertex 2.467198e-04 -2.779437e-03 -5.000000e-02
      vertex 5.550625e-04 -4.154909e-03 -5.000000e-02
    endloop
  endfacet
  facet normal -0.000000e+00 0.000000e+00 1.000000e+00
    outer loop
      vertex 5.550625e-04 4.154909e-03 -5.000000e-02
      vertex 9.866358e-04 -5.520718e-03 -5.000000e-02
      vertex 9.866358e-04 5.520718e-03 -5.000000e-02
    endloop
  endfacet
  facet normal 0.000000e+00 0.000000e+00 1.000000e+00
    outer loop
      vertex 5.550625e-04 4.154909e-03 -5.000000e-02
      vertex 5.550625e-04 -4.154909e-03 -5.000000e-02
      vertex 9.866358e-04 -5.520718e-03 -5.000000e-02
    endloop
  endfacet
  facet normal -0.000000e+00 0.000000e+00 1.000000e+00
    outer loop
      vertex 9.866358e-04 5.520718e-03 -5.000000e-02
      vertex 1.541333e-03 -6.876718e-03 -5.000000e-02
      vertex 1.541333e-03 6.876718e-03 -5.000000e-02
    endloop
  endfacet
  facet normal 0.000000e+00 0.000000e+00 1.000000e+00
    outer loop
      vertex 9.866358e-04 5.520718e-03 -5.000000e-02
      vertex 9.866358e-04 -5.520718e-03 -5.000000e-02
      vertex 1.541333e-03 -6.876718e-03 -5.000000e-02
    endloop
  endfacet
  facet normal -0.000000e+00 0.000000e+00 1.000000e+00
    outer loop
      vertex 1.541333e-03 6.876718e-03 -5.000000e-02
      vertex 2.219018e-03 -8.222748e-03 -5.000000e-02
      vertex 2.219018e-03 8.222748e-03 -5.000000e-02
    endloop
  endfacet
  facet normal 0.000000e+00 0.000000e+00 1.000000e+00
    outer loop
      vertex 1.541333e-03 6.876718e-03 -5.000000e-02
      vertex 1.541333e-03 -6.876718e-03 -5.000000e-02
      vertex 2.219018e-03 -8.222748e-03 -5.000000e-02
    endloop
  endfacet
  facet normal -0.000000e+00 0.000000e+00 1.000000e+00
    outer loop
      vertex 2.219018e-03 8.222748e-03 -5.000000e-02
      vertex 3.019522e-03 -9.558630e-03 -5.000000e-02
      vertex 3.019522e-03 9.558630e-03 -5.000000e-02
    endloop
  endfacet
  facet normal 0.000000e+00 0.000000e+00 1.000000e+00
    outer loop
      vertex 2.219018e-03 8.222748e-03 -5.000000e-02
      vertex 2.219018e-03 -8.222748e-03 -5.000000e-02
      vertex 3.019522e-03 -9.558630e-03 -5.000000e-02
    endloop
  endfacet
  facet normal -0.000000e+00 0.000000e+00 1.000000e+00
    outer loop
      vertex 3.019522e-03 9.558630e-03 -5.000000e-02
      vertex 3.942649e-03 -1.088417e-02 -5.000000e-02
      vertex 3.942649e-03 1.088417e-02 -5.000000e-02
    endloop
  endfacet
  facet normal 0.000000e+00 0.000000e+00 1.000000e+00
    outer loop
      vertex 3.019522e-03 9.558630e-03 -5.000000e-02
      vertex 3.019522e-03 -9.558630e-03 -5.000000e-02
      vertex 3.942649e-03 -1.088417e-02 -5.000000e-02
    endloop
  endfacet
  facet normal -0.000000e+00 0.000000e+00 1.000000e+00
    outer loop
      vertex 3.942649e-03 1.088417e-02 -5.000000e-02
      vertex 4.988171e-03 -1.219916e-02 -5.000000e-02
      vertex 4.988171e-03 1.219916e-02 -5.000000e-02
    endloop
  endfacet
  facet normal 0.000000e+00 0.000000e+00 1.000000e+00
    outer loop
      vertex 3.942649e-03 1.088417e-02 -5.000000e-02
      vertex 3.942649e-03 -1.088417e-02 -5.000000e-02
      vertex 4.988171e-03 -1.219916e-02 -5.000000e-02
    endloop
  endfacet
  facet normal -0.000000e+00 0.000000e+00 1.000000e+00
    outer loop
      vertex 4.988171e-03 1.219916e-02 -5.000000e-02
      vertex 6.155830e-03 -1.350337e-02 -5.000000e-02
      vertex 6.155830e-03 1.350337e-02 -5.000000e-02
    endloop
  endfacet
  facet normal 0.000000e+00 0.000000e+00 1.000000e+00
    outer loop
      vertex 4.988171e-03 1.219916e-02 -5.000000e-02
      vertex 4.988171e-03 -1.219916e-02 -5.000000e-02
      vertex 6.155830e-03 -1.350337e-02 -5.000000e-02
    endloop
  endfacet
  facet normal -0.000000e+00 0.000000e+00 1.000000e+00
    outer loop
      vertex 6.155830e-03 1.350337e-02 -5.000000e-02
      vertex 7.445337e-03 -1.479656e-02 -5.000000e-02
      vertex 7.445337e-03 1.479656e-02 -5.000000e-02
    endloop
  endfacet
  facet normal 0.000000e+00 0.000000e+00 1.000000e+00
    outer loop
      vertex 6.155830e-03 1.350337e-02 -5.000000e-02
      vertex 6.155830e-03 -1.350337e-02 -5.000000e-02
      vertex 7.445337e-03 -1.479656e-02 -5.000000e-02
    endloop
  endfacet
  facet normal -0.000000e+00 0.000000e+00 1.000000e+00
    outer loop
      vertex 7.445337e-03 1.479656e-02 -5.000000e-02
      vertex 8.856375e-03 -1.607848e-02 -5.000000e-02
      vertex 8.856375e-03 1.607848e-02 -5.000000e-02
    endloop
  endfacet
  facet normal 0.000000e+00 0.000000e+00 1.000000e+00
    outer loop
      vertex 7.445337e-03 1.479656e-02 -5.000000e-02
      vertex 7.445337e-03 -1.479656e-02 -5.000000e-02
      vertex 8.856375e-03 -1.607848e-02 -5.000000e-02
    endloop
  endfacet
  facet normal -0.000000e+00 0.000000e+00 1.000000e+00
    outer loop
      vertex 8.856375e-03 1.607848e-02 -5.000000e-02
      vertex 1.038859e-02 -1.734887e-02 -5.000000e-02
      vertex 1.038859e-02 1.734887e-02 -5.000000e-02
    endloop
  endfacet
  facet normal 0.000000e+00 0.000000e+00 1.000000e+00
    outer loop
      vertex 8.856375e-03 1.607848e-02 -5.000000e-02
      vertex 8.856375e-03 -1.607848e-02 -5.000000e-02
      vertex 1.038859e-02 -1.734887e-02 -5.000000e-02
    endloop
  endfacet
  facet normal -0.000000e+00 0.000000e+00 1.000000e+00
    outer loop
      vertex 1.038859e-02 1.734887e-02 -5.000000e-02
      vertex 1.204162e-02 -1.860743e-02 -5.000000e-02
      vertex 1.204162e-02 1.860743e-02 -5.000000e-02
    endloop
  endfacet
  facet normal 0.000000e+00 0.000000e+00 1.000000e+00
    outer loop
      vertex 1.038859e-02 1.734887e-02 -5.000000e-02
      vertex 1.038859e-02 -1.734887e-02 -5.000000e-02
      vertex 1.204162e-02 -1.860743e-02 -5.000000e-02
    endloop
  endfacet
  facet normal -0.000000e+00 0.000000e+00 1.000000e+00
    outer loop
      vertex 1.204162e-02 1.860743e-02 -5.000000e-02
      vertex 1.381504e-02 -1.985388e-02 -5.000000e-02
      vertex 1.381504e-02 1.985388e-02 -5.000000e-02
    endloop
  endfacet
  facet normal 0.000000e+00 0.000000e+00 1.000000e+00
    outer loop
      vertex 1.204162e-02 1.860743e-02 -5.000000e-02
      vertex 1.204162e-02 -1.860743e-02 -5.000000e-02
      vertex 1.381504e-02 -1.985388e-02 -5.000000e-02
    endloop
  endfacet
  facet normal -0.000000e+00 0.000000e+00 1.000000e+00
    outer loop
      vertex 1.381504e-02 1.985388e-02 -5.000000e-02
      vertex 1.570842e-02 -2.108791e-02 -5.000000e-02
      vertex 1.570842e-02 2.108791e-02 -5.000000e-02
    endloop
  endfacet
  facet normal 0.000000e+00 0.000000e+00 1.000000e+00
    outer loop
      vertex 1.381504e-02 1.985388e-02 -5.000000e-02
      vertex 1.381504e-02 -1.985388e-02 -5.000000e-02
      vertex 1.570842e-02 -2.108791e-02 -5.000000e-02
    endloop
  endfacet
  facet normal -0.000000e+00 0.000000e+00 1.000000e+00
    outer loop
      vertex 1.570842e-02 2.108791e-02 -5.000000e-02
      vertex 1.772129e-02 -2.230920e-02 -5.000000e-02
      vertex 1.772129e-02 2.230920e-02 -5.000000e-02
    endloop
  endfacet
  facet normal 0.000000e+00 0.000000e+00 1.000000e+00
    outer loop
      vertex 1.570842e-02 2.108791e-02 -5.000000e-02
      vertex 1.570842e-02 -2.108791e-02 -5.000000e-02
      vertex 1.772129e-02 -2.230920e-02 -5.000000e-02
    endloop
  endfacet
  facet normal -0.000000e+00 0.000000e+00 1.000000e+00
    outer loop
      vertex 1.772129e-02 2.230920e-02 -5.000000e-02
      vertex 1.985316e-02 -2.351742e-02 -5.000000e-02
      vertex 1.985316e-02 2.351742e-02 -5.000000e-02
    endloop
  endfacet
  facet normal 0.000000e+00 0.000000e+00 1.000000e+00
    outer loop
      vertex 1.772129e-02 2.230920e-02 -5.000000e-02
      vertex 1.772129e-02 -2.230920e-02 -5.000000e-02
      vertex 1.985316e-02 -2.351742e-02 -5.000000e-02
    endloop
  endfacet
  facet normal -0.000000e+00 0.000000e+00 1.000000e+00
    outer loop
      vertex 1.985316e-02 2.351742e-02 -5.000000e-02
      vertex 2.210349e-02 -2.471224e-02 -5.000000e-02
      vertex 2.210349e-02 2.471224e-02 -5.000000e-02
    endloop
  endfacet
  facet normal 0.000000e+00 0.000000e+00 1.000000e+00
    outer loop
      vertex 1.985316e-02 2.351742e-02 -5.000000e-02
      vertex 1.985316e-02 -2.351742e-02 -5.000000e-02
      vertex 2.210349e-02 -2.471224e-02 -5.000000e-02
    endloop
  endfacet
  facet normal -0.000000e+00 0.000000e+00 1.000000e+00
    outer loop
      vertex 2.210349e-02 2.471224e-02 -5.000000e-02
      vertex 2.447174e-02 -2.589331e-02 -5.000000e-02
      vertex 2.447174e-02 2.589331e-02 -5.000000e-02
    endloop
  endfacet
  facet normal 0.000000e+00 0.000000e+00 1.000000e+00
    outer loop
      vertex 2.210349e-02 2.471224e-02 -5.000000e-02
      vertex 2.210349e-02 -2.471224e-02 -5.000000e-02
      vertex 2.447174e-02 -2.589331e-02 -5.000000e-02
    endloop
  endfacet
  facet normal -0.000000e+00 0.000000e+00 1.000000e+00
    outer loop
      vertex 2.447174e-02 2.589331e-02 -5.000000e-02
      vertex 2.695732e-02 -2.706028e-02 -5.000000e-02
      vertex 2.695732e-02 2.706028e-02 -5.000000e-02
    endloop
  endfacet
  facet normal 0.000000e+00 0.000000e+00 1.000000e+00
    outer loop
      vertex 2.447174e-02 2.589331e-02 -5.000000e-02
      vertex 2.447174e-02 -2.589331e-02 -5.000000e-02
      vertex 2.695732e-02 -2.706028e-02 -5.000000e-02
    endloop
  endfacet
  facet normal -0.000000e+00 0.000000e+00 1.000000e+00
    outer loop
      vertex 2.695732e-02 2.706028e-02 -5.000000e-02
      vertex 2.955962e-02 -2.821277e-02 -5.000000e-02
      vertex 2.955962e-02 2.821277e-02 -5.000000e-02
    endloop
  endfacet
  facet normal 0.000000e+00 0.000000e+00 1.000000e+00
    outer loop
      vertex 2.695732e-02 2.706028e-02 -5.000000e-02
      vertex 2.695732e-02 -2.706028e-02 -5.000000e-02
      vertex 2.955962e-02 -2.821277e-02 -5.000000e-02
    endloop
  endfacet
  facet normal -0.000000e+00 0.000000e+00 1.000000e+00
    outer loop
      vertex 2.955962e-02 2.821277e-02 -5.000000e-02
      vertex 3.227798e-02 -2.935043e-02 -5.000000e-02
      vertex 3.227798e-02 2.935043e-02 -5.000000e-02
    endloop
  endfacet
  facet normal 0.000000e+00 0.000000e+00 1.000000e+00
    outer loop
      vertex 2.955962e-02 2.821277e-02 -5.000000e-02
      vertex 2.955962e-02 -2.821277e-02 -5.000000e-02
      vertex 3.227798e-02 -2.935043e-02 -5.000000e-02
    endloop
  endfacet
  facet normal -0.000000e+00 0.000000e+00 1.000000e+00
    outer loop
      vertex 3.227798e-02 2.935043e-02 -5.000000e-02
      vertex 3.511176e-02 -3.047287e-02 -5.000000e-02
      vertex 3.511176e-02 3.047287e-02 -5.000000e-02
    endloop
  endfacet
  facet normal 0.000000e+00 0.000000e+00 1.000000e+00
    outer loop
      vertex 3.227798e-02 2.935043e-02 -5.000000e-02
      vertex 3.227798e-02 -2.935043e-02 -5.000000e-02
      vertex 3.511176e-02 -3.047287e-02 -5.000000e-02
    endloop
  endfacet
  facet normal -0.000000e+00 0.000000e+00 1.000000e+00
    outer loop
      vertex 3.511176e-02 3.047287e-02 -5.000000e-02
      vertex 3.806023e-02 -3.157972e-02 -5.000000e-02
      vertex 3.806023e-02 3.157972e-02 -5.000000e-02
    endloop
  endfacet
  facet normal 0.000000e+00 0.000000e+00 1.000000e+00
    outer loop
      vertex 3.511176e-02 3.047287e-02 -5.000000e-02
      vertex 3.511176e-02 -3.047287e-02 -5.000000e-02
      vertex 3.806023e-02 -3.157972e-02 -5.000000e-02
    endloop
  endfacet
  facet normal -0.000000e+00 0.000000e+00 1.000000e+00
    outer loop
      vertex 3.806023e-02 3.157972e-02 -5.000000e-02
      vertex 4.112269e-02 -3.267059e-02 -5.000000e-02
      vertex 4.112269e-02 3.267059e-02 -5.000000e-02
    endloop
  endfacet
  facet normal 0.000000e+00 0.000000e+00 1.000000e+00
    outer loop
      vertex 3.806023e-02 3.157972e-02 -5.000000e-02
      vertex 3.806023e-02 -3.157972e-02 -5.000000e-02
      vertex 4.112269e-02 -3.267059e-02 -5.000000e-02
    endloop
  endfacet
  facet normal -0.000000e+00 0.000000e+00 1.000000e+00
    outer loop
      vertex 4.112269e-02 3.267059e-02 -5.000000e-02
      vertex 4.429836e-02 -3.374510e-02 -5.000000e-02
      vertex 4.429836e-02 3.374510e-02 -5.000000e-02
    endloop
  endfacet
  facet normal 0.000000e+00 0.000000e+00 1.000000e+00
    outer loop
      vertex 4.112269e-02 3.267059e-02 -5.000000e-02
      vertex 4.112269e-02 -3.267059e-02 -5.000000e-02
      vertex 4.429836e-02 -3.374510e-02 -5.000000e-02
    endloop
  endfacet
  facet normal -0.000000e+00 0.000000e+00 1.000000e+00
    outer loop
      vertex 4.429836e-02 3.374510e-02 -5.000000e-02
      vertex 4.758647e-02 -3.480286e-02 -5.000000e-02
      vertex 4.758647e-02 3.480286e-02 -5.000000e-02
    endloop
  endfacet
  facet normal 0.000000e+00 0.000000e+00 1.000000e+00
    outer loop
      vertex 4.429836e-02 3.374510e-02 -5.000000e-02
      vertex 4.429836e-02 -3.374510e-02 -5.000000e-02
      vertex 4.758647e-02 -3.480286e-02 -5.000000e-02
    endloop
  endfacet
  facet normal -0.000000e+00 0.000000e+00 1.000000e+00
    outer loop
      vertex 4.758647e-02 3.480286e-02 -5.000000e-02
      vertex 5.098621e-02 -3.584347e-02 -5.000000e-02
      vertex 5.098621e-02 3.584347e-02 -5.000000e-02
    endloop
  endfacet
  facet normal 0.000000e+00 0.000000e+00 1.000000e+00
    outer loop
      vertex 4.758647e-02 3.480286e-02 -5.000000e-02
      vertex 4.758647e-02 -3.480286e-02 -5.000000e-02
      vertex 5.098621e-02 -3.584347e-02 -5.000000e-02
    endloop
  endfacet
  facet normal -0.000000e+00 0.000000e+00 1.000000e+00
    outer loop
      vertex 5.098621e-02 3.584347e-02 -5.000000e-02
      vertex 5.449674e-02 -3.686655e-02 -5.000000e-02
      vertex 5.449674e-02 3.686655e-02 -5.000000e-02
    endloop
  endfacet
  facet normal 0.000000e+00 0.000000e+00 1.000000e+00
    outer loop
      vertex 5.098621e-02 3.584347e-02 -5.000000e-02
      vertex 5.098621e-02 -3.584347e-02 -5.000000e-02
      vertex 5.449674e-02 -3.686655e-02 -5.000000e-02
    endloop
  endfacet
  facet normal -0.000000e+00 0.000000e+00 1.000000e+00
    outer loop
      vertex 5.449674e-02 3.686655e-02 -5.000000e-02
      vertex 5.811718e-02 -3.787170e-02 -5.000000e-02
      vertex 5.811718e-02 3.787170e-02 -5.000000e-02
    endloop
  endfacet
  facet normal 0.000000e+00 0.000000e+00 1.000000e+00
    outer loop
      vertex 5.449674e-02 3.686655e-02 -5.000000e-02
      vertex 5.449674e-02 -3.686655e-02 -5.000000e-02
      vertex 5.811718e-02 -3.787170e-02 -5.000000e-02
    endloop
  endfacet
  facet normal -0.000000e+00 0.000000e+00 1.000000e+00
    outer loop
      vertex 5.811718e-02 3.787170e-02 -5.000000e-02
      vertex 6.184666e-02 -3.885855e-02 -5.000000e-02
      vertex 6.184666e-02 3.885855e-02 -5.000000e-02
    endloop
  endfacet
  facet normal 0.000000e+00 0.000000e+00 1.000000e+00
    outer loop
      vertex 5.811718e-02 3.787170e-02 -5.000000e-02
      vertex 5.811718e-02 -3.787170e-02 -5.000000e-02
      vertex 6.184666e-02 -3.885855e-02 -5.000000e-02
    endloop
  endfacet
  facet normal -0.000000e+00 0.000000e+00 1.000000e+00
    outer loop
      vertex 6.184666e-02 3.885855e-02 -5.000000e-02
      vertex 6.568424e-02 -3.982670e-02 -5.000000e-02
      vertex 6.568424e-02 3.982670e-02 -5.000000e-02
    endloop
  endfacet
  facet normal 0.000000e+00 0.000000e+00 1.000000e+00
    outer loop
      vertex 6.184666e-02 3.885855e-02 -5.000000e-02
      vertex 6.184666e-02 -3.885855e-02 -5.000000e-02
      vertex 6.568424e-02 -3.982670e-02 -5.000000e-02
    endloop
  endfacet
  facet normal -0.000000e+00 0.000000e+00 1.000000e+00
    outer loop
      vertex 6.568424e-02 3.982670e-02 -5.000000e-02
      vertex 6.962899e-02 -4.077577e-02 -5.000000e-02
      vertex 6.962899e-02 4.077577e-02 -5.000000e-02
    endloop
  endfacet
  facet normal 0.000000e+00 0.000000e+00 1.000000e+00
    outer loop
      vertex 6.568424e-02 3.982670e-02 -5.000000e-02
      vertex 6.568424e-02 -3.982670e-02 -5.000000e-02
      vertex 6.962899e-02 -4.077577e-02 -5.000000e-02
    endloop
  endfacet
  facet normal -0.000000e+00 0.000000e+00 1.000000e+00
    outer loop
      vertex 6.962899e-02 4.077577e-02 -5.000000e-02
      vertex 7.367992e-02 -4.170539e-02 -5.000000e-02
      vertex 7.367992e-02 4.170539e-02 -5.000000e-02
    endloop
  endfacet
  facet normal 0.000000e+00 0.000000e+00 1.000000e+00
    outer loop
      vertex 6.962899e-02 4.077577e-02 -5.000000e-02
      vertex 6.962899e-02 -4.077577e-02 -5.000000e-02
      vertex 7.367992e-02 -4.170539e-02 -5.000000e-02
    endloop
  endfacet
  facet normal -0.000000e+00 0.000000e+00 1.000000e+00
    outer loop
      vertex 7.367992e-02 4.170539e-02 -5.000000e-02
      vertex 7.783604e-02 -4.261519e-02 -5.000000e-02
      vertex 7.783604e-02 4.261519e-02 -5.000000e-02
    endloop
  endfacet
  facet normal 0.000000e+00 0.000000e+00 1.000000e+00
    outer loop
      vertex 7.367992e-02 4.170539e-02 -5.000000e-02
      vertex 7.367992e-02 -4.170539e-02 -5.000000e-02
      vertex 7.783604e-02 -4.261519e-02 -5.000000e-02
    endloop
  endfacet
  facet normal -0.000000e+00 0.000000e+00 1.000000e+00
    outer loop
      vertex 7.783604e-02 4.261519e-02 -5.000000e-02
      vertex 8.209632e-02 -4.350479e-02 -5.000000e-02
      vertex 8.209632e-02 4.350479e-02 -5.000000e-02
    endloop
  endfacet
  facet normal 0.000000e+00 0.000000e+00 1.000000e+00
    outer loop
      vertex 7.783604e-02 4.261519e-02 -5.000000e-02
      vertex 7.783604e-02 -4.261519e-02 -5.000000e-02
      vertex 8.209632e-02 -4.350479e-02 -5.000000e-02
    endloop
  endfacet
  facet normal -0.000000e+00 0.000000e+00 1.000000e+00
    outer loop
      vertex 8.209632e-02 4.350479e-02 -5.000000e-02
      vertex 8.645971e-02 -4.437385e-02 -5.000000e-02
      vertex 8.645971e-02 4.437385e-02 -5.000000e-02
    endloop
  endfacet
  facet normal 0.000000e+00 0.000000e+00 1.000000e+00
    outer loop
      vertex 8.209632e-02 4.350479e-02 -5.000000e-02
      vertex 8.209632e-02 -4.350479e-02 -5.000000e-02
      vertex 8.645971e-02 -4.437385e-02 -5.000000e-02
    endloop
  endfacet
  facet normal -0.000000e+00 0.000000e+00 1.000000e+00
    outer loop
      vertex 8.645971e-02 4.437385e-02 -5.000000e-02
      vertex 9.092514e-02 -4.522201e-02 -5.000000e-02
      vertex 9.092514e-02 4.522201e-02 -5.000000e-02
    endloop
  endfacet
  facet normal 0.000000e+00 0.000000e+00 1.000000e+00
    outer loop
      vertex 8.645971e-02 4.437385e-02 -5.000000e-02
      vertex 8.645971e-02 -4.437385e-02 -5.000000e-02
      vertex 9.092514e-02 -4.522201e-02 -5.000000e-02
    endloop
  endfacet
  facet normal -0.000000e+00 0.000000e+00 1.000000e+00
    outer loop
      vertex 9.092514e-02 4.522201e-02 -5.000000e-02
      vertex 9.549150e-02 -4.604893e-02 -5.000000e-02
      vertex 9.549150e-02 4.604893e-02 -5.000000e-02
    endloop
  endfacet
  facet normal 0.000000e+00 0.000000e+00 1.000000e+00
    outer loop
      vertex 9.092514e-02 4.522201e-02 -5.000000e-02
      vertex 9.092514e-02 -4.522201e-02 -5.000000e-02
      vertex 9.549150e-02 -4.604893e-02 -5.000000e-02
    endloop
  endfacet
  facet normal -0.000000e+00 0.000000e+00 1.000000e+00
    outer loop
      vertex 9.549150e-02 4.604893e-02 -5.000000e-02
      vertex 1.001577e-01 -4.685429e-02 -5.000000e-02
      vertex 1.001577e-01 4.685429e-02 -5.000000e-02
    endloop
  endfacet
  facet normal 0.000000e+00 0.000000e+00 1.000000e+00
    outer loop
      vertex 9.549150e-02 4.604893e-02 -5.000000e-02
      vertex 9.549150e-02 -4.604893e-02 -5.000000e-02
      vertex 1.001577e-01 -4.685429e-02 -5.000000e-02
    endloop
  endfacet
  facet normal -0.000000e+00 0.000000e+00 1.000000e+00
    outer loop
      vertex 1.001577e-01 4.685429e-02 -5.000000e-02
      vertex 1.049225e-01 -4.763776e-02 -5.000000e-02
      vertex 1.049225e-01 4.763776e-02 -5.000000e-02
    endloop
  endfacet
  facet normal 0.000000e+00 0.000000e+00 1.000000e+00
    outer loop
      vertex 1.001577e-01 4.685429e-02 -5.000000e-02
      vertex 1.001577e-01 -4.685429e-02 -5.000000e-02
      vertex 1.049225e-01 -4.763776e-02 -5.000000e-02
    endloop
  endfacet
  facet normal -0.000000e+00 0.000000e+00 1.000000e+00
    outer loop
      vertex 1.049225e-01 4.763776e-02 -5.000000e-02
      vertex 1.097848e-01 -4.839903e-02 -5.000000e-02
      vertex 1.097848e-01 4.839903e-02 -5.000000e-02
    endloop
  endfacet
  facet normal 0.000000e+00 0.000000e+00 1.000000e+00
    outer loop
      vertex 1.049225e-01 4.763776e-02 -5.000000e-02
      vertex 1.049225e-01 -4.763776e-02 -5.000000e-02
      vertex 1.097848e-01 -4.839903e-02 -5.000000e-02
    endloop
  endfacet
  facet normal -0.000000e+00 0.000000e+00 1.000000e+00
    outer loop
      vertex 1.097848e-01 4.839903e-02 -5.000000e-02
      vertex 1.147434e-01 -4.913781e-02 -5.000000e-02
      vertex 1.147434e-01 4.913781e-02 -5.000000e-02
    endloop
  endfacet
  facet normal 0.000000e+00 0.000000e+00 1.000000e+00
    outer loop
      vertex 1.097848e-01 4.839903e-02 -5.000000e-02
      vertex 1.097848e-01 -4.839903e-02 -5.000000e-02
      vertex 1.147434e-01 -4.913781e-02 -5.000000e-02
    endloop
  endfacet
  facet normal -0.000000e+00 0.000000e+00 1.000000e+00
    outer loop
      vertex 1.147434e-01 4.913781e-02 -5.000000e-02
      vertex 1.197970e-01 -4.985381e-02 -5.000000e-02
      vertex 1.197970e-01 4.985381e-02 -5.000000e-02
    endloop
  endfacet
  facet normal 0.000000e+00 0.000000e+00 1.000000e+00
    outer loop
      vertex 1.147434e-01 4.913781e-02 -5.000000e-02
      vertex 1.147434e-01 -4.913781e-02 -5.000000e-02
      vertex 1.197970e-01 -4.985381e-02 -5.000000e-02
    endloop
  endfacet
  facet normal -0.000000e+00 0.000000e+00 1.000000e+00
    outer loop
      vertex 1.197970e-01 4.985381e-02 -5.000000e-02
      vertex 1.249445e-01 -5.054676e-02 -5.000000e-02
      vertex 1.249445e-01 5.054676e-02 -5.000000e-02
    endloop
  endfacet
  facet normal 0.000000e+00 0.000000e+00 1.000000e+00
    outer loop
      vertex 1.197970e-01 4.985381e-02 -5.000000e-02
      vertex 1.197970e-01 -4.985381e-02 -5.000000e-02
      vertex 1.249445e-01 -5.054676e-02 -5.000000e-02
    endloop
  endfacet
  facet normal -0.000000e+00 0.000000e+00 1.000000e+00
    outer loop
      vertex 1.249445e-01 5.054676e-02 -5.000000e-02
      vertex 1.301845e-01 -5.121642e-02 -5.000000e-02
      vertex 1.301845e-01 5.121642e-02 -5.000000e-02
    endloop
  endfacet
  facet normal 0.000000e+00 0.000000e+00 1.000000e+00
    outer loop
      vertex 1.249445e-01 5.054676e-02 -5.000000e-02
      vertex 1.249445e-01 -5.054676e-02 -5.000000e-02
      vertex 1.301845e-01 -5.121642e-02 -5.000000e-02
    endloop
  endfacet
  facet normal -0.000000e+00 0.000000e+00 1.000000e+00
    outer loop
      vertex 1.301845e-01 5.121642e-02 -5.000000e-02
      vertex 1.355157e-01 -5.186253e-02 -5.000000e-02
      vertex 1.355157e-01 5.186253e-02 -5.000000e-02
    endloop
  endfacet
  facet normal 0.000000e+00 0.000000e+00 1.000000e+00
    outer loop
      vertex 1.301845e-01 5.121642e-02 -5.000000e-02
      vertex 1.301845e-01 -5.121642e-02 -5.000000e-02
      vertex 1.355157e-01 -5.186253e-02 -5.000000e-02
    endloop
  endfacet
  facet normal -0.000000e+00 0.000000e+00 1.000000e+00
    outer loop
      vertex 1.355157e-01 5.186253e-02 -5.000000e-02
      vertex 1.409369e-01 -5.248487e-02 -5.000000e-02
      vertex 1.409369e-01 5.248487e-02 -5.000000e-02
    endloop
  endfacet
  facet normal 0.000000e+00 0.000000e+00 1.000000e+00
    outer loop
      vertex 1.355157e-01 5.186253e-02 -5.000000e-02
      vertex 1.355157e-01 -5.186253e-02 -5.000000e-02
      vertex 1.409369e-01 -5.248487e-02 -5.000000e-02
    endloop
  endfacet
  facet normal -0.000000e+00 0.000000e+00 1.000000e+00
    outer loop
      vertex 1.409369e-01 5.248487e-02 -5.000000e-02
      vertex 1.464466e-01 -5.308323e-02 -5.000000e-02
      vertex 1.464466e-01 5.308323e-02 -5.000000e-02
    endloop
  endfacet
  facet normal 0.000000e+00 0.000000e+00 1.000000e+00
    outer loop
      vertex 1.409369e-01 5.248487e-02 -5.000000e-02
      vertex 1.409369e-01 -5.248487e-02 -5.000000e-02
      vertex 1.464466e-01 -5.308323e-02 -5.000000e-02
    endloop
  endfacet
  facet normal -0.000000e+00 0.000000e+00 1.000000e+00
    outer loop
      vertex 1.464466e-01 5.308323e-02 -5.000000e-02
      vertex 1.520436e-01 -5.365742e-02 -5.000000e-02
      vertex 1.520436e-01 5.365742e-02 -5.000000e-02
    endloop
  endfacet
  facet normal 0.000000e+00 0.000000e+00 1.000000e+00
    outer loop
      vertex 1.464466e-01 5.308323e-02 -5.000000e-02
      vertex 1.464466e-01 -5.308323e-02 -5.000000e-02
      vertex 1.520436e-01 -5.365742e-02 -5.000000e-02
    endloop
  endfacet
  facet normal -0.000000e+00 0.000000e+00 1.000000e+00
    outer loop
      vertex 1.520436e-01 5.365742e-02 -5.000000e-02
      vertex 1.577264e-01 -5.420726e-02 -5.000000e-02
      vertex 1.577264e-01 5.420726e-02 -5.000000e-02
    endloop
  endfacet
  facet normal 0.000000e+00 0.000000e+00 1.000000e+00
    outer loop
      vertex 1.520436e-01 5.365742e-02 -5.000000e-02
      vertex 1.520436e-01 -5.365742e-02 -5.000000e-02
      vertex 1.577264e-01 -5.420726e-02 -5.000000e-02
    endloop
  endfacet
  facet normal -0.000000e+00 0.000000e+00 1.000000e+00
    outer loop
      vertex 1.577264e-01 5.420726e-02 -5.000000e-02
      vertex 1.634937e-01 -5.473260e-02 -5.000000e-02
      vertex 1.634937e-01 5.473260e-02 -5.000000e-02
    endloop
  endfacet
  facet normal 0.000000e+00 0.000000e+00 1.000000e+00
    outer loop
      vertex 1.577264e-01 5.420726e-02 -5.000000e-02
      vertex 1.577264e-01 -5.420726e-02 -5.000000e-02
      vertex 1.634937e-01 -5.473260e-02 -5.000000e-02
    endloop
  endfacet
  facet normal -0.000000e+00 0.000000e+00 1.000000e+00
    outer loop
      vertex 1.634937e-01 5.473260e-02 -5.000000e-02
      vertex 1.693441e-01 -5.523328e-02 -5.000000e-02
      vertex 1.693441e-01 5.523328e-02 -5.000000e-02
    endloop
  endfacet
  facet normal 0.000000e+00 0.000000e+00 1.000000e+00
    outer loop
      vertex 1.634937e-01 5.473260e-02 -5.000000e-02
      vertex 1.634937e-01 -5.473260e-02 -5.000000e-02
      vertex 1.693441e-01 -5.523328e-02 -5.000000e-02
    endloop
  endfacet
  facet normal -0.000000e+00 0.000000e+00 1.000000e+00
    outer loop
      vertex 1.693441e-01 5.523328e-02 -5.000000e-02
      vertex 1.752760e-01 -5.570919e-02 -5.000000e-02
      vertex 1.752760e-01 5.570919e-02 -5.000000e-02
    endloop
  endfacet
  facet normal 0.000000e+00 0.000000e+00 1.000000e+00
    outer loop
      vertex 1.693441e-01 5.523328e-02 -5.000000e-02
      vertex 1.693441e-01 -5.523328e-02 -5.000000e-02
      vertex 1.752760e-01 -5.570919e-02 -5.000000e-02
    endloop
  endfacet
  facet normal -0.000000e+00 0.000000e+00 1.000000e+00
    outer loop
      vertex 1.752760e-01 5.570919e-02 -5.000000e-02
      vertex 1.812880e-01 -5.616023e-02 -5.000000e-02
      vertex 1.812880e-01 5.616023e-02 -5.000000e-02
    endloop
  endfacet
  facet normal 0.000000e+00 0.000000e+00 1.000000e+00
    outer loop
      vertex 1.752760e-01 5.570919e-02 -5.000000e-02
      vertex 1.752760e-01 -5.570919e-02 -5.000000e-02
      vertex 1.812880e-01 -5.616023e-02 -5.000000e-02
    endloop
  endfacet
  facet normal -0.000000e+00 0.000000e+00 1.000000e+00
    outer loop
      vertex 1.812880e-01 5.616023e-02 -5.000000e-02
      vertex 1.873787e-01 -5.658630e-02 -5.000000e-02
      vertex 1.873787e-01 5.658630e-02 -5.000000e-02
    endloop
  endfacet
  facet normal 0.000000e+00 0.000000e+00 1.000000e+00
    outer loop
      vertex 1.812880e-01 5.616023e-02 -5.000000e-02
      vertex 1.812880e-01 -5.616023e-02 -5.000000e-02
      vertex 1.873787e-01 -5.658630e-02 -5.000000e-02
    endloop
  endfacet
  facet normal -0.000000e+00 0.000000e+00 1.000000e+00
    outer loop
      vertex 1.873787e-01 5.658630e-02 -5.000000e-02
      vertex 1.935465e-01 -5.698734e-02 -5.000000e-02
      vertex 1.935465e-01 5.698734e-02 -5.000000e-02
    endloop
  endfacet
  facet normal 0.000000e+00 0.000000e+00 1.000000e+00
    outer loop
      vertex 1.873787e-01 5.658630e-02 -5.000000e-02
      vertex 1.873787e-01 -5.658630e-02 -5.000000e-02
      vertex 1.935465e-01 -5.698734e-02 -5.000000e-02
    endloop
  endfacet
  facet normal -0.000000e+00 0.000000e+00 1.000000e+00
    outer loop
      vertex 1.935465e-01 5.698734e-02 -5.000000e-02
      vertex 1.997899e-01 -5.736329e-02 -5.000000e-02
      vertex 1.997899e-01 5.736329e-02 -5.000000e-02
    endloop
  endfacet
  facet normal 0.000000e+00 0.000000e+00 1.000000e+00
    outer loop
      vertex 1.935465e-01 5.698734e-02 -5.000000e-02
      vertex 1.935465e-01 -5.698734e-02 -5.000000e-02
      vertex 1.997899e-01 -5.736329e-02 -5.000000e-02
    endloop
  endfacet
  facet normal -0.000000e+00 0.000000e+00 1.000000e+00
    outer loop
      vertex 1.997899e-01 5.736329e-02 -5.000000e-02
      vertex 2.061074e-01 -5.771413e-02 -5.000000e-02
      vertex 2.061074e-01 5.771413e-02 -5.000000e-02
    endloop
  endfacet
  facet normal 0.000000e+00 0.000000e+00 1.000000e+00
    outer loop
      vertex 1.997899e-01 5.736329e-02 -5.000000e-02
      vertex 1.997899e-01 -5.736329e-02 -5.000000e-02
      vertex 2.061074e-01 -5.771413e-02 -5.000000e-02
    endloop
  endfacet
  facet normal -0.000000e+00 0.000000e+00 1.000000e+00
    outer loop
      vertex 2.061074e-01 5.771413e-02 -5.000000e-02
      vertex 2.124974e-01 -5.803985e-02 -5.000000e-02
      vertex 2.124974e-01 5.803985e-02 -5.000000e-02
    endloop
  endfacet
  facet normal 0.000000e+00 0.000000e+00 1.000000e+00
    outer loop
      vertex 2.061074e-01 5.771413e-02 -5.000000e-02
      vertex 2.061074e-01 -5.771413e-02 -5.000000e-02
      vertex 2.124974e-01 -5.803985e-02 -5.000000e-02
    endloop
  endfacet
  facet normal -0.000000e+00 0.000000e+00 1.000000e+00
    outer loop
      vertex 2.124974e-01 5.803985e-02 -5.000000e-02
      vertex 2.189583e-01 -5.834045e-02 -5.000000e-02
      vertex 2.189583e-01 5.834045e-02 -5.000000e-02
    endloop
  endfacet
  facet normal 0.000000e+00 0.000000e+00 1.000000e+00
    outer loop
      vertex 2.124974e-01 5.803985e-02 -5.000000e-02
      vertex 2.124974e-01 -5.803985e-02 -5.000000e-02
      vertex 2.189583e-01 -5.834045e-02 -5.000000e-02
    endloop
  endfacet
  facet normal -0.000000e+00 0.000000e+00 1.000000e+00
    outer loop
      vertex 2.189583e-01 5.834045e-02 -5.000000e-02
      vertex 2.254886e-01 -5.861595e-02 -5.000000e-02
      vertex 2.254886e-01 5.861595e-02 -5.000000e-02
    endloop
  endfacet
  facet normal 0.000000e+00 0.000000e+00 1.000000e+00
    outer loop
      vertex 2.189583e-01 5.834045e-02 -5.000000e-02
      vertex 2.189583e-01 -5.834045e-02 -5.000000e-02
      vertex 2.254886e-01 -5.861595e-02 -5.000000e-02
    endloop
  endfacet
  facet normal -0.000000e+00 0.000000e+00 1.000000e+00
    outer loop
      vertex 2.254886e-01 5.861595e-02 -5.000000e-02
      vertex 2.320866e-01 -5.886642e-02 -5.000000e-02
      vertex 2.320866e-01 5.886642e-02 -5.000000e-02
    endloop
  endfacet
  facet normal 0.000000e+00 0.000000e+00 1.000000e+00
    outer loop
      vertex 2.254886e-01 5.861595e-02 -5.000000e-02
      vertex 2.254886e-01 -5.861595e-02 -5.000000e-02
      vertex 2.320866e-01 -5.886642e-02 -5.000000e-02
    endloop
  endfacet
  facet normal -0.000000e+00 0.000000e+00 1.000000e+00
    outer loop
      vertex 2.320866e-01 5.886642e-02 -5.000000e-02
      vertex 2.387507e-01 -5.909190e-02 -5.000000e-02
      vertex 2.387507e-01 5.909190e-02 -5.000000e-02
    endloop
  endfacet
  facet normal 0.000000e+00 0.000000e+00 1.000000e+00
    outer loop
      vertex 2.320866e-01 5.886642e-02 -5.000000e-02
      vertex 2.320866e-01 -5.886642e-02 -5.000000e-02
      vertex 2.387507e-01 -5.909190e-02 -5.000000e-02
    endloop
  endfacet
  facet normal -0.000000e+00 0.000000e+00 1.000000e+00
    outer loop
      vertex 2.387507e-01 5.909190e-02 -5.000000e-02
      vertex 2.454793e-01 -5.929248e-02 -5.000000e-02
      vertex 2.454793e-01 5.929248e-02 -5.000000e-02
    endloop
  endfacet
  facet normal 0.000000e+00 0.000000e+00 1.000000e+00
    outer loop
      vertex 2.387507e-01 5.909190e-02 -5.000000e-02
      vertex 2.387507e-01 -5.909190e-02 -5.000000e-02
      vertex 2.454793e-01 -5.929248e-02 -5.000000e-02
    endloop
  endfacet
  facet normal -0.000000e+00 0.000000e+00 1.000000e+00
    outer loop
      vertex 2.454793e-01 5.929248e-02 -5.000000e-02
      vertex 2.522707e-01 -5.946827e-02 -5.000000e-02
      vertex 2.522707e-01 5.946827e-02 -5.000000e-02
    endloop
  endfacet
  facet normal 0.000000e+00 0.000000e+00 1.000000e+00
    outer loop
      vertex 2.454793e-01 5.929248e-02 -5.000000e-02
      vertex 2.454793e-01 -5.929248e-02 -5.000000e-02
      vertex 2.522707e-01 -5.946827e-02 -5.000000e-02
    endloop
  endfacet
  facet normal -0.000000e+00 0.000000e+00 1.000000e+00
    outer loop
      vertex 2.522707e-01 5.946827e-02 -5.000000e-02
      vertex 2.591232e-01 -5.961938e-02 -5.000000e-02
      vertex 2.591232e-01 5.961938e-02 -5.000000e-02
    endloop
  endfacet
  facet normal 0.000000e+00 0.000000e+00 1.000000e+00
    outer loop
      vertex 2.522707e-01 5.946827e-02 -5.000000e-02
      vertex 2.522707e-01 -5.946827e-02 -5.000000e-02
      vertex 2.591232e-01 -5.961938e-02 -5.000000e-02
    endloop
  endfacet
  facet normal -0.000000e+00 0.000000e+00 1.000000e+00
    outer loop
      vertex 2.591232e-01 5.961938e-02 -5.000000e-02
      vertex 2.660351e-01 -5.974594e-02 -5.000000e-02
      vertex 2.660351e-01 5.974594e-02 -5.000000e-02
    endloop
  endfacet
  facet normal 0.000000e+00 0.000000e+00 1.000000e+00
    outer loop
      vertex 2.591232e-01 5.961938e-02 -5.000000e-02
      vertex 2.591232e-01 -5.961938e-02 -5.000000e-02
      vertex 2.660351e-01 -5.974594e-02 -5.000000e-02
    endloop
  endfacet
  facet normal -0.000000e+00 0.000000e+00 1.000000e+00
    outer loop
      vertex 2.660351e-01 5.974594e-02 -5.000000e-02
      vertex 2.730048e-01 -5.984813e-02 -5.000000e-02
      vertex 2.730048e-01 5.984813e-02 -5.000000e-02
    endloop
  endfacet
  facet normal 0.000000e+00 0.000000e+00 1.000000e+00
    outer loop
      vertex 2.660351e-01 5.974594e-02 -5.000000e-02
      vertex 2.660351e-01 -5.974594e-02 -5.000000e-02
      vertex 2.730048e-01 -5.984813e-02 -5.000000e-02
    endloop
  endfacet
  facet normal -0.000000e+00 0.000000e+00 1.000000e+00
    outer loop
      vertex 2.730048e-01 5.984813e-02 -5.000000e-02
      vertex 2.800304e-01 -5.992609e-02 -5.000000e-02
      vertex 2.800304e-01 5.992609e-02 -5.000000e-02
    endloop
  endfacet
  facet normal 0.000000e+00 0.000000e+00 1.000000e+00
    outer loop
      vertex 2.730048e-01 5.984813e-02 -5.000000e-02
      vertex 2.730048e-01 -5.984813e-02 -5.000000e-02
      vertex 2.800304e-01 -5.992609e-02 -5.000000e-02
    endloop
  endfacet
  facet normal -0.000000e+00 0.000000e+00 1.000000e+00
    outer loop
      vertex 2.800304e-01 5.992609e-02 -5.000000e-02
      vertex 2.871104e-01 -5.998004e-02 -5.000000e-02
      vertex 2.871104e-01 5.998004e-02 -5.000000e-02
    endloop
  endfacet
  facet normal 0.000000e+00 0.000000e+00 1.000000e+00
    outer loop
      vertex 2.800304e-01 5.992609e-02 -5.000000e-02
      vertex 2.800304e-01 -5.992609e-02 -5.000000e-02
      vertex 2.871104e-01 -5.998004e-02 -5.000000e-02
    endloop
  endfacet
  facet normal -0.000000e+00 0.000000e+00 1.000000e+00
    outer loop
      vertex 2.871104e-01 5.998004e-02 -5.000000e-02
      vertex 2.942428e-01 -6.001017e-02 -5.000000e-02
      vertex 2.942428e-01 6.001017e-02 -5.000000e-02
    endloop
  endfacet
  facet normal 0.000000e+00 0.000000e+00 1.000000e+00
    outer loop
      vertex 2.871104e-01 5.998004e-02 -5.000000e-02
      vertex 2.871104e-01 -5.998004e-02 -5.000000e-02
      vertex 2.942428e-01 -6.001017e-02 -5.000000e-02
    endloop
  endfacet
  facet normal -0.000000e+00 0.000000e+00 1.000000e+00
    outer loop
      vertex 2.942428e-01 6.001017e-02 -5.000000e-02
      vertex 3.014261e-01 -6.001670e-02 -5.000000e-02
      vertex 3.014261e-01 6.001670e-02 -5.000000e-02
    endloop
  endfacet
  facet normal 0.000000e+00 0.000000e+00 1.000000e+00
    outer loop
      vertex 2.942428e-01 6.001017e-02 -5.000000e-02
      vertex 2.942428e-01 -6.001017e-02 -5.000000e-02
      vertex 3.014261e-01 -6.001670e-02 -5.000000e-02
    endloop
  endfacet
  facet normal 0.000000e+00 0.000000e+00 1.000000e+00
    outer loop
      vertex 3.014261e-01 6.001670e-02 -5.000000e-02
      vertex 3.086583e-01 -5.999987e-02 -5.000000e-02
      vertex 3.086583e-01 5.999987e-02 -5.000000e-02
    endloop
  endfacet
  facet normal 0.000000e+00 0.000000e+00 1.000000e+00
    outer loop
      vertex 3.014261e-01 6.001670e-02 -5.000000e-02
      vertex 3.014261e-01 -6.001670e-02 -5.000000e-02
      vertex 3.086583e-01 -5.999987e-02 -5.000000e-02
    endloop
  endfacet
  facet normal 0.000000e+00 0.000000e+00 1.000000e+00
    outer loop
      vertex 3.086583e-01 5.999987e-02 -5.000000e-02
      vertex 3.159377e-01 -5.995994e-02 -5.000000e-02
      vertex 3.159377e-01 5.995994e-02 -5.000000e-02
    endloop
  endfacet
  facet normal 0.000000e+00 0.000000e+00 1.000000e+00
    outer loop
      vertex 3.086583e-01 5.999987e-02 -5.000000e-02
      vertex 3.086583e-01 -5.999987e-02 -5.000000e-02
      vertex 3.159377e-01 -5.995994e-02 -5.000000e-02
    endloop
  endfacet
  facet normal 0.000000e+00 0.000000e+00 1.000000e+00
    outer loop
      vertex 3.159377e-01 5.995994e-02 -5.000000e-02
      vertex 3.232626e-01 -5.989717e-02 -5.000000e-02
      vertex 3.232626e-01 5.989717e-02 -5.000000e-02
    endloop
  endfacet
  facet normal 0.000000e+00 0.000000e+00 1.000000e+00
    outer loop
      vertex 3.159377e-01 5.995994e-02 -5.000000e-02
      vertex 3.159377e-01 -5.995994e-02 -5.000000e-02
      vertex 3.232626e-01 -5.989717e-02 -5.000000e-02
    endloop
  endfacet
  facet normal 0.000000e+00 0.000000e+00 1.000000e+00
    outer loop
      vertex 3.232626e-01 5.989717e-02 -5.000000e-02
      vertex 3.306310e-01 -5.981184e-02 -5.000000e-02
      vertex 3.306310e-01 5.981184e-02 -5.000000e-02
    endloop
  endfacet
  facet normal 0.000000e+00 0.000000e+00 1.000000e+00
    outer loop
      vertex 3.232626e-01 5.989717e-02 -5.000000e-02
      vertex 3.232626e-01 -5.989717e-02 -5.000000e-02
      vertex 3.306310e-01 -5.981184e-02 -5.000000e-02
    endloop
  endfacet
  facet normal 0.000000e+00 0.000000e+00 1.000000e+00
    outer loop
      vertex 3.306310e-01 5.981184e-02 -5.000000e-02
      vertex 3.380413e-01 -5.970425e-02 -5.000000e-02
      vertex 3.380413e-01 5.970425e-02 -5.000000e-02
    endloop
  endfacet
  facet normal 0.000000e+00 0.000000e+00 1.000000e+00
    outer loop
      vertex 3.306310e-01 5.981184e-02 -5.000000e-02
      vertex 3.306310e-01 -5.981184e-02 -5.000000e-02
      vertex 3.380413e-01 -5.970425e-02 -5.000000e-02
    endloop
  endfacet
  facet normal 0.000000e+00 0.000000e+00 1.000000e+00
    outer loop
      vertex 3.380413e-01 5.970425e-02 -5.000000e-02
      vertex 3.454915e-01 -5.957472e-02 -5.000000e-02
      vertex 3.454915e-01 5.957472e-02 -5.000000e-02
    endloop
  endfacet
  facet normal 0.000000e+00 0.000000e+00 1.000000e+00
    outer loop
      vertex 3.380413e-01 5.970425e-02 -5.000000e-02
      vertex 3.380413e-01 -5.970425e-02 -5.000000e-02
      vertex 3.454915e-01 -5.957472e-02 -5.000000e-02
    endloop
  endfacet
  facet normal 0.000000e+00 0.000000e+00 1.000000e+00
    outer loop
      vertex 3.454915e-01 5.957472e-02 -5.000000e-02
      vertex 3.529798e-01 -5.942355e-02 -5.000000e-02
      vertex 3.529798e-01 5.942355e-02 -5.000000e-02
    endloop
  endfacet
  facet normal 0.000000e+00 0.000000e+00 1.000000e+00
    outer loop
      vertex 3.454915e-01 5.957472e-02 -5.000000e-02
      vertex 3.454915e-01 -5.957472e-02 -5.000000e-02
      vertex 3.529798e-01 -5.942355e-02 -5.000000e-02
    endloop
  endfacet
  facet normal 0.000000e+00 0.000000e+00 1.000000e+00
    outer loop
      vertex 3.529798e-01 5.942355e-02 -5.000000e-02
      vertex 3.605044e-01 -5.925108e-02 -5.000000e-02
      vertex 3.605044e-01 5.925108e-02 -5.000000e-02
    endloop
  endfacet
  facet normal 0.000000e+00 0.000000e+00 1.000000e+00
    outer loop
      vertex 3.529798e-01 5.942355e-02 -5.000000e-02
      vertex 3.529798e-01 -5.942355e-02 -5.000000e-02
      vertex 3.605044e-01 -5.925108e-02 -5.000000e-02
    endloop
  endfacet
  facet normal 0.000000e+00 0.000000e+00 1.000000e+00
    outer loop
      vertex 3.605044e-01 5.925108e-02 -5.000000e-02
      vertex 3.680635e-01 -5.905767e-02 -5.000000e-02
      vertex 3.680635e-01 5.905767e-02 -5.000000e-02
    endloop
  endfacet
  facet normal 0.000000e+00 0.000000e+00 1.000000e+00
    outer loop
      vertex 3.605044e-01 5.925108e-02 -5.000000e-02
      vertex 3.605044e-01 -5.925108e-02 -5.000000e-02
      vertex 3.680635e-01 -5.905767e-02 -5.000000e-02
    endloop
  endfacet
  facet normal 0.000000e+00 0.000000e+00 1.000000e+00
    outer loop
      vertex 3.680635e-01 5.905767e-02 -5.000000e-02
      vertex 3.756551e-01 -5.884365e-02 -5.000000e-02
      vertex 3.756551e-01 5.884365e-02 -5.000000e-02
    endloop
  endfacet
  facet normal 0.000000e+00 0.000000e+00 1.000000e+00
    outer loop
      vertex 3.680635e-01 5.905767e-02 -5.000000e-02
      vertex 3.680635e-01 -5.905767e-02 -5.000000e-02
      vertex 3.756551e-01 -5.884365e-02 -5.000000e-02
    endloop
  endfacet
  facet normal 0.000000e+00 0.000000e+00 1.000000e+00
    outer loop
      vertex 3.756551e-01 5.884365e-02 -5.000000e-02
      vertex 3.832773e-01 -5.860940e-02 -5.000000e-02
      vertex 3.832773e-01 5.860940e-02 -5.000000e-02
    endloop
  endfacet
  facet normal 0.000000e+00 0.000000e+00 1.000000e+00
    outer loop
      vertex 3.756551e-01 5.884365e-02 -5.000000e-02
      vertex 3.756551e-01 -5.884365e-02 -5.000000e-02
      vertex 3.832773e-01 -5.860940e-02 -5.000000e-02
    endloop
  endfacet
  facet normal 0.000000e+00 0.000000e+00 1.000000e+00
    outer loop
      vertex 3.832773e-01 5.860940e-02 -5.000000e-02
      vertex 3.909284e-01 -5.835530e-02 -5.000000e-02
      vertex 3.909284e-01 5.835530e-02 -5.000000e-02
    endloop
  endfacet
  facet normal 0.000000e+00 0.000000e+00 1.000000e+00
    outer loop
      vertex 3.832773e-01 5.860940e-02 -5.000000e-02
      vertex 3.832773e-01 -5.860940e-02 -5.000000e-02
      vertex 3.909284e-01 -5.835530e-02 -5.000000e-02
    endloop
  endfacet
  facet normal 0.000000e+00 0.000000e+00 1.000000e+00
    outer loop
      vertex 3.909284e-01 5.835530e-02 -5.000000e-02
      vertex 3.986064e-01 -5.808172e-02 -5.000000e-02
      vertex 3.986064e-01 5.808172e-02 -5.000000e-02
    endloop
  endfacet
  facet normal 0.000000e+00 0.000000e+00 1.000000e+00
    outer loop
      vertex 3.909284e-01 5.835530e-02 -5.000000e-02
      vertex 3.909284e-01 -5.835530e-02 -5.000000e-02
      vertex 3.986064e-01 -5.808172e-02 -5.000000e-02
    endloop
  endfacet
  facet normal 0.000000e+00 0.000000e+00 1.000000e+00
    outer loop
      vertex 3.986064e-01 5.808172e-02 -5.000000e-02
      vertex 4.063093e-01 -5.778906e-02 -5.000000e-02
      vertex 4.063093e-01 5.778906e-02 -5.000000e-02
    endloop
  endfacet
  facet normal 0.000000e+00 0.000000e+00 1.000000e+00
    outer loop
      vertex 3.986064e-01 5.808172e-02 -5.000000e-02
      vertex 3.986064e-01 -5.808172e-02 -5.000000e-02
      vertex 4.063093e-01 -5.778906e-02 -5.000000e-02
    endloop
  endfacet
  facet normal 0.000000e+00 0.000000e+00 1.000000e+00
    outer loop
      vertex 4.063093e-01 5.778906e-02 -5.000000e-02
      vertex 4.140354e-01 -5.747772e-02 -5.000000e-02
      vertex 4.140354e-01 5.747772e-02 -5.000000e-02
    endloop
  endfacet
  facet normal 0.000000e+00 0.000000e+00 1.000000e+00
    outer loop
      vertex 4.063093e-01 5.778906e-02 -5.000000e-02
      vertex 4.063093e-01 -5.778906e-02 -5.000000e-02
      vertex 4.140354e-01 -5.747772e-02 -5.000000e-02
    endloop
  endfacet
  facet normal 0.000000e+00 0.000000e+00 1.000000e+00
    outer loop
      vertex 4.140354e-01 5.747772e-02 -5.000000e-02
      vertex 4.217828e-01 -5.714811e-02 -5.000000e-02
      vertex 4.217828e-01 5.714811e-02 -5.000000e-02
    endloop
  endfacet
  facet normal 0.000000e+00 0.000000e+00 1.000000e+00
    outer loop
      vertex 4.140354e-01 5.747772e-02 -5.000000e-02
      vertex 4.140354e-01 -5.747772e-02 -5.000000e-02
      vertex 4.217828e-01 -5.714811e-02 -5.000000e-02
    endloop
  endfacet
  facet normal 0.000000e+00 0.000000e+00 1.000000e+00
    outer loop
      vertex 4.217828e-01 5.714811e-02 -5.000000e-02
      vertex 4.295494e-01 -5.680063e-02 -5.000000e-02
      vertex 4.295494e-01 5.680063e-02 -5.000000e-02
    endloop
  endfacet
  facet normal 0.000000e+00 0.000000e+00 1.000000e+00
    outer loop
      vertex 4.217828e-01 5.714811e-02 -5.000000e-02
      vertex 4.217828e-01 -5.714811e-02 -5.000000e-02
      vertex 4.295494e-01 -5.680063e-02 -5.000000e-02
    endloop
  endfacet
  facet normal 0.000000e+00 0.000000e+00 1.000000e+00
    outer loop
      vertex 4.295494e-01 5.680063e-02 -5.000000e-02
      vertex 4.373334e-01 -5.643572e-02 -5.000000e-02
      vertex 4.373334e-01 5.643572e-02 -5.000000e-02
    endloop
  endfacet
  facet normal 0.000000e+00 0.000000e+00 1.000000e+00
    outer loop
      vertex 4.295494e-01 5.680063e-02 -5.000000e-02
      vertex 4.295494e-01 -5.680063e-02 -5.000000e-02
      vertex 4.373334e-01 -5.643572e-02 -5.000000e-02
    endloop
  endfacet
  facet normal 0.000000e+00 0.000000e+00 1.000000e+00
    outer loop
      vertex 4.373334e-01 5.643572e-02 -5.000000e-02
      vertex 4.451328e-01 -5.605378e-02 -5.000000e-02
      vertex 4.451328e-01 5.605378e-02 -5.000000e-02
    endloop
  endfacet
  facet normal 0.000000e+00 0.000000e+00 1.000000e+00
    outer loop
      vertex 4.373334e-01 5.643572e-02 -5.000000e-02
      vertex 4.373334e-01 -5.643572e-02 -5.000000e-02
      vertex 4.451328e-01 -5.605378e-02 -5.000000e-02
    endloop
  endfacet
  facet normal 0.000000e+00 0.000000e+00 1.000000e+00
    outer loop
      vertex 4.451328e-01 5.605378e-02 -5.000000e-02
      vertex 4.529458e-01 -5.565526e-02 -5.000000e-02
      vertex 4.529458e-01 5.565526e-02 -5.000000e-02
    endloop
  endfacet
  facet normal 0.000000e+00 0.000000e+00 1.000000e+00
    outer loop
      vertex 4.451328e-01 5.605378e-02 -5.000000e-02
      vertex 4.451328e-01 -5.605378e-02 -5.000000e-02
      vertex 4.529458e-01 -5.565526e-02 -5.000000e-02
    endloop
  endfacet
  facet normal 0.000000e+00 0.000000e+00 1.000000e+00
    outer loop
      vertex 4.529458e-01 5.565526e-02 -5.000000e-02
      vertex 4.607705e-01 -5.524058e-02 -5.000000e-02
      vertex 4.607705e-01 5.524058e-02 -5.000000e-02
    endloop
  endfacet
  facet normal 0.000000e+00 0.000000e+00 1.000000e+00
    outer loop
      vertex 4.529458e-01 5.565526e-02 -5.000000e-02
      vertex 4.529458e-01 -5.565526e-02 -5.000000e-02
      vertex 4.607705e-01 -5.524058e-02 -5.000000e-02
    endloop
  endfacet
  facet normal 0.000000e+00 0.000000e+00 1.000000e+00
    outer loop
      vertex 4.607705e-01 5.524058e-02 -5.000000e-02
      vertex 4.686047e-01 -5.481019e-02 -5.000000e-02
      vertex 4.686047e-01 5.481019e-02 -5.000000e-02
    endloop
  endfacet
  facet normal 0.000000e+00 0.000000e+00 1.000000e+00
    outer loop
      vertex 4.607705e-01 5.524058e-02 -5.000000e-02
      vertex 4.607705e-01 -5.524058e-02 -5.000000e-02
      vertex 4.686047e-01 -5.481019e-02 -5.000000e-02
    endloop
  endfacet
  facet normal 0.000000e+00 0.000000e+00 1.000000e+00
    outer loop
      vertex 4.686047e-01 5.481019e-02 -5.000000e-02
      vertex 4.764468e-01 -5.436451e-02 -5.000000e-02
      vertex 4.764468e-01 5.436451e-02 -5.000000e-02
    endloop
  endfacet
  facet normal 0.000000e+00 0.000000e+00 1.000000e+00
    outer loop
      vertex 4.686047e-01 5.481019e-02 -5.000000e-02
      vertex 4.686047e-01 -5.481019e-02 -5.000000e-02
      vertex 4.764468e-01 -5.436451e-02 -5.000000e-02
    endloop
  endfacet
  facet normal 0.000000e+00 0.000000e+00 1.000000e+00
    outer loop
      vertex 4.764468e-01 5.436451e-02 -5.000000e-02
      vertex 4.842946e-01 -5.390400e-02 -5.000000e-02
      vertex 4.842946e-01 5.390400e-02 -5.000000e-02
    endloop
  endfacet
  facet normal 0.000000e+00 0.000000e+00 1.000000e+00
    outer loop
      vertex 4.764468e-01 5.436451e-02 -5.000000e-02
      vertex 4.764468e-01 -5.436451e-02 -5.000000e-02
      vertex 4.842946e-01 -5.390400e-02 -5.000000e-02
    endloop
  endfacet
  facet normal 0.000000e+00 0.000000e+00 1.000000e+00
    outer loop
      vertex 4.842946e-01 5.390400e-02 -5.000000e-02
      vertex 4.921463e-01 -5.342910e-02 -5.000000e-02
      vertex 4.921463e-01 5.342910e-02 -5.000000e-02
    endloop
  endfacet
  facet normal 0.000000e+00 0.000000e+00 1.000000e+00
    outer loop
      vertex 4.842946e-01 5.390400e-02 -5.000000e-02
      vertex 4.842946e-01 -5.390400e-02 -5.000000e-02
      vertex 4.921463e-01 -5.342910e-02 -5.000000e-02
    endloop
  endfacet
  facet normal 0.000000e+00 0.000000e+00 1.000000e+00
    outer loop
      vertex 4.921463e-01 5.342910e-02 -5.000000e-02
      vertex 5.000000e-01 -5.294025e-02 -5.000000e-02
      vertex 5.000000e-01 5.294025e-02 -5.000000e-02
    endloop
  endfacet
  facet normal 0.000000e+00 0.000000e+00 1.000000e+00
    outer loop
      vertex 4.921463e-01 5.342910e-02 -5.000000e-02
      vertex 4.921463e-01 -5.342910e-02 -5.000000e-02
      vertex 5.000000e-01 -5.294025e-02 -5.000000e-02
    endloop
  endfacet
  facet normal 0.000000e+00 0.000000e+00 1.000000e+00
    outer loop
      vertex 5.000000e-01 5.294025e-02 -5.000000e-02
      vertex 5.078537e-01 -5.243790e-02 -5.000000e-02
      vertex 5.078537e-01 5.243790e-02 -5.000000e-02
    endloop
  endfacet
  facet normal 0.000000e+00 0.000000e+00 1.000000e+00
    outer loop
      vertex 5.000000e-01 5.294025e-02 -5.000000e-02
      vertex 5.000000e-01 -5.294025e-02 -5.000000e-02
      vertex 5.078537e-01 -5.243790e-02 -5.000000e-02
    endloop
  endfacet
  facet normal 0.000000e+00 0.000000e+00 1.000000e+00
    outer loop
      vertex 5.078537e-01 5.243790e-02 -5.000000e-02
      vertex 5.157054e-01 -5.192250e-02 -5.000000e-02
      vertex 5.157054e-01 5.192250e-02 -5.000000e-02
    endloop
  endfacet
  facet normal 0.000000e+00 0.000000e+00 1.000000e+00
    outer loop
      vertex 5.078537e-01 5.243790e-02 -5.000000e-02
      vertex 5.078537e-01 -5.243790e-02 -5.000000e-02
      vertex 5.157054e-01 -5.192250e-02 -5.000000e-02
    endloop
  endfacet
  facet normal 0.000000e+00 0.000000e+00 1.000000e+00
    outer loop
      vertex 5.157054e-01 5.192250e-02 -5.000000e-02
      vertex 5.235532e-01 -5.139450e-02 -5.000000e-02
      vertex 5.235532e-01 5.139450e-02 -5.000000e-02
    endloop
  endfacet
  facet normal 0.000000e+00 0.000000e+00 1.000000e+00
    outer loop
      vertex 5.157054e-01 5.192250e-02 -5.000000e-02
      vertex 5.157054e-01 -5.192250e-02 -5.000000e-02
      vertex 5.235532e-01 -5.139450e-02 -5.000000e-02
    endloop
  endfacet
  facet normal 0.000000e+00 0.000000e+00 1.000000e+00
    outer loop
      vertex 5.235532e-01 5.139450e-02 -5.000000e-02
      vertex 5.313953e-01 -5.085434e-02 -5.000000e-02
      vertex 5.313953e-01 5.085434e-02 -5.000000e-02
    endloop
  endfacet
  facet normal 0.000000e+00 0.000000e+00 1.000000e+00
    outer loop
      vertex 5.235532e-01 5.139450e-02 -5.000000e-02
      vertex 5.235532e-01 -5.139450e-02 -5.000000e-02
      vertex 5.313953e-01 -5.085434e-02 -5.000000e-02
    endloop
  endfacet
  facet normal 0.000000e+00 0.000000e+00 1.000000e+00
    outer loop
      vertex 5.313953e-01 5.085434e-02 -5.000000e-02
      vertex 5.392295e-01 -5.030247e-02 -5.000000e-02
      vertex 5.392295e-01 5.030247e-02 -5.000000e-02
    endloop
  endfacet
  facet normal 0.000000e+00 0.000000e+00 1.000000e+00
    outer loop
      vertex 5.313953e-01 5.085434e-02 -5.000000e-02
      vertex 5.313953e-01 -5.085434e-02 -5.000000e-02
      vertex 5.392295e-01 -5.030247e-02 -5.000000e-02
    endloop
  endfacet
  facet normal 0.000000e+00 0.000000e+00 1.000000e+00
    outer loop
      vertex 5.392295e-01 5.030247e-02 -5.000000e-02
      vertex 5.470542e-01 -4.973933e-02 -5.000000e-02
      vertex 5.470542e-01 4.973933e-02 -5.000000e-02
    endloop
  endfacet
  facet normal 0.000000e+00 0.000000e+00 1.000000e+00
    outer loop
      vertex 5.392295e-01 5.030247e-02 -5.000000e-02
      vertex 5.392295e-01 -5.030247e-02 -5.000000e-02
      vertex 5.470542e-01 -4.973933e-02 -5.000000e-02
    endloop
  endfacet
  facet normal 0.000000e+00 0.000000e+00 1.000000e+00
    outer loop
      vertex 5.470542e-01 4.973933e-02 -5.000000e-02
      vertex 5.548672e-01 -4.916537e-02 -5.000000e-02
      vertex 5.548672e-01 4.916537e-02 -5.000000e-02
    endloop
  endfacet
  facet normal 0.000000e+00 0.000000e+00 1.000000e+00
    outer loop
      vertex 5.470542e-01 4.973933e-02 -5.000000e-02
      vertex 5.470542e-01 -4.973933e-02 -5.000000e-02
      vertex 5.548672e-01 -4.916537e-02 -5.000000e-02
    endloop
  endfacet
  facet normal 0.000000e+00 0.000000e+00 1.000000e+00
    outer loop
      vertex 5.548672e-01 4.916537e-02 -5.000000e-02
      vertex 5.626666e-01 -4.858104e-02 -5.000000e-02
      vertex 5.626666e-01 4.858104e-02 -5.000000e-02
    endloop
  endfacet
  facet normal 0.000000e+00 0.000000e+00 1.000000e+00
    outer loop
      vertex 5.548672e-01 4.916537e-02 -5.000000e-02
      vertex 5.548672e-01 -4.916537e-02 -5.000000e-02
      vertex 5.626666e-01 -4.858104e-02 -5.000000e-02
    endloop
  endfacet
  facet normal 0.000000e+00 0.000000e+00 1.000000e+00
    outer loop
      vertex 5.626666e-01 4.858104e-02 -5.000000e-02
      vertex 5.704506e-01 -4.798676e-02 -5.000000e-02
      vertex 5.704506e-01 4.798676e-02 -5.000000e-02
    endloop
  endfacet
  facet normal 0.000000e+00 0.000000e+00 1.000000e+00
    outer loop
      vertex 5.626666e-01 4.858104e-02 -5.000000e-02
      vertex 5.626666e-01 -4.858104e-02 -5.000000e-02
      vertex 5.704506e-01 -4.798676e-02 -5.000000e-02
    endloop
  endfacet
  facet normal 0.000000e+00 0.000000e+00 1.000000e+00
    outer loop
      vertex 5.704506e-01 4.798676e-02 -5.000000e-02
      vertex 5.782172e-01 -4.738299e-02 -5.000000e-02
      vertex 5.782172e-01 4.738299e-02 -5.000000e-02
    endloop
  endfacet
  facet normal 0.000000e+00 0.000000e+00 1.000000e+00
    outer loop
      vertex 5.704506e-01 4.798676e-02 -5.000000e-02
      vertex 5.704506e-01 -4.798676e-02 -5.000000e-02
      vertex 5.782172e-01 -4.738299e-02 -5.000000e-02
    endloop
  endfacet
  facet normal 0.000000e+00 0.000000e+00 1.000000e+00
    outer loop
      vertex 5.782172e-01 4.738299e-02 -5.000000e-02
      vertex 5.859646e-01 -4.677016e-02 -5.000000e-02
      vertex 5.859646e-01 4.677016e-02 -5.000000e-02
    endloop
  endfacet
  facet normal 0.000000e+00 0.000000e+00 1.000000e+00
    outer loop
      vertex 5.782172e-01 4.738299e-02 -5.000000e-02
      vertex 5.782172e-01 -4.738299e-02 -5.000000e-02
      vertex 5.859646e-01 -4.677016e-02 -5.000000e-02
    endloop
  endfacet
  facet normal 0.000000e+00 0.000000e+00 1.000000e+00
    outer loop
      vertex 5.859646e-01 4.677016e-02 -5.000000e-02
      vertex 5.936907e-01 -4.614870e-02 -5.000000e-02
      vertex 5.936907e-01 4.614870e-02 -5.000000e-02
    endloop
  endfacet
  facet normal 0.000000e+00 0.000000e+00 1.000000e+00
    outer loop
      vertex 5.859646e-01 4.677016e-02 -5.000000e-02
      vertex 5.859646e-01 -4.677016e-02 -5.000000e-02
      vertex 5.936907e-01 -4.614870e-02 -5.000000e-02
    endloop
  endfacet
  facet normal 0.000000e+00 0.000000e+00 1.000000e+00
    outer loop
      vertex 5.936907e-01 4.614870e-02 -5.000000e-02
      vertex 6.013936e-01 -4.551903e-02 -5.000000e-02
      vertex 6.013936e-01 4.551903e-02 -5.000000e-02
    endloop
  endfacet
  facet normal 0.000000e+00 0.000000e+00 1.000000e+00
    outer loop
      vertex 5.936907e-01 4.614870e-02 -5.000000e-02
      vertex 5.936907e-01 -4.614870e-02 -5.000000e-02
      vertex 6.013936e-01 -4.551903e-02 -5.000000e-02
    endloop
  endfacet
  facet normal 0.000000e+00 0.000000e+00 1.000000e+00
    outer loop
      vertex 6.013936e-01 4.551903e-02 -5.000000e-02
      vertex 6.090716e-01 -4.488160e-02 -5.000000e-02
      vertex 6.090716e-01 4.488160e-02 -5.000000e-02
    endloop
  endfacet
  facet normal 0.000000e+00 0.000000e+00 1.000000e+00
    outer loop
      vertex 6.013936e-01 4.551903e-02 -5.000000e-02
      vertex 6.013936e-01 -4.551903e-02 -5.000000e-02
      vertex 6.090716e-01 -4.488160e-02 -5.000000e-02
    endloop
  endfacet
  facet normal 0.000000e+00 0.000000e+00 1.000000e+00
    outer loop
      vertex 6.090716e-01 4.488160e-02 -5.000000e-02
      vertex 6.167227e-01 -4.423683e-02 -5.000000e-02
      vertex 6.167227e-01 4.423683e-02 -5.000000e-02
    endloop
  endfacet
  facet normal 0.000000e+00 0.000000e+00 1.000000e+00
    outer loop
      vertex 6.090716e-01 4.488160e-02 -5.000000e-02
      vertex 6.090716e-01 -4.488160e-02 -5.000000e-02
      vertex 6.167227e-01 -4.423683e-02 -5.000000e-02
    endloop
  endfacet
  facet normal 0.000000e+00 0.000000e+00 1.000000e+00
    outer loop
      vertex 6.167227e-01 4.423683e-02 -5.000000e-02
      vertex 6.243449e-01 -4.358513e-02 -5.000000e-02
      vertex 6.243449e-01 4.358513e-02 -5.000000e-02
    endloop
  endfacet
  facet normal 0.000000e+00 0.000000e+00 1.000000e+00
    outer loop
      vertex 6.167227e-01 4.423683e-02 -5.000000e-02
      vertex 6.167227e-01 -4.423683e-02 -5.000000e-02
      vertex 6.243449e-01 -4.358513e-02 -5.000000e-02
    endloop
  endfacet
  facet normal 0.000000e+00 0.000000e+00 1.000000e+00
    outer loop
      vertex 6.243449e-01 4.358513e-02 -5.000000e-02
      vertex 6.319365e-01 -4.292692e-02 -5.000000e-02
      vertex 6.319365e-01 4.292692e-02 -5.000000e-02
    endloop
  endfacet
  facet normal 0.000000e+00 0.000000e+00 1.000000e+00
    outer loop
      vertex 6.243449e-01 4.358513e-02 -5.000000e-02
      vertex 6.243449e-01 -4.358513e-02 -5.000000e-02
      vertex 6.319365e-01 -4.292692e-02 -5.000000e-02
    endloop
  endfacet
  facet normal 0.000000e+00 0.000000e+00 1.000000e+00
    outer loop
      vertex 6.319365e-01 4.292692e-02 -5.000000e-02
      vertex 6.394956e-01 -4.226263e-02 -5.000000e-02
      vertex 6.394956e-01 4.226263e-02 -5.000000e-02
    endloop
  endfacet
  facet normal 0.000000e+00 0.000000e+00 1.000000e+00
    outer loop
      vertex 6.319365e-01 4.292692e-02 -5.000000e-02
      vertex 6.319365e-01 -4.292692e-02 -5.000000e-02
      vertex 6.394956e-01 -4.226263e-02 -5.000000e-02
    endloop
  endfacet
  facet normal 0.000000e+00 0.000000e+00 1.000000e+00
    outer loop
      vertex 6.394956e-01 4.226263e-02 -5.000000e-02
      vertex 6.470202e-01 -4.159265e-02 -5.000000e-02
      vertex 6.470202e-01 4.159265e-02 -5.000000e-02
    endloop
  endfacet
  facet normal 0.000000e+00 0.000000e+00 1.000000e+00
    outer loop
      vertex 6.394956e-01 4.226263e-02 -5.000000e-02
      vertex 6.394956e-01 -4.226263e-02 -5.000000e-02
      vertex 6.470202e-01 -4.159265e-02 -5.000000e-02
    endloop
  endfacet
  facet normal 0.000000e+00 0.000000e+00 1.000000e+00
    outer loop
      vertex 6.470202e-01 4.159265e-02 -5.000000e-02
      vertex 6.545085e-01 -4.091741e-02 -5.000000e-02
      vertex 6.545085e-01 4.091741e-02 -5.000000e-02
    endloop
  endfacet
  facet normal 0.000000e+00 0.000000e+00 1.000000e+00
    outer loop
      vertex 6.470202e-01 4.159265e-02 -5.000000e-02
      vertex 6.470202e-01 -4.159265e-02 -5.000000e-02
      vertex 6.545085e-01 -4.091741e-02 -5.000000e-02
    endloop
  endfacet
  facet normal 0.000000e+00 0.000000e+00 1.000000e+00
    outer loop
      vertex 6.545085e-01 4.091741e-02 -5.000000e-02
      vertex 6.619587e-01 -4.023730e-02 -5.000000e-02
      vertex 6.619587e-01 4.023730e-02 -5.000000e-02
    endloop
  endfacet
  facet normal 0.000000e+00 0.000000e+00 1.000000e+00
    outer loop
      vertex 6.545085e-01 4.091741e-02 -5.000000e-02
      vertex 6.545085e-01 -4.091741e-02 -5.000000e-02
      vertex 6.619587e-01 -4.023730e-02 -5.000000e-02
    endloop
  endfacet
  facet normal 0.000000e+00 0.000000e+00 1.000000e+00
    outer loop
      vertex 6.619587e-01 4.023730e-02 -5.000000e-02
      vertex 6.693690e-01 -3.955272e-02 -5.000000e-02
      vertex 6.693690e-01 3.955272e-02 -5.000000e-02
    endloop
  endfacet
  facet normal 0.000000e+00 0.000000e+00 1.000000e+00
    outer loop
      vertex 6.619587e-01 4.023730e-02 -5.000000e-02
      vertex 6.619587e-01 -4.023730e-02 -5.000000e-02
      vertex 6.693690e-01 -3.955272e-02 -5.000000e-02
    endloop
  endfacet
  facet normal 0.000000e+00 0.000000e+00 1.000000e+00
    outer loop
      vertex 6.693690e-01 3.955272e-02 -5.000000e-02
      vertex 6.767374e-01 -3.886407e-02 -5.000000e-02
      vertex 6.767374e-01 3.886407e-02 -5.000000e-02
    endloop
  endfacet
  facet normal 0.000000e+00 0.000000e+00 1.000000e+00
    outer loop
      vertex 6.693690e-01 3.955272e-02 -5.000000e-02
      vertex 6.693690e-01 -3.955272e-02 -5.000000e-02
      vertex 6.767374e-01 -3.886407e-02 -5.000000e-02
    endloop
  endfacet
  facet normal 0.000000e+00 0.000000e+00 1.000000e+00
    outer loop
      vertex 6.767374e-01 3.886407e-02 -5.000000e-02
      vertex 6.840623e-01 -3.817176e-02 -5.000000e-02
      vertex 6.840623e-01 3.817176e-02 -5.000000e-02
    endloop
  endfacet
  facet normal 0.000000e+00 0.000000e+00 1.000000e+00
    outer loop
      vertex 6.767374e-01 3.886407e-02 -5.000000e-02
      vertex 6.767374e-01 -3.886407e-02 -5.000000e-02
      vertex 6.840623e-01 -3.817176e-02 -5.000000e-02
    endloop
  endfacet
  facet normal 0.000000e+00 0.000000e+00 1.000000e+00
    outer loop
      vertex 6.840623e-01 3.817176e-02 -5.000000e-02
      vertex 6.913417e-01 -3.747616e-02 -5.000000e-02
      vertex 6.913417e-01 3.747616e-02 -5.000000e-02
    endloop
  endfacet
  facet normal 0.000000e+00 0.000000e+00 1.000000e+00
    outer loop
      vertex 6.840623e-01 3.817176e-02 -5.000000e-02
      vertex 6.840623e-01 -3.817176e-02 -5.000000e-02
      vertex 6.913417e-01 -3.747616e-02 -5.000000e-02
    endloop
  endfacet
  facet normal 0.000000e+00 0.000000e+00 1.000000e+00
    outer loop
      vertex 6.913417e-01 3.747616e-02 -5.000000e-02
      vertex 6.985739e-01 -3.677766e-02 -5.000000e-02
      vertex 6.985739e-01 3.677766e-02 -5.000000e-02
    endloop
  endfacet
  facet normal 0.000000e+00 0.000000e+00 1.000000e+00
    outer loop
      vertex 6.913417e-01 3.747616e-02 -5.000000e-02
      vertex 6.913417e-01 -3.747616e-02 -5.000000e-02
      vertex 6.985739e-01 -3.677766e-02 -5.000000e-02
    endloop
  endfacet
  facet normal 0.000000e+00 0.000000e+00 1.000000e+00
    outer loop
      vertex 6.985739e-01 3.677766e-02 -5.000000e-02
      vertex 7.057572e-01 -3.607666e-02 -5.000000e-02
      vertex 7.057572e-01 3.607666e-02 -5.000000e-02
    endloop
  endfacet
  facet normal 0.000000e+00 0.000000e+00 1.000000e+00
    outer loop
      vertex 6.985739e-01 3.677766e-02 -5.000000e-02
      vertex 6.985739e-01 -3.677766e-02 -5.000000e-02
      vertex 7.057572e-01 -3.607666e-02 -5.000000e-02
    endloop
  endfacet
  facet normal 0.000000e+00 0.000000e+00 1.000000e+00
    outer loop
      vertex 7.057572e-01 3.607666e-02 -5.000000e-02
      vertex 7.128896e-01 -3.537353e-02 -5.000000e-02
      vertex 7.128896e-01 3.537353e-02 -5.000000e-02
    endloop
  endfacet
  facet normal 0.000000e+00 0.000000e+00 1.000000e+00
    outer loop
      vertex 7.057572e-01 3.607666e-02 -5.000000e-02
      vertex 7.057572e-01 -3.607666e-02 -5.000000e-02
      vertex 7.128896e-01 -3.537353e-02 -5.000000e-02
    endloop
  endfacet
  facet normal 0.000000e+00 0.000000e+00 1.000000e+00
    outer loop
      vertex 7.128896e-01 3.537353e-02 -5.000000e-02
      vertex 7.199696e-01 -3.466865e-02 -5.000000e-02
      vertex 7.199696e-01 3.466865e-02 -5.000000e-02
    endloop
  endfacet
  facet normal 0.000000e+00 0.000000e+00 1.000000e+00
    outer loop
      vertex 7.128896e-01 3.537353e-02 -5.000000e-02
      vertex 7.128896e-01 -3.537353e-02 -5.000000e-02
      vertex 7.199696e-01 -3.466865e-02 -5.000000e-02
    endloop
  endfacet
  facet normal 0.000000e+00 0.000000e+00 1.000000e+00
    outer loop
      vertex 7.199696e-01 3.466865e-02 -5.000000e-02
      vertex 7.269952e-01 -3.396239e-02 -5.000000e-02
      vertex 7.269952e-01 3.396239e-02 -5.000000e-02
    endloop
  endfacet
  facet normal 0.000000e+00 0.000000e+00 1.000000e+00
    outer loop
      vertex 7.199696e-01 3.466865e-02 -5.000000e-02
      vertex 7.199696e-01 -3.466865e-02 -5.000000e-02
      vertex 7.269952e-01 -3.396239e-02 -5.000000e-02
    endloop
  endfacet
  facet normal 0.000000e+00 0.000000e+00 1.000000e+00
    outer loop
      vertex 7.269952e-01 3.396239e-02 -5.000000e-02
      vertex 7.339649e-01 -3.325514e-02 -5.000000e-02
      vertex 7.339649e-01 3.325514e-02 -5.000000e-02
    endloop
  endfacet
  facet normal 0.000000e+00 0.000000e+00 1.000000e+00
    outer loop
      vertex 7.269952e-01 3.396239e-02 -5.000000e-02
      vertex 7.269952e-01 -3.396239e-02 -5.000000e-02
      vertex 7.339649e-01 -3.325514e-02 -5.000000e-02
    endloop
  endfacet
  facet normal 0.000000e+00 0.000000e+00 1.000000e+00
    outer loop
      vertex 7.339649e-01 3.325514e-02 -5.000000e-02
      vertex 7.408768e-01 -3.254725e-02 -5.000000e-02
      vertex 7.408768e-01 3.254725e-02 -5.000000e-02
    endloop
  endfacet
  facet normal 0.000000e+00 0.000000e+00 1.000000e+00
    outer loop
      vertex 7.339649e-01 3.325514e-02 -5.000000e-02
      vertex 7.339649e-01 -3.325514e-02 -5.000000e-02
      vertex 7.408768e-01 -3.254725e-02 -5.000000e-02
    endloop
  endfacet
  facet normal 0.000000e+00 0.000000e+00 1.000000e+00
    outer loop
      vertex 7.408768e-01 3.254725e-02 -5.000000e-02
      vertex 7.477293e-01 -3.183911e-02 -5.000000e-02
      vertex 7.477293e-01 3.183911e-02 -5.000000e-02
    endloop
  endfacet
  facet normal 0.000000e+00 0.000000e+00 1.000000e+00
    outer loop
      vertex 7.408768e-01 3.254725e-02 -5.000000e-02
      vertex 7.408768e-01 -3.254725e-02 -5.000000e-02
      vertex 7.477293e-01 -3.183911e-02 -5.000000e-02
    endloop
  endfacet
  facet normal 0.000000e+00 0.000000e+00 1.000000e+00
    outer loop
      vertex 7.477293e-01 3.183911e-02 -5.000000e-02
      vertex 7.545207e-01 -3.113106e-02 -5.000000e-02
      vertex 7.545207e-01 3.113106e-02 -5.000000e-02
    endloop
  endfacet
  facet normal 0.000000e+00 0.000000e+00 1.000000e+00
    outer loop
      vertex 7.477293e-01 3.183911e-02 -5.000000e-02
      vertex 7.477293e-01 -3.183911e-02 -5.000000e-02
      vertex 7.545207e-01 -3.113106e-02 -5.000000e-02
    endloop
  endfacet
  facet normal 0.000000e+00 0.000000e+00 1.000000e+00
    outer loop
      vertex 7.545207e-01 3.113106e-02 -5.000000e-02
      vertex 7.612493e-01 -3.042348e-02 -5.000000e-02
      vertex 7.612493e-01 3.042348e-02 -5.000000e-02
    endloop
  endfacet
  facet normal 0.000000e+00 0.000000e+00 1.000000e+00
    outer loop
      vertex 7.545207e-01 3.113106e-02 -5.000000e-02
      vertex 7.545207e-01 -3.113106e-02 -5.000000e-02
      vertex 7.612493e-01 -3.042348e-02 -5.000000e-02
    endloop
  endfacet
  facet normal 0.000000e+00 0.000000e+00 1.000000e+00
    outer loop
      vertex 7.612493e-01 3.042348e-02 -5.000000e-02
      vertex 7.679134e-01 -2.971674e-02 -5.000000e-02
      vertex 7.679134e-01 2.971674e-02 -5.000000e-02
    endloop
  endfacet
  facet normal 0.000000e+00 0.000000e+00 1.000000e+00
    outer loop
      vertex 7.612493e-01 3.042348e-02 -5.000000e-02
      vertex 7.612493e-01 -3.042348e-02 -5.000000e-02
      vertex 7.679134e-01 -2.971674e-02 -5.000000e-02
    endloop
  endfacet
  facet normal 0.000000e+00 0.000000e+00 1.000000e+00
    outer loop
      vertex 7.679134e-01 2.971674e-02 -5.000000e-02
      vertex 7.745114e-01 -2.901117e-02 -5.000000e-02
      vertex 7.745114e-01 2.901117e-02 -5.000000e-02
    endloop
  endfacet
  facet normal 0.000000e+00 0.000000e+00 1.000000e+00
    outer loop
      vertex 7.679134e-01 2.971674e-02 -5.000000e-02
      vertex 7.679134e-01 -2.971674e-02 -5.000000e-02
      vertex 7.745114e-01 -2.901117e-02 -5.000000e-02
    endloop
  endfacet
  facet normal 0.000000e+00 0.000000e+00 1.000000e+00
    outer loop
      vertex 7.745114e-01 2.901117e-02 -5.000000e-02
      vertex 7.810417e-01 -2.830715e-02 -5.000000e-02
      vertex 7.810417e-01 2.830715e-02 -5.000000e-02
    endloop
  endfacet
  facet normal 0.000000e+00 0.000000e+00 1.000000e+00
    outer loop
      vertex 7.745114e-01 2.901117e-02 -5.000000e-02
      vertex 7.745114e-01 -2.901117e-02 -5.000000e-02
      vertex 7.810417e-01 -2.830715e-02 -5.000000e-02
    endloop
  endfacet
  facet normal 0.000000e+00 0.000000e+00 1.000000e+00
    outer loop
      vertex 7.810417e-01 2.830715e-02 -5.000000e-02
      vertex 7.875026e-01 -2.760503e-02 -5.000000e-02
      vertex 7.875026e-01 2.760503e-02 -5.000000e-02
    endloop
  endfacet
  facet normal 0.000000e+00 0.000000e+00 1.000000e+00
    outer loop
      vertex 7.810417e-01 2.830715e-02 -5.000000e-02
      vertex 7.810417e-01 -2.830715e-02 -5.000000e-02
      vertex 7.875026e-01 -2.760503e-02 -5.000000e-02
    endloop
  endfacet
  facet normal 0.000000e+00 0.000000e+00 1.000000e+00
    outer loop
      vertex 7.875026e-01 2.760503e-02 -5.000000e-02
      vertex 7.938926e-01 -2.690517e-02 -5.000000e-02
      vertex 7.938926e-01 2.690517e-02 -5.000000e-02
    endloop
  endfacet
  facet normal 0.000000e+00 0.000000e+00 1.000000e+00
    outer loop
      vertex 7.875026e-01 2.760503e-02 -5.000000e-02
      vertex 7.875026e-01 -2.760503e-02 -5.000000e-02
      vertex 7.938926e-01 -2.690517e-02 -5.000000e-02
    endloop
  endfacet
  facet normal 0.000000e+00 0.000000e+00 1.000000e+00
    outer loop
      vertex 7.938926e-01 2.690517e-02 -5.000000e-02
      vertex 8.002101e-01 -2.620790e-02 -5.000000e-02
      vertex 8.002101e-01 2.620790e-02 -5.000000e-02
    endloop
  endfacet
  facet normal 0.000000e+00 0.000000e+00 1.000000e+00
    outer loop
      vertex 7.938926e-01 2.690517e-02 -5.000000e-02
      vertex 7.938926e-01 -2.690517e-02 -5.000000e-02
      vertex 8.002101e-01 -2.620790e-02 -5.000000e-02
    endloop
  endfacet
  facet normal 0.000000e+00 0.000000e+00 1.000000e+00
    outer loop
      vertex 8.002101e-01 2.620790e-02 -5.000000e-02
      vertex 8.064535e-01 -2.551360e-02 -5.000000e-02
      vertex 8.064535e-01 2.551360e-02 -5.000000e-02
    endloop
  endfacet
  facet normal 0.000000e+00 0.000000e+00 1.000000e+00
    outer loop
      vertex 8.002101e-01 2.620790e-02 -5.000000e-02
      vertex 8.002101e-01 -2.620790e-02 -5.000000e-02
      vertex 8.064535e-01 -2.551360e-02 -5.000000e-02
    endloop
  endfacet
  facet normal 0.000000e+00 0.000000e+00 1.000000e+00
    outer loop
      vertex 8.064535e-01 2.551360e-02 -5.000000e-02
      vertex 8.126213e-01 -2.482260e-02 -5.000000e-02
      vertex 8.126213e-01 2.482260e-02 -5.000000e-02
    endloop
  endfacet
  facet normal 0.000000e+00 0.000000e+00 1.000000e+00
    outer loop
      vertex 8.064535e-01 2.551360e-02 -5.000000e-02
      vertex 8.064535e-01 -2.551360e-02 -5.000000e-02
      vertex 8.126213e-01 -2.482260e-02 -5.000000e-02
    endloop
  endfacet
  facet normal 0.000000e+00 0.000000e+00 1.000000e+00
    outer loop
      vertex 8.126213e-01 2.482260e-02 -5.000000e-02
      vertex 8.187120e-01 -2.413526e-02 -5.000000e-02
      vertex 8.187120e-01 2.413526e-02 -5.000000e-02
    endloop
  endfacet
  facet normal 0.000000e+00 0.000000e+00 1.000000e+00
    outer loop
      vertex 8.126213e-01 2.482260e-02 -5.000000e-02
      vertex 8.126213e-01 -2.482260e-02 -5.000000e-02
      vertex 8.187120e-01 -2.413526e-02 -5.000000e-02
    endloop
  endfacet
  facet normal 0.000000e+00 0.000000e+00 1.000000e+00
    outer loop
      vertex 8.187120e-01 2.413526e-02 -5.000000e-02
      vertex 8.247240e-01 -2.345191e-02 -5.000000e-02
      vertex 8.247240e-01 2.345191e-02 -5.000000e-02
    endloop
  endfacet
  facet normal 0.000000e+00 0.000000e+00 1.000000e+00
    outer loop
      vertex 8.187120e-01 2.413526e-02 -5.000000e-02
      vertex 8.187120e-01 -2.413526e-02 -5.000000e-02
      vertex 8.247240e-01 -2.345191e-02 -5.000000e-02
    endloop
  endfacet
  facet normal 0.000000e+00 0.000000e+00 1.000000e+00
    outer loop
      vertex 8.247240e-01 2.345191e-02 -5.000000e-02
      vertex 8.306559e-01 -2.277291e-02 -5.000000e-02
      vertex 8.306559e-01 2.277291e-02 -5.000000e-02
    endloop
  endfacet
  facet normal 0.000000e+00 0.000000e+00 1.000000e+00
    outer loop
      vertex 8.247240e-01 2.345191e-02 -5.000000e-02
      vertex 8.247240e-01 -2.345191e-02 -5.000000e-02
      vertex 8.306559e-01 -2.277291e-02 -5.000000e-02
    endloop
  endfacet
  facet normal 0.000000e+00 0.000000e+00 1.000000e+00
    outer loop
      vertex 8.306559e-01 2.277291e-02 -5.000000e-02
      vertex 8.365063e-01 -2.209861e-02 -5.000000e-02
      vertex 8.365063e-01 2.209861e-02 -5.000000e-02
    endloop
  endfacet
  facet normal 0.000000e+00 0.000000e+00 1.000000e+00
    outer loop
      vertex 8.306559e-01 2.277291e-02 -5.000000e-02
      vertex 8.306559e-01 -2.277291e-02 -5.000000e-02
      vertex 8.365063e-01 -2.209861e-02 -5.000000e-02
    endloop
  endfacet
  facet normal 0.000000e+00 0.000000e+00 1.000000e+00
    outer loop
      vertex 8.365063e-01 2.209861e-02 -5.000000e-02
      vertex 8.422736e-01 -2.142934e-02 -5.000000e-02
      vertex 8.422736e-01 2.142934e-02 -5.000000e-02
    endloop
  endfacet
  facet normal 0.000000e+00 0.000000e+00 1.000000e+00
    outer loop
      vertex 8.365063e-01 2.209861e-02 -5.000000e-02
      vertex 8.365063e-01 -2.209861e-02 -5.000000e-02
      vertex 8.422736e-01 -2.142934e-02 -5.000000e-02
    endloop
  endfacet
  facet normal 0.000000e+00 0.000000e+00 1.000000e+00
    outer loop
      vertex 8.422736e-01 2.142934e-02 -5.000000e-02
      vertex 8.479564e-01 -2.076545e-02 -5.000000e-02
      vertex 8.479564e-01 2.076545e-02 -5.000000e-02
    endloop
  endfacet
  facet normal 0.000000e+00 0.000000e+00 1.000000e+00
    outer loop
      vertex 8.422736e-01 2.142934e-02 -5.000000e-02
      vertex 8.422736e-01 -2.142934e-02 -5.000000e-02
      vertex 8.479564e-01 -2.076545e-02 -5.000000e-02
    endloop
  endfacet
  facet normal 0.000000e+00 0.000000e+00 1.000000e+00
    outer loop
      vertex 8.479564e-01 2.076545e-02 -5.000000e-02
      vertex 8.535534e-01 -2.010727e-02 -5.000000e-02
      vertex 8.535534e-01 2.010727e-02 -5.000000e-02
    endloop
  endfacet
  facet normal 0.000000e+00 0.000000e+00 1.000000e+00
    outer loop
      vertex 8.479564e-01 2.076545e-02 -5.000000e-02
      vertex 8.479564e-01 -2.076545e-02 -5.000000e-02
      vertex 8.535534e-01 -2.010727e-02 -5.000000e-02
    endloop
  endfacet
  facet normal 0.000000e+00 0.000000e+00 1.000000e+00
    outer loop
      vertex 8.535534e-01 2.010727e-02 -5.000000e-02
      vertex 8.590631e-01 -1.945516e-02 -5.000000e-02
      vertex 8.590631e-01 1.945516e-02 -5.000000e-02
    endloop
  endfacet
  facet normal 0.000000e+00 0.000000e+00 1.000000e+00
    outer loop
      vertex 8.535534e-01 2.010727e-02 -5.000000e-02
      vertex 8.535534e-01 -2.010727e-02 -5.000000e-02
      vertex 8.590631e-01 -1.945516e-02 -5.000000e-02
    endloop
  endfacet
  facet normal 0.000000e+00 0.000000e+00 1.000000e+00
    outer loop
      vertex 8.590631e-01 1.945516e-02 -5.000000e-02
      vertex 8.644843e-01 -1.880944e-02 -5.000000e-02
      vertex 8.644843e-01 1.880944e-02 -5.000000e-02
    endloop
  endfacet
  facet normal 0.000000e+00 0.000000e+00 1.000000e+00
    outer loop
      vertex 8.590631e-01 1.945516e-02 -5.000000e-02
      vertex 8.590631e-01 -1.945516e-02 -5.000000e-02
      vertex 8.644843e-01 -1.880944e-02 -5.000000e-02
    endloop
  endfacet
  facet normal 0.000000e+00 0.000000e+00 1.000000e+00
    outer loop
      vertex 8.644843e-01 1.880944e-02 -5.000000e-02
      vertex 8.698155e-01 -1.817046e-02 -5.000000e-02
      vertex 8.698155e-01 1.817046e-02 -5.000000e-02
    endloop
  endfacet
  facet normal 0.000000e+00 0.000000e+00 1.000000e+00
    outer loop
      vertex 8.644843e-01 1.880944e-02 -5.000000e-02
      vertex 8.644843e-01 -1.880944e-02 -5.000000e-02
      vertex 8.698155e-01 -1.817046e-02 -5.000000e-02
    endloop
  endfacet
  facet normal 0.000000e+00 0.000000e+00 1.000000e+00
    outer loop
      vertex 8.698155e-01 1.817046e-02 -5.000000e-02
      vertex 8.750555e-01 -1.753856e-02 -5.000000e-02
      vertex 8.750555e-01 1.753856e-02 -5.000000e-02
    endloop
  endfacet
  facet normal 0.000000e+00 0.000000e+00 1.000000e+00
    outer loop
      vertex 8.698155e-01 1.817046e-02 -5.000000e-02
      vertex 8.698155e-01 -1.817046e-02 -5.000000e-02
      vertex 8.750555e-01 -1.753856e-02 -5.000000e-02
    endloop
  endfacet
  facet normal 0.000000e+00 0.000000e+00 1.000000e+00
    outer loop
      vertex 8.750555e-01 1.753856e-02 -5.000000e-02
      vertex 8.802030e-01 -1.691406e-02 -5.000000e-02
      vertex 8.802030e-01 1.691406e-02 -5.000000e-02
    endloop
  endfacet
  facet normal 0.000000e+00 0.000000e+00 1.000000e+00
    outer loop
      vertex 8.750555e-01 1.753856e-02 -5.000000e-02
      vertex 8.750555e-01 -1.753856e-02 -5.000000e-02
      vertex 8.802030e-01 -1.691406e-02 -5.000000e-02
    endloop
  endfacet
  facet normal 0.000000e+00 0.000000e+00 1.000000e+00
    outer loop
      vertex 8.802030e-01 1.691406e-02 -5.000000e-02
      vertex 8.852566e-01 -1.629730e-02 -5.000000e-02
      vertex 8.852566e-01 1.629730e-02 -5.000000e-02
    endloop
  endfacet
  facet normal 0.000000e+00 0.000000e+00 1.000000e+00
    outer loop
      vertex 8.802030e-01 1.691406e-02 -5.000000e-02
      vertex 8.802030e-01 -1.691406e-02 -5.000000e-02
      vertex 8.852566e-01 -1.629730e-02 -5.000000e-02
    endloop
  endfacet
  facet normal 0.000000e+00 0.000000e+00 1.000000e+00
    outer loop
      vertex 8.852566e-01 1.629730e-02 -5.000000e-02
      vertex 8.902152e-01 -1.568862e-02 -5.000000e-02
      vertex 8.902152e-01 1.568862e-02 -5.000000e-02
    endloop
  endfacet
  facet normal 0.000000e+00 0.000000e+00 1.000000e+00
    outer loop
      vertex 8.852566e-01 1.629730e-02 -5.000000e-02
      vertex 8.852566e-01 -1.629730e-02 -5.000000e-02
      vertex 8.902152e-01 -1.568862e-02 -5.000000e-02
    endloop
  endfacet
  facet normal 0.000000e+00 0.000000e+00 1.000000e+00
    outer loop
      vertex 8.902152e-01 1.568862e-02 -5.000000e-02
      vertex 8.950775e-01 -1.508835e-02 -5.000000e-02
      vertex 8.950775e-01 1.508835e-02 -5.000000e-02
    endloop
  endfacet
  facet normal 0.000000e+00 0.000000e+00 1.000000e+00
    outer loop
      vertex 8.902152e-01 1.568862e-02 -5.000000e-02
      vertex 8.902152e-01 -1.568862e-02 -5.000000e-02
      vertex 8.950775e-01 -1.508835e-02 -5.000000e-02
    endloop
  endfacet
  facet normal 0.000000e+00 0.000000e+00 1.000000e+00
    outer loop
      vertex 8.950775e-01 1.508835e-02 -5.000000e-02
      vertex 8.998423e-01 -1.449680e-02 -5.000000e-02
      vertex 8.998423e-01 1.449680e-02 -5.000000e-02
    endloop
  endfacet
  facet normal 0.000000e+00 0.000000e+00 1.000000e+00
    outer loop
      vertex 8.950775e-01 1.508835e-02 -5.000000e-02
      vertex 8.950775e-01 -1.508835e-02 -5.000000e-02
      vertex 8.998423e-01 -1.449680e-02 -5.000000e-02
    endloop
  endfacet
  facet normal 0.000000e+00 0.000000e+00 1.000000e+00
    outer loop
      vertex 8.998423e-01 1.449680e-02 -5.000000e-02
      vertex 9.045085e-01 -1.391432e-02 -5.000000e-02
      vertex 9.045085e-01 1.391432e-02 -5.000000e-02
    endloop
  endfacet
  facet normal 0.000000e+00 0.000000e+00 1.000000e+00
    outer loop
      vertex 8.998423e-01 1.449680e-02 -5.000000e-02
      vertex 8.998423e-01 -1.449680e-02 -5.000000e-02
      vertex 9.045085e-01 -1.391432e-02 -5.000000e-02
    endloop
  endfacet
  facet normal 0.000000e+00 0.000000e+00 1.000000e+00
    outer loop
      vertex 9.045085e-01 1.391432e-02 -5.000000e-02
      vertex 9.090749e-01 -1.334122e-02 -5.000000e-02
      vertex 9.090749e-01 1.334122e-02 -5.000000e-02
    endloop
  endfacet
  facet normal 0.000000e+00 0.000000e+00 1.000000e+00
    outer loop
      vertex 9.045085e-01 1.391432e-02 -5.000000e-02
      vertex 9.045085e-01 -1.391432e-02 -5.000000e-02
      vertex 9.090749e-01 -1.334122e-02 -5.000000e-02
    endloop
  endfacet
  facet normal 0.000000e+00 0.000000e+00 1.000000e+00
    outer loop
      vertex 9.090749e-01 1.334122e-02 -5.000000e-02
      vertex 9.135403e-01 -1.277783e-02 -5.000000e-02
      vertex 9.135403e-01 1.277783e-02 -5.000000e-02
    endloop
  endfacet
  facet normal 0.000000e+00 0.000000e+00 1.000000e+00
    outer loop
      vertex 9.090749e-01 1.334122e-02 -5.000000e-02
      vertex 9.090749e-01 -1.334122e-02 -5.000000e-02
      vertex 9.135403e-01 -1.277783e-02 -5.000000e-02
    endloop
  endfacet
  facet normal 0.000000e+00 0.000000e+00 1.000000e+00
    outer loop
      vertex 9.135403e-01 1.277783e-02 -5.000000e-02
      vertex 9.179037e-01 -1.222447e-02 -5.000000e-02
      vertex 9.179037e-01 1.222447e-02 -5.000000e-02
    endloop
  endfacet
  facet normal 0.000000e+00 0.000000e+00 1.000000e+00
    outer loop
      vertex 9.135403e-01 1.277783e-02 -5.000000e-02
      vertex 9.135403e-01 -1.277783e-02 -5.000000e-02
      vertex 9.179037e-01 -1.222447e-02 -5.000000e-02
    endloop
  endfacet
  facet normal 0.000000e+00 0.000000e+00 1.000000e+00
    outer loop
      vertex 9.179037e-01 1.222447e-02 -5.000000e-02
      vertex 9.221640e-01 -1.168145e-02 -5.000000e-02
      vertex 9.221640e-01 1.168145e-02 -5.000000e-02
    endloop
  endfacet
  facet normal 0.000000e+00 0.000000e+00 1.000000e+00
    outer loop
      vertex 9.179037e-01 1.222447e-02 -5.000000e-02
      vertex 9.179037e-01 -1.222447e-02 -5.000000e-02
      vertex 9.221640e-01 -1.168145e-02 -5.000000e-02
    endloop
  endfacet
  facet normal 0.000000e+00 0.000000e+00 1.000000e+00
    outer loop
      vertex 9.221640e-01 1.168145e-02 -5.000000e-02
      vertex 9.263201e-01 -1.114908e-02 -5.000000e-02
      vertex 9.263201e-01 1.114908e-02 -5.000000e-02
    endloop
  endfacet
  facet normal 0.000000e+00 0.000000e+00 1.000000e+00
    outer loop
      vertex 9.221640e-01 1.168145e-02 -5.000000e-02
      vertex 9.221640e-01 -1.168145e-02 -5.000000e-02
      vertex 9.263201e-01 -1.114908e-02 -5.000000e-02
    endloop
  endfacet
  facet normal 0.000000e+00 0.000000e+00 1.000000e+00
    outer loop
      vertex 9.263201e-01 1.114908e-02 -5.000000e-02
      vertex 9.303710e-01 -1.062768e-02 -5.000000e-02
      vertex 9.303710e-01 1.062768e-02 -5.000000e-02
    endloop
  endfacet
  facet normal 0.000000e+00 0.000000e+00 1.000000e+00
    outer loop
      vertex 9.263201e-01 1.114908e-02 -5.000000e-02
      vertex 9.263201e-01 -1.114908e-02 -5.000000e-02
      vertex 9.303710e-01 -1.062768e-02 -5.000000e-02
    endloop
  endfacet
  facet normal 0.000000e+00 0.000000e+00 1.000000e+00
    outer loop
      vertex 9.303710e-01 1.062768e-02 -5.000000e-02
      vertex 9.343158e-01 -1.011756e-02 -5.000000e-02
      vertex 9.343158e-01 1.011756e-02 -5.000000e-02
    endloop
  endfacet
  facet normal 0.000000e+00 0.000000e+00 1.000000e+00
    outer loop
      vertex 9.303710e-01 1.062768e-02 -5.000000e-02
      vertex 9.303710e-01 -1.062768e-02 -5.000000e-02
      vertex 9.343158e-01 -1.011756e-02 -5.000000e-02
    endloop
  endfacet
  facet normal 0.000000e+00 0.000000e+00 1.000000e+00
    outer loop
      vertex 9.343158e-01 1.011756e-02 -5.000000e-02
      vertex 9.381533e-01 -9.619002e-03 -5.000000e-02
      vertex 9.381533e-01 9.619002e-03 -5.000000e-02
    endloop
  endfacet
  facet normal 0.000000e+00 0.000000e+00 1.000000e+00
    outer loop
      vertex 9.343158e-01 1.011756e-02 -5.000000e-02
      vertex 9.343158e-01 -1.011756e-02 -5.000000e-02
      vertex 9.381533e-01 -9.619002e-03 -5.000000e-02
    endloop
  endfacet
  facet normal 0.000000e+00 0.000000e+00 1.000000e+00
    outer loop
      vertex 9.381533e-01 9.619002e-03 -5.000000e-02
      vertex 9.418828e-01 -9.132321e-03 -5.000000e-02
      vertex 9.418828e-01 9.132321e-03 -5.000000e-02
    endloop
  endfacet
  facet normal 0.000000e+00 0.000000e+00 1.000000e+00
    outer loop
      vertex 9.381533e-01 9.619002e-03 -5.000000e-02
      vertex 9.381533e-01 -9.619002e-03 -5.000000e-02
      vertex 9.418828e-01 -9.132321e-03 -5.000000e-02
    endloop
  endfacet
  facet normal 0.000000e+00 0.000000e+00 1.000000e+00
    outer loop
      vertex 9.418828e-01 9.132321e-03 -5.000000e-02
      vertex 9.455033e-01 -8.657806e-03 -5.000000e-02
      vertex 9.455033e-01 8.657806e-03 -5.000000e-02
    endloop
  endfacet
  facet normal 0.000000e+00 0.000000e+00 1.000000e+00
    outer loop
      vertex 9.418828e-01 9.132321e-03 -5.000000e-02
      vertex 9.418828e-01 -9.132321e-03 -5.000000e-02
      vertex 9.455033e-01 -8.657806e-03 -5.000000e-02
    endloop
  endfacet
  facet normal 0.000000e+00 0.000000e+00 1.000000e+00
    outer loop
      vertex 9.455033e-01 8.657806e-03 -5.000000e-02
      vertex 9.490138e-01 -8.195746e-03 -5.000000e-02
      vertex 9.490138e-01 8.195746e-03 -5.000000e-02
    endloop
  endfacet
  facet normal 0.000000e+00 0.000000e+00 1.000000e+00
    outer loop
      vertex 9.455033e-01 8.657806e-03 -5.000000e-02
      vertex 9.455033e-01 -8.657806e-03 -5.000000e-02
      vertex 9.490138e-01 -8.195746e-03 -5.000000e-02
    endloop
  endfacet
  facet normal 0.000000e+00 0.000000e+00 1.000000e+00
    outer loop
      vertex 9.490138e-01 8.195746e-03 -5.000000e-02
      vertex 9.524135e-01 -7.746423e-03 -5.000000e-02
      vertex 9.524135e-01 7.746423e-03 -5.000000e-02
    endloop
  endfacet
  facet normal 0.000000e+00 0.000000e+00 1.000000e+00
    outer loop
      vertex 9.490138e-01 8.195746e-03 -5.000000e-02
      vertex 9.490138e-01 -8.195746e-03 -5.000000e-02
      vertex 9.524135e-01 -7.746423e-03 -5.000000e-02
    endloop
  endfacet
  facet normal 0.000000e+00 0.000000e+00 1.000000e+00
    outer loop
      vertex 9.524135e-01 7.746423e-03 -5.000000e-02
      vertex 9.557016e-01 -7.310117e-03 -5.000000e-02
      vertex 9.557016e-01 7.310117e-03 -5.000000e-02
    endloop
  endfacet
  facet normal 0.000000e+00 0.000000e+00 1.000000e+00
    outer loop
      vertex 9.524135e-01 7.746423e-03 -5.000000e-02
      vertex 9.524135e-01 -7.746423e-03 -5.000000e-02
      vertex 9.557016e-01 -7.310117e-03 -5.000000e-02
    endloop
  endfacet
  facet normal 0.000000e+00 0.000000e+00 1.000000e+00
    outer loop
      vertex 9.557016e-01 7.310117e-03 -5.000000e-02
      vertex 9.588773e-01 -6.887100e-03 -5.000000e-02
      vertex 9.588773e-01 6.887100e-03 -5.000000e-02
    endloop
  endfacet
  facet normal 0.000000e+00 0.000000e+00 1.000000e+00
    outer loop
      vertex 9.557016e-01 7.310117e-03 -5.000000e-02
      vertex 9.557016e-01 -7.310117e-03 -5.000000e-02
      vertex 9.588773e-01 -6.887100e-03 -5.000000e-02
    endloop
  endfacet
  facet normal 0.000000e+00 0.000000e+00 1.000000e+00
    outer loop
      vertex 9.588773e-01 6.887100e-03 -5.000000e-02
      vertex 9.619398e-01 -6.477637e-03 -5.000000e-02
      vertex 9.619398e-01 6.477637e-03 -5.000000e-02
    endloop
  endfacet
  facet normal 0.000000e+00 0.000000e+00 1.000000e+00
    outer loop
      vertex 9.588773e-01 6.887100e-03 -5.000000e-02
      vertex 9.588773e-01 -6.887100e-03 -5.000000e-02
      vertex 9.619398e-01 -6.477637e-03 -5.000000e-02
    endloop
  endfacet
  facet normal 0.000000e+00 0.000000e+00 1.000000e+00
    outer loop
      vertex 9.619398e-01 6.477637e-03 -5.000000e-02
      vertex 9.648882e-01 -6.081988e-03 -5.000000e-02
      vertex 9.648882e-01 6.081988e-03 -5.000000e-02
    endloop
  endfacet
  facet normal 0.000000e+00 0.000000e+00 1.000000e+00
    outer loop
      vertex 9.619398e-01 6.477637e-03 -5.000000e-02
      vertex 9.619398e-01 -6.477637e-03 -5.000000e-02
      vertex 9.648882e-01 -6.081988e-03 -5.000000e-02
    endloop
  endfacet
  facet normal 0.000000e+00 0.000000e+00 1.000000e+00
    outer loop
      vertex 9.648882e-01 6.081988e-03 -5.000000e-02
      vertex 9.677220e-01 -5.700406e-03 -5.000000e-02
      vertex 9.677220e-01 5.700406e-03 -5.000000e-02
    endloop
  endfacet
  facet normal 0.000000e+00 0.000000e+00 1.000000e+00
    outer loop
      vertex 9.648882e-01 6.081988e-03 -5.000000e-02
      vertex 9.648882e-01 -6.081988e-03 -5.000000e-02
      vertex 9.677220e-01 -5.700406e-03 -5.000000e-02
    endloop
  endfacet
  facet normal 0.000000e+00 0.000000e+00 1.000000e+00
    outer loop
      vertex 9.677220e-01 5.700406e-03 -5.000000e-02
      vertex 9.704404e-01 -5.333136e-03 -5.000000e-02
      vertex 9.704404e-01 5.333136e-03 -5.000000e-02
    endloop
  endfacet
  facet normal 0.000000e+00 0.000000e+00 1.000000e+00
    outer loop
      vertex 9.677220e-01 5.700406e-03 -5.000000e-02
      vertex 9.677220e-01 -5.700406e-03 -5.000000e-02
      vertex 9.704404e-01 -5.333136e-03 -5.000000e-02
    endloop
  endfacet
  facet normal 0.000000e+00 0.000000e+00 1.000000e+00
    outer loop
      vertex 9.704404e-01 5.333136e-03 -5.000000e-02
      vertex 9.730427e-01 -4.980417e-03 -5.000000e-02
      vertex 9.730427e-01 4.980417e-03 -5.000000e-02
    endloop
  endfacet
  facet normal 0.000000e+00 0.000000e+00 1.000000e+00
    outer loop
      vertex 9.704404e-01 5.333136e-03 -5.000000e-02
      vertex 9.704404e-01 -5.333136e-03 -5.000000e-02
      vertex 9.730427e-01 -4.980417e-03 -5.000000e-02
    endloop
  endfacet
  facet normal 0.000000e+00 0.000000e+00 1.000000e+00
    outer loop
      vertex 9.730427e-01 4.980417e-03 -5.000000e-02
      vertex 9.755283e-01 -4.642479e-03 -5.000000e-02
      vertex 9.755283e-01 4.642479e-03 -5.000000e-02
    endloop
  endfacet
  facet normal 0.000000e+00 0.000000e+00 1.000000e+00
    outer loop
      vertex 9.730427e-01 4.980417e-03 -5.000000e-02
      vertex 9.730427e-01 -4.980417e-03 -5.000000e-02
      vertex 9.755283e-01 -4.642479e-03 -5.000000e-02
    endloop
  endfacet
  facet normal 0.000000e+00 0.000000e+00 1.000000e+00
    outer loop
      vertex 9.755283e-01 4.642479e-03 -5.000000e-02
      vertex 9.778965e-01 -4.319543e-03 -5.000000e-02
      vertex 9.778965e-01 4.319543e-03 -5.000000e-02
    endloop
  endfacet
  facet normal 0.000000e+00 0.000000e+00 1.000000e+00
    outer loop
      vertex 9.755283e-01 4.642479e-03 -5.000000e-02
      vertex 9.755283e-01 -4.642479e-03 -5.000000e-02
      vertex 9.778965e-01 -4.319543e-03 -5.000000e-02
    endloop
  endfacet
  facet normal 0.000000e+00 0.000000e+00 1.000000e+00
    outer loop
      vertex 9.778965e-01 4.319543e-03 -5.000000e-02
      vertex 9.801468e-01 -4.011824e-03 -5.000000e-02
      vertex 9.801468e-01 4.011824e-03 -5.000000e-02
    endloop
  endfacet
  facet normal 0.000000e+00 0.000000e+00 1.000000e+00
    outer loop
      vertex 9.778965e-01 4.319543e-03 -5.000000e-02
      vertex 9.778965e-01 -4.319543e-03 -5.000000e-02
      vertex 9.801468e-01 -4.011824e-03 -5.000000e-02
    endloop
  endfacet
  facet normal 0.000000e+00 0.000000e+00 1.000000e+00
    outer loop
      vertex 9.801468e-01 4.011824e-03 -5.000000e-02
      vertex 9.822787e-01 -3.719526e-03 -5.000000e-02
      vertex 9.822787e-01 3.719526e-03 -5.000000e-02
    endloop
  endfacet
  facet normal 0.000000e+00 0.000000e+00 1.000000e+00
    outer loop
      vertex 9.801468e-01 4.011824e-03 -5.000000e-02
      vertex 9.801468e-01 -4.011824e-03 -5.000000e-02
      vertex 9.822787e-01 -3.719526e-03 -5.000000e-02
    endloop
  endfacet
  facet normal 0.000000e+00 0.000000e+00 1.000000e+00
    outer loop
      vertex 9.822787e-01 3.719526e-03 -5.000000e-02
      vertex 9.842916e-01 -3.442844e-03 -5.000000e-02
      vertex 9.842916e-01 3.442844e-03 -5.000000e-02
    endloop
  endfacet
  facet normal 0.000000e+00 0.000000e+00 1.000000e+00
    outer loop
      vertex 9.822787e-01 3.719526e-03 -5.000000e-02
      vertex 9.822787e-01 -3.719526e-03 -5.000000e-02
      vertex 9.842916e-01 -3.442844e-03 -5.000000e-02
    endloop
  endfacet
  facet normal 0.000000e+00 0.000000e+00 1.000000e+00
    outer loop
      vertex 9.842916e-01 3.442844e-03 -5.000000e-02
      vertex 9.861850e-01 -3.181966e-03 -5.000000e-02
      vertex 9.861850e-01 3.181966e-03 -5.000000e-02
    endloop
  endfacet
  facet normal 0.000000e+00 0.000000e+00 1.000000e+00
    outer loop
      vertex 9.842916e-01 3.442844e-03 -5.000000e-02
      vertex 9.842916e-01 -3.442844e-03 -5.000000e-02
      vertex 9.861850e-01 -3.181966e-03 -5.000000e-02
    endloop
  endfacet
  facet normal 0.000000e+00 0.000000e+00 1.000000e+00
    outer loop
      vertex 9.861850e-01 3.181966e-03 -5.000000e-02
      vertex 9.879584e-01 -2.937067e-03 -5.000000e-02
      vertex 9.879584e-01 2.937067e-03 -5.000000e-02
    endloop
  endfacet
  facet normal 0.000000e+00 0.000000e+00 1.000000e+00
    outer loop
      vertex 9.861850e-01 3.181966e-03 -5.000000e-02
      vertex 9.861850e-01 -3.181966e-03 -5.000000e-02
      vertex 9.879584e-01 -2.937067e-03 -5.000000e-02
    endloop
  endfacet
  facet normal 0.000000e+00 0.000000e+00 1.000000e+00
    outer loop
      vertex 9.879584e-01 2.937067e-03 -5.000000e-02
      vertex 9.896114e-01 -2.708315e-03 -5.000000e-02
      vertex 9.896114e-01 2.708315e-03 -5.000000e-02
    endloop
  endfacet
  facet normal 0.000000e+00 0.000000e+00 1.000000e+00
    outer loop
      vertex 9.879584e-01 2.937067e-03 -5.000000e-02
      vertex 9.879584e-01 -2.937067e-03 -5.000000e-02
      vertex 9.896114e-01 -2.708315e-03 -5.000000e-02
    endloop
  endfacet
  facet normal 0.000000e+00 0.000000e+00 1.000000e+00
    outer loop
      vertex 9.896114e-01 2.708315e-03 -5.000000e-02
      vertex 9.911436e-01 -2.350900e-03 -5.000000e-02
      vertex 9.911436e-01 2.350900e-03 -5.000000e-02
    endloop
  endfacet
  facet normal 0.000000e+00 0.000000e+00 1.000000e+00
    outer loop
      vertex 9.896114e-01 2.708315e-03 -5.000000e-02
      vertex 9.896114e-01 -2.708315e-03 -5.000000e-02
      vertex 9.911436e-01 -2.350900e-03 -5.000000e-02
    endloop
  endfacet
  facet normal 0.000000e+00 0.000000e+00 1.000000e+00
    outer loop
      vertex 9.911436e-01 2.350900e-03 -5.000000e-02
      vertex 9.925547e-01 -1.976344e-03 -5.000000e-02
      vertex 9.925547e-01 1.976344e-03 -5.000000e-02
    endloop
  endfacet
  facet normal 0.000000e+00 0.000000e+00 1.000000e+00
    outer loop
      vertex 9.911436e-01 2.350900e-03 -5.000000e-02
      vertex 9.911436e-01 -2.350900e-03 -5.000000e-02
      vertex 9.925547e-01 -1.976344e-03 -5.000000e-02
    endloop
  endfacet
  facet normal 0.000000e+00 0.000000e+00 1.000000e+00
    outer loop
      vertex 9.925547e-01 1.976344e-03 -5.000000e-02
      vertex 9.938442e-01 -1.634048e-03 -5.000000e-02
      vertex 9.938442e-01 1.634048e-03 -5.000000e-02
    endloop
  endfacet
  facet normal 0.000000e+00 0.000000e+00 1.000000e+00
    outer loop
      vertex 9.925547e-01 1.976344e-03 -5.000000e-02
      vertex 9.925547e-01 -1.976344e-03 -5.000000e-02
      vertex 9.938442e-01 -1.634048e-03 -5.000000e-02
    endloop
  endfacet
  facet normal 0.000000e+00 0.000000e+00 1.000000e+00
    outer loop
      vertex 9.938442e-01 1.634048e-03 -5.000000e-02
      vertex 9.950118e-01 -1.324096e-03 -5.000000e-02
      vertex 9.950118e-01 1.324096e-03 -5.000000e-02
    endloop
  endfacet
  facet normal 0.000000e+00 0.000000e+00 1.000000e+00
    outer loop
      vertex 9.938442e-01 1.634048e-03 -5.000000e-02
      vertex 9.938442e-01 -1.634048e-03 -5.000000e-02
      vertex 9.950118e-01 -1.324096e-03 -5.000000e-02
    endloop
  endfacet
  facet normal 0.000000e+00 0.000000e+00 1.000000e+00
    outer loop
      vertex 9.950118e-01 1.324096e-03 -5.000000e-02
      vertex 9.960574e-01 -1.046565e-03 -5.000000e-02
      vertex 9.960574e-01 1.046565e-03 -5.000000e-02
    endloop
  endfacet
  facet normal 0.000000e+00 0.000000e+00 1.000000e+00
    outer loop
      vertex 9.950118e-01 1.324096e-03 -5.000000e-02
      vertex 9.950118e-01 -1.324096e-03 -5.000000e-02
      vertex 9.960574e-01 -1.046565e-03 -5.000000e-02
    endloop
  endfacet
  facet normal 0.000000e+00 0.000000e+00 1.000000e+00
    outer loop
      vertex 9.960574e-01 1.046565e-03 -5.000000e-02
      vertex 9.969805e-01 -8.015239e-04 -5.000000e-02
      vertex 9.969805e-01 8.015239e-04 -5.000000e-02
    endloop
  endfacet
  facet normal 0.000000e+00 0.000000e+00 1.000000e+00
    outer loop
      vertex 9.960574e-01 1.046565e-03 -5.000000e-02
      vertex 9.960574e-01 -1.046565e-03 -5.000000e-02
      vertex 9.969805e-01 -8.015239e-04 -5.000000e-02
    endloop
  endfacet
  facet normal 0.000000e+00 0.000000e+00 1.000000e+00
    outer loop
      vertex 9.969805e-01 8.015239e-04 -5.000000e-02
      vertex 9.977810e-01 -5.890321e-04 -5.000000e-02
      vertex 9.977810e-01 5.890321e-04 -5.000000e-02
    endloop
  endfacet
  facet normal 0.000000e+00 0.000000e+00 1.000000e+00
    outer loop
      vertex 9.969805e-01 8.015239e-04 -5.000000e-02
      vertex 9.969805e-01 -8.015239e-04 -5.000000e-02
      vertex 9.977810e-01 -5.890321e-04 -5.000000e-02
    endloop
  endfacet
  facet normal 0.000000e+00 0.000000e+00 1.000000e+00
    outer loop
      vertex 9.977810e-01 5.890321e-04 -5.000000e-02
      vertex 9.984587e-01 -4.091426e-04 -5.000000e-02
      vertex 9.984587e-01 4.091426e-04 -5.000000e-02
    endloop
  endfacet
  facet normal 0.000000e+00 0.000000e+00 1.000000e+00
    outer loop
      vertex 9.977810e-01 5.890321e-04 -5.000000e-02
      vertex 9.977810e-01 -5.890321e-04 -5.000000e-02
      vertex 9.984587e-01 -4.091426e-04 -5.000000e-02
    endloop
  endfacet
  facet normal 0.000000e+00 0.000000e+00 1.000000e+00
    outer loop
      vertex 9.984587e-01 4.091426e-04 -5.000000e-02
      vertex 9.990134e-01 -2.618998e-04 -5.000000e-02
      vertex 9.990134e-01 2.618998e-04 -5.000000e-02
    endloop
  endfacet
  facet normal 0.000000e+00 0.000000e+00 1.000000e+00
    outer loop
      vertex 9.984587e-01 4.091426e-04 -5.000000e-02
      vertex 9.984587e-01 -4.091426e-04 -5.000000e-02
      vertex 9.990134e-01 -2.618998e-04 -5.000000e-02
    endloop
  endfacet
  facet normal 0.000000e+00 0.000000e+00 1.000000e+00
    outer loop
      vertex 9.990134e-01 2.618998e-04 -5.000000e-02
      vertex 9.994449e-01 -1.473398e-04 -5.000000e-02
      vertex 9.994449e-01 1.473398e-04 -5.000000e-02
    endloop
  endfacet
  facet normal 0.000000e+00 0.000000e+00 1.000000e+00
    outer loop
      vertex 9.990134e-01 2.618998e-04 -5.000000e-02
      vertex 9.990134e-01 -2.618998e-04 -5.000000e-02
      vertex 9.994449e-01 -1.473398e-04 -5.000000e-02
    endloop
  endfacet
  facet normal 0.000000e+00 0.000000e+00 1.000000e+00
    outer loop
      vertex 9.994449e-01 1.473398e-04 -5.000000e-02
      vertex 9.997533e-01 -6.549110e-05 -5.000000e-02
      vertex 9.997533e-01 6.549110e-05 -5.000000e-02
    endloop
  endfacet
  facet normal 0.000000e+00 0.000000e+00 1.000000e+00
    outer loop
      vertex 9.994449e-01 1.473398e-04 -5.000000e-02
      vertex 9.994449e-01 -1.473398e-04 -5.000000e-02
      vertex 9.997533e-01 -6.549110e-05 -5.000000e-02
    endloop
  endfacet
  facet normal 0.000000e+00 0.000000e+00 1.000000e+00
    outer loop
      vertex 9.997533e-01 6.549110e-05 -5.000000e-02
      vertex 9.999383e-01 -1.637378e-05 -5.000000e-02
      vertex 9.999383e-01 1.637378e-05 -5.000000e-02
    endloop
  endfacet
  facet normal 0.000000e+00 0.000000e+00 1.000000e+00
    outer loop
      vertex 9.997533e-01 6.549110e-05 -5.000000e-02
      vertex 9.997533e-01 -6.549110e-05 -5.000000e-02
      vertex 9.999383e-01 -1.637378e-05 -5.000000e-02
    endloop
  endfacet
  facet normal 0.000000e+00 0.000000e+00 1.000000e+00
    outer loop
      vertex 9.999383e-01 1.637378e-05 -5.000000e-02
      vertex 9.999383e-01 -1.637378e-05 -5.000000e-02
      vertex 1.000000e+00 0.000000e+00 -5.000000e-02
    endloop
  endfacet
  facet normal 0.000000e+00 0.000000e+00 -1.000000e+00
    outer loop
      vertex 0.000000e+00 0.000000e+00 5.000000e-02
      vertex 6.168376e-05 1.394430e-03 5.000000e-02
      vertex 6.168376e-05 -1.394430e-03 5.000000e-02
    endloop
  endfacet
  facet normal 0.000000e+00 0.000000e+00 -1.000000e+00
    outer loop
      vertex 6.168376e-05 1.394430e-03 5.000000e-02
      vertex 2.467198e-04 2.779437e-03 5.000000e-02
      vertex 2.467198e-04 -2.779437e-03 5.000000e-02
    endloop
  endfacet
  facet normal 0.000000e+00 0.000000e+00 -1.000000e+00
    outer loop
      vertex 6.168376e-05 1.394430e-03 5.000000e-02
      vertex 2.467198e-04 -2.779437e-03 5.000000e-02
      vertex 6.168376e-05 -1.394430e-03 5.000000e-02
    endloop
  endfacet
  facet normal 0.000000e+00 0.000000e+00 -1.000000e+00
    outer loop
      vertex 2.467198e-04 2.779437e-03 5.000000e-02
      vertex 5.550625e-04 4.154909e-03 5.000000e-02
      vertex 5.550625e-04 -4.154909e-03 5.000000e-02
    endloop
  endfacet
  facet normal 0.000000e+00 0.000000e+00 -1.000000e+00
    outer loop
      vertex 2.467198e-04 2.779437e-03 5.000000e-02
      vertex 5.550625e-04 -4.154909e-03 5.000000e-02
      vertex 2.467198e-04 -2.779437e-03 5.000000e-02
    endloop
  endfacet
  facet normal 0.000000e+00 0.000000e+00 -1.000000e+00
    outer loop
      vertex 5.550625e-04 4.154909e-03 5.000000e-02
      vertex 9.866358e-04 5.520718e-03 5.000000e-02
      vertex 9.866358e-04 -5.520718e-03 5.000000e-02
    endloop
  endfacet
  facet normal 0.000000e+00 0.000000e+00 -1.000000e+00
    outer loop
      vertex 5.550625e-04 4.154909e-03 5.000000e-02
      vertex 9.866358e-04 -5.520718e-03 5.000000e-02
      vertex 5.550625e-04 -4.154909e-03 5.000000e-02
    endloop
  endfacet
  facet normal 0.000000e+00 0.000000e+00 -1.000000e+00
    outer loop
      vertex 9.866358e-04 5.520718e-03 5.000000e-02
      vertex 1.541333e-03 6.876718e-03 5.000000e-02
      vertex 1.541333e-03 -6.876718e-03 5.000000e-02
    endloop
  endfacet
  facet normal 0.000000e+00 0.000000e+00 -1.000000e+00
    outer loop
      vertex 9.866358e-04 5.520718e-03 5.000000e-02
      vertex 1.541333e-03 -6.876718e-03 5.000000e-02
      vertex 9.866358e-04 -5.520718e-03 5.000000e-02
    endloop
  endfacet
  facet normal 0.000000e+00 0.000000e+00 -1.000000e+00
    outer loop
      vertex 1.541333e-03 6.876718e-03 5.000000e-02
      vertex 2.219018e-03 8.222748e-03 5.000000e-02
      vertex 2.219018e-03 -8.222748e-03 5.000000e-02
    endloop
  endfacet
  facet normal 0.000000e+00 0.000000e+00 -1.000000e+00
    outer loop
      vertex 1.541333e-03 6.876718e-03 5.000000e-02
      vertex 2.219018e-03 -8.222748e-03 5.000000e-02
      vertex 1.541333e-03 -6.876718e-03 5.000000e-02
    endloop
  endfacet
  facet normal 0.000000e+00 0.000000e+00 -1.000000e+00
    outer loop
      vertex 2.219018e-03 8.222748e-03 5.000000e-02
      vertex 3.019522e-03 9.558630e-03 5.000000e-02
      vertex 3.019522e-03 -9.558630e-03 5.000000e-02
    endloop
  endfacet
  facet normal 0.000000e+00 0.000000e+00 -1.000000e+00
    outer loop
      vertex 2.219018e-03 8.222748e-03 5.000000e-02
      vertex 3.019522e-03 -9.558630e-03 5.000000e-02
      vertex 2.219018e-03 -8.222748e-03 5.000000e-02
    endloop
  endfacet
  facet normal 0.000000e+00 0.000000e+00 -1.000000e+00
    outer loop
      vertex 3.019522e-03 9.558630e-03 5.000000e-02
      vertex 3.942649e-03 1.088417e-02 5.000000e-02
      vertex 3.942649e-03 -1.088417e-02 5.000000e-02
    endloop
  endfacet
  facet normal 0.000000e+00 0.000000e+00 -1.000000e+00
    outer loop
      vertex 3.019522e-03 9.558630e-03 5.000000e-02
      vertex 3.942649e-03 -1.088417e-02 5.000000e-02
      vertex 3.019522e-03 -9.558630e-03 5.000000e-02
    endloop
  endfacet
  facet normal 0.000000e+00 0.000000e+00 -1.000000e+00
    outer loop
      vertex 3.942649e-03 1.088417e-02 5.000000e-02
      vertex 4.988171e-03 1.219916e-02 5.000000e-02
      vertex 4.988171e-03 -1.219916e-02 5.000000e-02
    endloop
  endfacet
  facet normal 0.000000e+00 0.000000e+00 -1.000000e+00
    outer loop
      vertex 3.942649e-03 1.088417e-02 5.000000e-02
      vertex 4.988171e-03 -1.219916e-02 5.000000e-02
      vertex 3.942649e-03 -1.088417e-02 5.000000e-02
    endloop
  endfacet
  facet normal 0.000000e+00 0.000000e+00 -1.000000e+00
    outer loop
      vertex 4.988171e-03 1.219916e-02 5.000000e-02
      vertex 6.155830e-03 1.350337e-02 5.000000e-02
      vertex 6.155830e-03 -1.350337e-02 5.000000e-02
    endloop
  endfacet
  facet normal 0.000000e+00 0.000000e+00 -1.000000e+00
    outer loop
      vertex 4.988171e-03 1.219916e-02 5.000000e-02
      vertex 6.155830e-03 -1.350337e-02 5.000000e-02
      vertex 4.988171e-03 -1.219916e-02 5.000000e-02
    endloop
  endfacet
  facet normal 0.000000e+00 0.000000e+00 -1.000000e+00
    outer loop
      vertex 6.155830e-03 1.350337e-02 5.000000e-02
      vertex 7.445337e-03 1.479656e-02 5.000000e-02
      vertex 7.445337e-03 -1.479656e-02 5.000000e-02
    endloop
  endfacet
  facet normal 0.000000e+00 0.000000e+00 -1.000000e+00
    outer loop
      vertex 6.155830e-03 1.350337e-02 5.000000e-02
      vertex 7.445337e-03 -1.479656e-02 5.000000e-02
      vertex 6.155830e-03 -1.350337e-02 5.000000e-02
    endloop
  endfacet
  facet normal 0.000000e+00 0.000000e+00 -1.000000e+00
    outer loop
      vertex 7.445337e-03 1.479656e-02 5.000000e-02
      vertex 8.856375e-03 1.607848e-02 5.000000e-02
      vertex 8.856375e-03 -1.607848e-02 5.000000e-02
    endloop
  endfacet
  facet normal 0.000000e+00 0.000000e+00 -1.000000e+00
    outer loop
      vertex 7.445337e-03 1.479656e-02 5.000000e-02
      vertex 8.856375e-03 -1.607848e-02 5.000000e-02
      vertex 7.445337e-03 -1.479656e-02 5.000000e-02
    endloop
  endfacet
  facet normal 0.000000e+00 0.000000e+00 -1.000000e+00
    outer loop
      vertex 8.856375e-03 1.607848e-02 5.000000e-02
      vertex 1.038859e-02 1.734887e-02 5.000000e-02
      vertex 1.038859e-02 -1.734887e-02 5.000000e-02
    endloop
  endfacet
  facet normal 0.000000e+00 0.000000e+00 -1.000000e+00
    outer loop
      vertex 8.856375e-03 1.607848e-02 5.000000e-02
      vertex 1.038859e-02 -1.734887e-02 5.000000e-02
      vertex 8.856375e-03 -1.607848e-02 5.000000e-02
    endloop
  endfacet
  facet normal 0.000000e+00 0.000000e+00 -1.000000e+00
    outer loop
      vertex 1.038859e-02 1.734887e-02 5.000000e-02
      vertex 1.204162e-02 1.860743e-02 5.000000e-02
      vertex 1.204162e-02 -1.860743e-02 5.000000e-02
    endloop
  endfacet
  facet normal 0.000000e+00 0.000000e+00 -1.000000e+00
    outer loop
      vertex 1.038859e-02 1.734887e-02 5.000000e-02
      vertex 1.204162e-02 -1.860743e-02 5.000000e-02
      vertex 1.038859e-02 -1.734887e-02 5.000000e-02
    endloop
  endfacet
  facet normal 0.000000e+00 0.000000e+00 -1.000000e+00
    outer loop
      vertex 1.204162e-02 1.860743e-02 5.000000e-02
      vertex 1.381504e-02 1.985388e-02 5.000000e-02
      vertex 1.381504e-02 -1.985388e-02 5.000000e-02
    endloop
  endfacet
  facet normal 0.000000e+00 0.000000e+00 -1.000000e+00
    outer loop
      vertex 1.204162e-02 1.860743e-02 5.000000e-02
      vertex 1.381504e-02 -1.985388e-02 5.000000e-02
      vertex 1.204162e-02 -1.860743e-02 5.000000e-02
    endloop
  endfacet
  facet normal 0.000000e+00 0.000000e+00 -1.000000e+00
    outer loop
      vertex 1.381504e-02 1.985388e-02 5.000000e-02
      vertex 1.570842e-02 2.108791e-02 5.000000e-02
      vertex 1.570842e-02 -2.108791e-02 5.000000e-02
    endloop
  endfacet
  facet normal 0.000000e+00 0.000000e+00 -1.000000e+00
    outer loop
      vertex 1.381504e-02 1.985388e-02 5.000000e-02
      vertex 1.570842e-02 -2.108791e-02 5.000000e-02
      vertex 1.381504e-02 -1.985388e-02 5.000000e-02
    endloop
  endfacet
  facet normal 0.000000e+00 0.000000e+00 -1.000000e+00
    outer loop
      vertex 1.570842e-02 2.108791e-02 5.000000e-02
      vertex 1.772129e-02 2.230920e-02 5.000000e-02
      vertex 1.772129e-02 -2.230920e-02 5.000000e-02
    endloop
  endfacet
  facet normal 0.000000e+00 0.000000e+00 -1.000000e+00
    outer loop
      vertex 1.570842e-02 2.108791e-02 5.000000e-02
      vertex 1.772129e-02 -2.230920e-02 5.000000e-02
      vertex 1.570842e-02 -2.108791e-02 5.000000e-02
    endloop
  endfacet
  facet normal 0.000000e+00 0.000000e+00 -1.000000e+00
    outer loop
      vertex 1.772129e-02 2.230920e-02 5.000000e-02
      vertex 1.985316e-02 2.351742e-02 5.000000e-02
      vertex 1.985316e-02 -2.351742e-02 5.000000e-02
    endloop
  endfacet
  facet normal 0.000000e+00 0.000000e+00 -1.000000e+00
    outer loop
      vertex 1.772129e-02 2.230920e-02 5.000000e-02
      vertex 1.985316e-02 -2.351742e-02 5.000000e-02
      vertex 1.772129e-02 -2.230920e-02 5.000000e-02
    endloop
  endfacet
  facet normal 0.000000e+00 0.000000e+00 -1.000000e+00
    outer loop
      vertex 1.985316e-02 2.351742e-02 5.000000e-02
      vertex 2.210349e-02 2.471224e-02 5.000000e-02
      vertex 2.210349e-02 -2.471224e-02 5.000000e-02
    endloop
  endfacet
  facet normal 0.000000e+00 0.000000e+00 -1.000000e+00
    outer loop
      vertex 1.985316e-02 2.351742e-02 5.000000e-02
      vertex 2.210349e-02 -2.471224e-02 5.000000e-02
      vertex 1.985316e-02 -2.351742e-02 5.000000e-02
    endloop
  endfacet
  facet normal 0.000000e+00 0.000000e+00 -1.000000e+00
    outer loop
      vertex 2.210349e-02 2.471224e-02 5.000000e-02
      vertex 2.447174e-02 2.589331e-02 5.000000e-02
      vertex 2.447174e-02 -2.589331e-02 5.000000e-02
    endloop
  endfacet
  facet normal 0.000000e+00 0.000000e+00 -1.000000e+00
    outer loop
      vertex 2.210349e-02 2.471224e-02 5.000000e-02
      vertex 2.447174e-02 -2.589331e-02 5.000000e-02
      vertex 2.210349e-02 -2.471224e-02 5.000000e-02
    endloop
  endfacet
  facet normal 0.000000e+00 0.000000e+00 -1.000000e+00
    outer loop
      vertex 2.447174e-02 2.589331e-02 5.000000e-02
      vertex 2.695732e-02 2.706028e-02 5.000000e-02
      vertex 2.695732e-02 -2.706028e-02 5.000000e-02
    endloop
  endfacet
  facet normal 0.000000e+00 0.000000e+00 -1.000000e+00
    outer loop
      vertex 2.447174e-02 2.589331e-02 5.000000e-02
      vertex 2.695732e-02 -2.706028e-02 5.000000e-02
      vertex 2.447174e-02 -2.589331e-02 5.000000e-02
    endloop
  endfacet
  facet normal 0.000000e+00 0.000000e+00 -1.000000e+00
    outer loop
      vertex 2.695732e-02 2.706028e-02 5.000000e-02
      vertex 2.955962e-02 2.821277e-02 5.000000e-02
      vertex 2.955962e-02 -2.821277e-02 5.000000e-02
    endloop
  endfacet
  facet normal 0.000000e+00 0.000000e+00 -1.000000e+00
    outer loop
      vertex 2.695732e-02 2.706028e-02 5.000000e-02
      vertex 2.955962e-02 -2.821277e-02 5.000000e-02
      vertex 2.695732e-02 -2.706028e-02 5.000000e-02
    endloop
  endfacet
  facet normal 0.000000e+00 0.000000e+00 -1.000000e+00
    outer loop
      vertex 2.955962e-02 2.821277e-02 5.000000e-02
      vertex 3.227798e-02 2.935043e-02 5.000000e-02
      vertex 3.227798e-02 -2.935043e-02 5.000000e-02
    endloop
  endfacet
  facet normal 0.000000e+00 0.000000e+00 -1.000000e+00
    outer loop
      vertex 2.955962e-02 2.821277e-02 5.000000e-02
      vertex 3.227798e-02 -2.935043e-02 5.000000e-02
      vertex 2.955962e-02 -2.821277e-02 5.000000e-02
    endloop
  endfacet
  facet normal 0.000000e+00 0.000000e+00 -1.000000e+00
    outer loop
      vertex 3.227798e-02 2.935043e-02 5.000000e-02
      vertex 3.511176e-02 3.047287e-02 5.000000e-02
      vertex 3.511176e-02 -3.047287e-02 5.000000e-02
    endloop
  endfacet
  facet normal 0.000000e+00 0.000000e+00 -1.000000e+00
    outer loop
      vertex 3.227798e-02 2.935043e-02 5.000000e-02
      vertex 3.511176e-02 -3.047287e-02 5.000000e-02
      vertex 3.227798e-02 -2.935043e-02 5.000000e-02
    endloop
  endfacet
  facet normal 0.000000e+00 0.000000e+00 -1.000000e+00
    outer loop
      vertex 3.511176e-02 3.047287e-02 5.000000e-02
      vertex 3.806023e-02 3.157972e-02 5.000000e-02
      vertex 3.806023e-02 -3.157972e-02 5.000000e-02
    endloop
  endfacet
  facet normal 0.000000e+00 0.000000e+00 -1.000000e+00
    outer loop
      vertex 3.511176e-02 3.047287e-02 5.000000e-02
      vertex 3.806023e-02 -3.157972e-02 5.000000e-02
      vertex 3.511176e-02 -3.047287e-02 5.000000e-02
    endloop
  endfacet
  facet normal 0.000000e+00 0.000000e+00 -1.000000e+00
    outer loop
      vertex 3.806023e-02 3.157972e-02 5.000000e-02
      vertex 4.112269e-02 3.267059e-02 5.000000e-02
      vertex 4.112269e-02 -3.267059e-02 5.000000e-02
    endloop
  endfacet
  facet normal 0.000000e+00 0.000000e+00 -1.000000e+00
    outer loop
      vertex 3.806023e-02 3.157972e-02 5.000000e-02
      vertex 4.112269e-02 -3.267059e-02 5.000000e-02
      vertex 3.806023e-02 -3.157972e-02 5.000000e-02
    endloop
  endfacet
  facet normal 0.000000e+00 0.000000e+00 -1.000000e+00
    outer loop
      vertex 4.112269e-02 3.267059e-02 5.000000e-02
      vertex 4.429836e-02 3.374510e-02 5.000000e-02
      vertex 4.429836e-02 -3.374510e-02 5.000000e-02
    endloop
  endfacet
  facet normal 0.000000e+00 0.000000e+00 -1.000000e+00
    outer loop
      vertex 4.112269e-02 3.267059e-02 5.000000e-02
      vertex 4.429836e-02 -3.374510e-02 5.000000e-02
      vertex 4.112269e-02 -3.267059e-02 5.000000e-02
    endloop
  endfacet
  facet normal 0.000000e+00 0.000000e+00 -1.000000e+00
    outer loop
      vertex 4.429836e-02 3.374510e-02 5.000000e-02
      vertex 4.758647e-02 3.480286e-02 5.000000e-02
      vertex 4.758647e-02 -3.480286e-02 5.000000e-02
    endloop
  endfacet
  facet normal 0.000000e+00 0.000000e+00 -1.000000e+00
    outer loop
      vertex 4.429836e-02 3.374510e-02 5.000000e-02
      vertex 4.758647e-02 -3.480286e-02 5.000000e-02
      vertex 4.429836e-02 -3.374510e-02 5.000000e-02
    endloop
  endfacet
  facet normal 0.000000e+00 0.000000e+00 -1.000000e+00
    outer loop
      vertex 4.758647e-02 3.480286e-02 5.000000e-02
      vertex 5.098621e-02 3.584347e-02 5.000000e-02
      vertex 5.098621e-02 -3.584347e-02 5.000000e-02
    endloop
  endfacet
  facet normal 0.000000e+00 0.000000e+00 -1.000000e+00
    outer loop
      vertex 4.758647e-02 3.480286e-02 5.000000e-02
      vertex 5.098621e-02 -3.584347e-02 5.000000e-02
      vertex 4.758647e-02 -3.480286e-02 5.000000e-02
    endloop
  endfacet
  facet normal 0.000000e+00 0.000000e+00 -1.000000e+00
    outer loop
      vertex 5.098621e-02 3.584347e-02 5.000000e-02
      vertex 5.449674e-02 3.686655e-02 5.000000e-02
      vertex 5.449674e-02 -3.686655e-02 5.000000e-02
    endloop
  endfacet
  facet normal 0.000000e+00 0.000000e+00 -1.000000e+00
    outer loop
      vertex 5.098621e-02 3.584347e-02 5.000000e-02
      vertex 5.449674e-02 -3.686655e-02 5.000000e-02
      vertex 5.098621e-02 -3.584347e-02 5.000000e-02
    endloop
  endfacet
  facet normal 0.000000e+00 0.000000e+00 -1.000000e+00
    outer loop
      vertex 5.449674e-02 3.686655e-02 5.000000e-02
      vertex 5.811718e-02 3.787170e-02 5.000000e-02
      vertex 5.811718e-02 -3.787170e-02 5.000000e-02
    endloop
  endfacet
  facet normal 0.000000e+00 0.000000e+00 -1.000000e+00
    outer loop
      vertex 5.449674e-02 3.686655e-02 5.000000e-02
      vertex 5.811718e-02 -3.787170e-02 5.000000e-02
      vertex 5.449674e-02 -3.686655e-02 5.000000e-02
    endloop
  endfacet
  facet normal 0.000000e+00 0.000000e+00 -1.000000e+00
    outer loop
      vertex 5.811718e-02 3.787170e-02 5.000000e-02
      vertex 6.184666e-02 3.885855e-02 5.000000e-02
      vertex 6.184666e-02 -3.885855e-02 5.000000e-02
    endloop
  endfacet
  facet normal 0.000000e+00 0.000000e+00 -1.000000e+00
    outer loop
      vertex 5.811718e-02 3.787170e-02 5.000000e-02
      vertex 6.184666e-02 -3.885855e-02 5.000000e-02
      vertex 5.811718e-02 -3.787170e-02 5.000000e-02
    endloop
  endfacet
  facet normal 0.000000e+00 0.000000e+00 -1.000000e+00
    outer loop
      vertex 6.184666e-02 3.885855e-02 5.000000e-02
      vertex 6.568424e-02 3.982670e-02 5.000000e-02
      vertex 6.568424e-02 -3.982670e-02 5.000000e-02
    endloop
  endfacet
  facet normal 0.000000e+00 0.000000e+00 -1.000000e+00
    outer loop
      vertex 6.184666e-02 3.885855e-02 5.000000e-02
      vertex 6.568424e-02 -3.982670e-02 5.000000e-02
      vertex 6.184666e-02 -3.885855e-02 5.000000e-02
    endloop
  endfacet
  facet normal 0.000000e+00 0.000000e+00 -1.000000e+00
    outer loop
      vertex 6.568424e-02 3.982670e-02 5.000000e-02
      vertex 6.962899e-02 4.077577e-02 5.000000e-02
      vertex 6.962899e-02 -4.077577e-02 5.000000e-02
    endloop
  endfacet
  facet normal 0.000000e+00 0.000000e+00 -1.000000e+00
    outer loop
      vertex 6.568424e-02 3.982670e-02 5.000000e-02
      vertex 6.962899e-02 -4.077577e-02 5.000000e-02
      vertex 6.568424e-02 -3.982670e-02 5.000000e-02
    endloop
  endfacet
  facet normal 0.000000e+00 0.000000e+00 -1.000000e+00
    outer loop
      vertex 6.962899e-02 4.077577e-02 5.000000e-02
      vertex 7.367992e-02 4.170539e-02 5.000000e-02
      vertex 7.367992e-02 -4.170539e-02 5.000000e-02
    endloop
  endfacet
  facet normal 0.000000e+00 0.000000e+00 -1.000000e+00
    outer loop
      vertex 6.962899e-02 4.077577e-02 5.000000e-02
      vertex 7.367992e-02 -4.170539e-02 5.000000e-02
      vertex 6.962899e-02 -4.077577e-02 5.000000e-02
    endloop
  endfacet
  facet normal 0.000000e+00 0.000000e+00 -1.000000e+00
    outer loop
      vertex 7.367992e-02 4.170539e-02 5.000000e-02
      vertex 7.783604e-02 4.261519e-02 5.000000e-02
      vertex 7.783604e-02 -4.261519e-02 5.000000e-02
    endloop
  endfacet
  facet normal 0.000000e+00 0.000000e+00 -1.000000e+00
    outer loop
      vertex 7.367992e-02 4.170539e-02 5.000000e-02
      vertex 7.783604e-02 -4.261519e-02 5.000000e-02
      vertex 7.367992e-02 -4.170539e-02 5.000000e-02
    endloop
  endfacet
  facet normal 0.000000e+00 0.000000e+00 -1.000000e+00
    outer loop
      vertex 7.783604e-02 4.261519e-02 5.000000e-02
      vertex 8.209632e-02 4.350479e-02 5.000000e-02
      vertex 8.209632e-02 -4.350479e-02 5.000000e-02
    endloop
  endfacet
  facet normal 0.000000e+00 0.000000e+00 -1.000000e+00
    outer loop
      vertex 7.783604e-02 4.261519e-02 5.000000e-02
      vertex 8.209632e-02 -4.350479e-02 5.000000e-02
      vertex 7.783604e-02 -4.261519e-02 5.000000e-02
    endloop
  endfacet
  facet normal 0.000000e+00 0.000000e+00 -1.000000e+00
    outer loop
      vertex 8.209632e-02 4.350479e-02 5.000000e-02
      vertex 8.645971e-02 4.437385e-02 5.000000e-02
      vertex 8.645971e-02 -4.437385e-02 5.000000e-02
    endloop
  endfacet
  facet normal 0.000000e+00 0.000000e+00 -1.000000e+00
    outer loop
      vertex 8.209632e-02 4.350479e-02 5.000000e-02
      vertex 8.645971e-02 -4.437385e-02 5.000000e-02
      vertex 8.209632e-02 -4.350479e-02 5.000000e-02
    endloop
  endfacet
  facet normal 0.000000e+00 0.000000e+00 -1.000000e+00
    outer loop
      vertex 8.645971e-02 4.437385e-02 5.000000e-02
      vertex 9.092514e-02 4.522201e-02 5.000000e-02
      vertex 9.092514e-02 -4.522201e-02 5.000000e-02
    endloop
  endfacet
  facet normal 0.000000e+00 0.000000e+00 -1.000000e+00
    outer loop
      vertex 8.645971e-02 4.437385e-02 5.000000e-02
      vertex 9.092514e-02 -4.522201e-02 5.000000e-02
      vertex 8.645971e-02 -4.437385e-02 5.000000e-02
    endloop
  endfacet
  facet normal 0.000000e+00 0.000000e+00 -1.000000e+00
    outer loop
      vertex 9.092514e-02 4.522201e-02 5.000000e-02
      vertex 9.549150e-02 4.604893e-02 5.000000e-02
      vertex 9.549150e-02 -4.604893e-02 5.000000e-02
    endloop
  endfacet
  facet normal 0.000000e+00 0.000000e+00 -1.000000e+00
    outer loop
      vertex 9.092514e-02 4.522201e-02 5.000000e-02
      vertex 9.549150e-02 -4.604893e-02 5.000000e-02
      vertex 9.092514e-02 -4.522201e-02 5.000000e-02
    endloop
  endfacet
  facet normal 0.000000e+00 0.000000e+00 -1.000000e+00
    outer loop
      vertex 9.549150e-02 4.604893e-02 5.000000e-02
      vertex 1.001577e-01 4.685429e-02 5.000000e-02
      vertex 1.001577e-01 -4.685429e-02 5.000000e-02
    endloop
  endfacet
  facet normal 0.000000e+00 0.000000e+00 -1.000000e+00
    outer loop
      vertex 9.549150e-02 4.604893e-02 5.000000e-02
      vertex 1.001577e-01 -4.685429e-02 5.000000e-02
      vertex 9.549150e-02 -4.604893e-02 5.000000e-02
    endloop
  endfacet
  facet normal 0.000000e+00 0.000000e+00 -1.000000e+00
    outer loop
      vertex 1.001577e-01 4.685429e-02 5.000000e-02
      vertex 1.049225e-01 4.763776e-02 5.000000e-02
      vertex 1.049225e-01 -4.763776e-02 5.000000e-02
    endloop
  endfacet
  facet normal 0.000000e+00 0.000000e+00 -1.000000e+00
    outer loop
      vertex 1.001577e-01 4.685429e-02 5.000000e-02
      vertex 1.049225e-01 -4.763776e-02 5.000000e-02
      vertex 1.001577e-01 -4.685429e-02 5.000000e-02
    endloop
  endfacet
  facet normal 0.000000e+00 0.000000e+00 -1.000000e+00
    outer loop
      vertex 1.049225e-01 4.763776e-02 5.000000e-02
      vertex 1.097848e-01 4.839903e-02 5.000000e-02
      vertex 1.097848e-01 -4.839903e-02 5.000000e-02
    endloop
  endfacet
  facet normal 0.000000e+00 0.000000e+00 -1.000000e+00
    outer loop
      vertex 1.049225e-01 4.763776e-02 5.000000e-02
      vertex 1.097848e-01 -4.839903e-02 5.000000e-02
      vertex 1.049225e-01 -4.763776e-02 5.000000e-02
    endloop
  endfacet
  facet normal 0.000000e+00 0.000000e+00 -1.000000e+00
    outer loop
      vertex 1.097848e-01 4.839903e-02 5.000000e-02
      vertex 1.147434e-01 4.913781e-02 5.000000e-02
      vertex 1.147434e-01 -4.913781e-02 5.000000e-02
    endloop
  endfacet
  facet normal 0.000000e+00 0.000000e+00 -1.000000e+00
    outer loop
      vertex 1.097848e-01 4.839903e-02 5.000000e-02
      vertex 1.147434e-01 -4.913781e-02 5.000000e-02
      vertex 1.097848e-01 -4.839903e-02 5.000000e-02
    endloop
  endfacet
  facet normal 0.000000e+00 0.000000e+00 -1.000000e+00
    outer loop
      vertex 1.147434e-01 4.913781e-02 5.000000e-02
      vertex 1.197970e-01 4.985381e-02 5.000000e-02
      vertex 1.197970e-01 -4.985381e-02 5.000000e-02
    endloop
  endfacet
  facet normal 0.000000e+00 0.000000e+00 -1.000000e+00
    outer loop
      vertex 1.147434e-01 4.913781e-02 5.000000e-02
      vertex 1.197970e-01 -4.985381e-02 5.000000e-02
      vertex 1.147434e-01 -4.913781e-02 5.000000e-02
    endloop
  endfacet
  facet normal 0.000000e+00 0.000000e+00 -1.000000e+00
    outer loop
      vertex 1.197970e-01 4.985381e-02 5.000000e-02
      vertex 1.249445e-01 5.054676e-02 5.000000e-02
      vertex 1.249445e-01 -5.054676e-02 5.000000e-02
    endloop
  endfacet
  facet normal 0.000000e+00 0.000000e+00 -1.000000e+00
    outer loop
      vertex 1.197970e-01 4.985381e-02 5.000000e-02
      vertex 1.249445e-01 -5.054676e-02 5.000000e-02
      vertex 1.197970e-01 -4.985381e-02 5.000000e-02
    endloop
  endfacet
  facet normal 0.000000e+00 0.000000e+00 -1.000000e+00
    outer loop
      vertex 1.249445e-01 5.054676e-02 5.000000e-02
      vertex 1.301845e-01 5.121642e-02 5.000000e-02
      vertex 1.301845e-01 -5.121642e-02 5.000000e-02
    endloop
  endfacet
  facet normal 0.000000e+00 0.000000e+00 -1.000000e+00
    outer loop
      vertex 1.249445e-01 5.054676e-02 5.000000e-02
      vertex 1.301845e-01 -5.121642e-02 5.000000e-02
      vertex 1.249445e-01 -5.054676e-02 5.000000e-02
    endloop
  endfacet
  facet normal 0.000000e+00 0.000000e+00 -1.000000e+00
    outer loop
      vertex 1.301845e-01 5.121642e-02 5.000000e-02
      vertex 1.355157e-01 5.186253e-02 5.000000e-02
      vertex 1.355157e-01 -5.186253e-02 5.000000e-02
    endloop
  endfacet
  facet normal 0.000000e+00 0.000000e+00 -1.000000e+00
    outer loop
      vertex 1.301845e-01 5.121642e-02 5.000000e-02
      vertex 1.355157e-01 -5.186253e-02 5.000000e-02
      vertex 1.301845e-01 -5.121642e-02 5.000000e-02
    endloop
  endfacet
  facet normal 0.000000e+00 0.000000e+00 -1.000000e+00
    outer loop
      vertex 1.355157e-01 5.186253e-02 5.000000e-02
      vertex 1.409369e-01 5.248487e-02 5.000000e-02
      vertex 1.409369e-01 -5.248487e-02 5.000000e-02
    endloop
  endfacet
  facet normal 0.000000e+00 0.000000e+00 -1.000000e+00
    outer loop
      vertex 1.355157e-01 5.186253e-02 5.000000e-02
      vertex 1.409369e-01 -5.248487e-02 5.000000e-02
      vertex 1.355157e-01 -5.186253e-02 5.000000e-02
    endloop
  endfacet
  facet normal 0.000000e+00 0.000000e+00 -1.000000e+00
    outer loop
      vertex 1.409369e-01 5.248487e-02 5.000000e-02
      vertex 1.464466e-01 5.308323e-02 5.000000e-02
      vertex 1.464466e-01 -5.308323e-02 5.000000e-02
    endloop
  endfacet
  facet normal 0.000000e+00 0.000000e+00 -1.000000e+00
    outer loop
      vertex 1.409369e-01 5.248487e-02 5.000000e-02
      vertex 1.464466e-01 -5.308323e-02 5.000000e-02
      vertex 1.409369e-01 -5.248487e-02 5.000000e-02
    endloop
  endfacet
  facet normal 0.000000e+00 0.000000e+00 -1.000000e+00
    outer loop
      vertex 1.464466e-01 5.308323e-02 5.000000e-02
      vertex 1.520436e-01 5.365742e-02 5.000000e-02
      vertex 1.520436e-01 -5.365742e-02 5.000000e-02
    endloop
  endfacet
  facet normal 0.000000e+00 0.000000e+00 -1.000000e+00
    outer loop
      vertex 1.464466e-01 5.308323e-02 5.000000e-02
      vertex 1.520436e-01 -5.365742e-02 5.000000e-02
      vertex 1.464466e-01 -5.308323e-02 5.000000e-02
    endloop
  endfacet
  facet normal 0.000000e+00 0.000000e+00 -1.000000e+00
    outer loop
      vertex 1.520436e-01 5.365742e-02 5.000000e-02
      vertex 1.577264e-01 5.420726e-02 5.000000e-02
      vertex 1.577264e-01 -5.420726e-02 5.000000e-02
    endloop
  endfacet
  facet normal 0.000000e+00 0.000000e+00 -1.000000e+00
    outer loop
      vertex 1.520436e-01 5.365742e-02 5.000000e-02
      vertex 1.577264e-01 -5.420726e-02 5.000000e-02
      vertex 1.520436e-01 -5.365742e-02 5.000000e-02
    endloop
  endfacet
  facet normal 0.000000e+00 0.000000e+00 -1.000000e+00
    outer loop
      vertex 1.577264e-01 5.420726e-02 5.000000e-02
      vertex 1.634937e-01 5.473260e-02 5.000000e-02
      vertex 1.634937e-01 -5.473260e-02 5.000000e-02
    endloop
  endfacet
  facet normal 0.000000e+00 0.000000e+00 -1.000000e+00
    outer loop
      vertex 1.577264e-01 5.420726e-02 5.000000e-02
      vertex 1.634937e-01 -5.473260e-02 5.000000e-02
      vertex 1.577264e-01 -5.420726e-02 5.000000e-02
    endloop
  endfacet
  facet normal 0.000000e+00 0.000000e+00 -1.000000e+00
    outer loop
      vertex 1.634937e-01 5.473260e-02 5.000000e-02
      vertex 1.693441e-01 5.523328e-02 5.000000e-02
      vertex 1.693441e-01 -5.523328e-02 5.000000e-02
    endloop
  endfacet
  facet normal 0.000000e+00 0.000000e+00 -1.000000e+00
    outer loop
      vertex 1.634937e-01 5.473260e-02 5.000000e-02
      vertex 1.693441e-01 -5.523328e-02 5.000000e-02
      vertex 1.634937e-01 -5.473260e-02 5.000000e-02
    endloop
  endfacet
  facet normal 0.000000e+00 0.000000e+00 -1.000000e+00
    outer loop
      vertex 1.693441e-01 5.523328e-02 5.000000e-02
      vertex 1.752760e-01 5.570919e-02 5.000000e-02
      vertex 1.752760e-01 -5.570919e-02 5.000000e-02
    endloop
  endfacet
  facet normal 0.000000e+00 0.000000e+00 -1.000000e+00
    outer loop
      vertex 1.693441e-01 5.523328e-02 5.000000e-02
      vertex 1.752760e-01 -5.570919e-02 5.000000e-02
      vertex 1.693441e-01 -5.523328e-02 5.000000e-02
    endloop
  endfacet
  facet normal 0.000000e+00 0.000000e+00 -1.000000e+00
    outer loop
      vertex 1.752760e-01 5.570919e-02 5.000000e-02
      vertex 1.812880e-01 5.616023e-02 5.000000e-02
      vertex 1.812880e-01 -5.616023e-02 5.000000e-02
    endloop
  endfacet
  facet normal 0.000000e+00 0.000000e+00 -1.000000e+00
    outer loop
      vertex 1.752760e-01 5.570919e-02 5.000000e-02
      vertex 1.812880e-01 -5.616023e-02 5.000000e-02
      vertex 1.752760e-01 -5.570919e-02 5.000000e-02
    endloop
  endfacet
  facet normal 0.000000e+00 0.000000e+00 -1.000000e+00
    outer loop
      vertex 1.812880e-01 5.616023e-02 5.000000e-02
      vertex 1.873787e-01 5.658630e-02 5.000000e-02
      vertex 1.873787e-01 -5.658630e-02 5.000000e-02
    endloop
  endfacet
  facet normal 0.000000e+00 0.000000e+00 -1.000000e+00
    outer loop
      vertex 1.812880e-01 5.616023e-02 5.000000e-02
      vertex 1.873787e-01 -5.658630e-02 5.000000e-02
      vertex 1.812880e-01 -5.616023e-02 5.000000e-02
    endloop
  endfacet
  facet normal 0.000000e+00 0.000000e+00 -1.000000e+00
    outer loop
      vertex 1.873787e-01 5.658630e-02 5.000000e-02
      vertex 1.935465e-01 5.698734e-02 5.000000e-02
      vertex 1.935465e-01 -5.698734e-02 5.000000e-02
    endloop
  endfacet
  facet normal 0.000000e+00 0.000000e+00 -1.000000e+00
    outer loop
      vertex 1.873787e-01 5.658630e-02 5.000000e-02
      vertex 1.935465e-01 -5.698734e-02 5.000000e-02
      vertex 1.873787e-01 -5.658630e-02 5.000000e-02
    endloop
  endfacet
  facet normal 0.000000e+00 0.000000e+00 -1.000000e+00
    outer loop
      vertex 1.935465e-01 5.698734e-02 5.000000e-02
      vertex 1.997899e-01 5.736329e-02 5.000000e-02
      vertex 1.997899e-01 -5.736329e-02 5.000000e-02
    endloop
  endfacet
  facet normal 0.000000e+00 0.000000e+00 -1.000000e+00
    outer loop
      vertex 1.935465e-01 5.698734e-02 5.000000e-02
      vertex 1.997899e-01 -5.736329e-02 5.000000e-02
      vertex 1.935465e-01 -5.698734e-02 5.000000e-02
    endloop
  endfacet
  facet normal 0.000000e+00 0.000000e+00 -1.000000e+00
    outer loop
      vertex 1.997899e-01 5.736329e-02 5.000000e-02
      vertex 2.061074e-01 5.771413e-02 5.000000e-02
      vertex 2.061074e-01 -5.771413e-02 5.000000e-02
    endloop
  endfacet
  facet normal 0.000000e+00 0.000000e+00 -1.000000e+00
    outer loop
      vertex 1.997899e-01 5.736329e-02 5.000000e-02
      vertex 2.061074e-01 -5.771413e-02 5.000000e-02
      vertex 1.997899e-01 -5.736329e-02 5.000000e-02
    endloop
  endfacet
  facet normal 0.000000e+00 0.000000e+00 -1.000000e+00
    outer loop
      vertex 2.061074e-01 5.771413e-02 5.000000e-02
      vertex 2.124974e-01 5.803985e-02 5.000000e-02
      vertex 2.124974e-01 -5.803985e-02 5.000000e-02
    endloop
  endfacet
  facet normal 0.000000e+00 0.000000e+00 -1.000000e+00
    outer loop
      vertex 2.061074e-01 5.771413e-02 5.000000e-02
      vertex 2.124974e-01 -5.803985e-02 5.000000e-02
      vertex 2.061074e-01 -5.771413e-02 5.000000e-02
    endloop
  endfacet
  facet normal 0.000000e+00 0.000000e+00 -1.000000e+00
    outer loop
      vertex 2.124974e-01 5.803985e-02 5.000000e-02
      vertex 2.189583e-01 5.834045e-02 5.000000e-02
      vertex 2.189583e-01 -5.834045e-02 5.000000e-02
    endloop
  endfacet
  facet normal 0.000000e+00 0.000000e+00 -1.000000e+00
    outer loop
      vertex 2.124974e-01 5.803985e-02 5.000000e-02
      vertex 2.189583e-01 -5.834045e-02 5.000000e-02
      vertex 2.124974e-01 -5.803985e-02 5.000000e-02
    endloop
  endfacet
  facet normal 0.000000e+00 0.000000e+00 -1.000000e+00
    outer loop
      vertex 2.189583e-01 5.834045e-02 5.000000e-02
      vertex 2.254886e-01 5.861595e-02 5.000000e-02
      vertex 2.254886e-01 -5.861595e-02 5.000000e-02
    endloop
  endfacet
  facet normal 0.000000e+00 0.000000e+00 -1.000000e+00
    outer loop
      vertex 2.189583e-01 5.834045e-02 5.000000e-02
      vertex 2.254886e-01 -5.861595e-02 5.000000e-02
      vertex 2.189583e-01 -5.834045e-02 5.000000e-02
    endloop
  endfacet
  facet normal 0.000000e+00 0.000000e+00 -1.000000e+00
    outer loop
      vertex 2.254886e-01 5.861595e-02 5.000000e-02
      vertex 2.320866e-01 5.886642e-02 5.000000e-02
      vertex 2.320866e-01 -5.886642e-02 5.000000e-02
    endloop
  endfacet
  facet normal 0.000000e+00 0.000000e+00 -1.000000e+00
    outer loop
      vertex 2.254886e-01 5.861595e-02 5.000000e-02
      vertex 2.320866e-01 -5.886642e-02 5.000000e-02
      vertex 2.254886e-01 -5.861595e-02 5.000000e-02
    endloop
  endfacet
  facet normal 0.000000e+00 0.000000e+00 -1.000000e+00
    outer loop
      vertex 2.320866e-01 5.886642e-02 5.000000e-02
      vertex 2.387507e-01 5.909190e-02 5.000000e-02
      vertex 2.387507e-01 -5.909190e-02 5.000000e-02
    endloop
  endfacet
  facet normal 0.000000e+00 0.000000e+00 -1.000000e+00
    outer loop
      vertex 2.320866e-01 5.886642e-02 5.000000e-02
      vertex 2.387507e-01 -5.909190e-02 5.000000e-02
      vertex 2.320866e-01 -5.886642e-02 5.000000e-02
    endloop
  endfacet
  facet normal 0.000000e+00 0.000000e+00 -1.000000e+00
    outer loop
      vertex 2.387507e-01 5.909190e-02 5.000000e-02
      vertex 2.454793e-01 5.929248e-02 5.000000e-02
      vertex 2.454793e-01 -5.929248e-02 5.000000e-02
    endloop
  endfacet
  facet normal 0.000000e+00 0.000000e+00 -1.000000e+00
    outer loop
      vertex 2.387507e-01 5.909190e-02 5.000000e-02
      vertex 2.454793e-01 -5.929248e-02 5.000000e-02
      vertex 2.387507e-01 -5.909190e-02 5.000000e-02
    endloop
  endfacet
  facet normal 0.000000e+00 0.000000e+00 -1.000000e+00
    outer loop
      vertex 2.454793e-01 5.929248e-02 5.000000e-02
      vertex 2.522707e-01 5.946827e-02 5.000000e-02
      vertex 2.522707e-01 -5.946827e-02 5.000000e-02
    endloop
  endfacet
  facet normal 0.000000e+00 0.000000e+00 -1.000000e+00
    outer loop
      vertex 2.454793e-01 5.929248e-02 5.000000e-02
      vertex 2.522707e-01 -5.946827e-02 5.000000e-02
      vertex 2.454793e-01 -5.929248e-02 5.000000e-02
    endloop
  endfacet
  facet normal 0.000000e+00 0.000000e+00 -1.000000e+00
    outer loop
      vertex 2.522707e-01 5.946827e-02 5.000000e-02
      vertex 2.591232e-01 5.961938e-02 5.000000e-02
      vertex 2.591232e-01 -5.961938e-02 5.000000e-02
    endloop
  endfacet
  facet normal 0.000000e+00 0.000000e+00 -1.000000e+00
    outer loop
      vertex 2.522707e-01 5.946827e-02 5.000000e-02
      vertex 2.591232e-01 -5.961938e-02 5.000000e-02
      vertex 2.522707e-01 -5.946827e-02 5.000000e-02
    endloop
  endfacet
  facet normal 0.000000e+00 0.000000e+00 -1.000000e+00
    outer loop
      vertex 2.591232e-01 5.961938e-02 5.000000e-02
      vertex 2.660351e-01 5.974594e-02 5.000000e-02
      vertex 2.660351e-01 -5.974594e-02 5.000000e-02
    endloop
  endfacet
  facet normal 0.000000e+00 0.000000e+00 -1.000000e+00
    outer loop
      vertex 2.591232e-01 5.961938e-02 5.000000e-02
      vertex 2.660351e-01 -5.974594e-02 5.000000e-02
      vertex 2.591232e-01 -5.961938e-02 5.000000e-02
    endloop
  endfacet
  facet normal 0.000000e+00 0.000000e+00 -1.000000e+00
    outer loop
      vertex 2.660351e-01 5.974594e-02 5.000000e-02
      vertex 2.730048e-01 5.984813e-02 5.000000e-02
      vertex 2.730048e-01 -5.984813e-02 5.000000e-02
    endloop
  endfacet
  facet normal 0.000000e+00 0.000000e+00 -1.000000e+00
    outer loop
      vertex 2.660351e-01 5.974594e-02 5.000000e-02
      vertex 2.730048e-01 -5.984813e-02 5.000000e-02
      vertex 2.660351e-01 -5.974594e-02 5.000000e-02
    endloop
  endfacet
  facet normal 0.000000e+00 0.000000e+00 -1.000000e+00
    outer loop
      vertex 2.730048e-01 5.984813e-02 5.000000e-02
      vertex 2.800304e-01 5.992609e-02 5.000000e-02
      vertex 2.800304e-01 -5.992609e-02 5.000000e-02
    endloop
  endfacet
  facet normal 0.000000e+00 0.000000e+00 -1.000000e+00
    outer loop
      vertex 2.730048e-01 5.984813e-02 5.000000e-02
      vertex 2.800304e-01 -5.992609e-02 5.000000e-02
      vertex 2.730048e-01 -5.984813e-02 5.000000e-02
    endloop
  endfacet
  facet normal 0.000000e+00 0.000000e+00 -1.000000e+00
    outer loop
      vertex 2.800304e-01 5.992609e-02 5.000000e-02
      vertex 2.871104e-01 5.998004e-02 5.000000e-02
      vertex 2.871104e-01 -5.998004e-02 5.000000e-02
    endloop
  endfacet
  facet normal 0.000000e+00 0.000000e+00 -1.000000e+00
    outer loop
      vertex 2.800304e-01 5.992609e-02 5.000000e-02
      vertex 2.871104e-01 -5.998004e-02 5.000000e-02
      vertex 2.800304e-01 -5.992609e-02 5.000000e-02
    endloop
  endfacet
  facet normal 0.000000e+00 0.000000e+00 -1.000000e+00
    outer loop
      vertex 2.871104e-01 5.998004e-02 5.000000e-02
      vertex 2.942428e-01 6.001017e-02 5.000000e-02
      vertex 2.942428e-01 -6.001017e-02 5.000000e-02
    endloop
  endfacet
  facet normal 0.000000e+00 0.000000e+00 -1.000000e+00
    outer loop
      vertex 2.871104e-01 5.998004e-02 5.000000e-02
      vertex 2.942428e-01 -6.001017e-02 5.000000e-02
      vertex 2.871104e-01 -5.998004e-02 5.000000e-02
    endloop
  endfacet
  facet normal 0.000000e+00 0.000000e+00 -1.000000e+00
    outer loop
      vertex 2.942428e-01 6.001017e-02 5.000000e-02
      vertex 3.014261e-01 6.001670e-02 5.000000e-02
      vertex 3.014261e-01 -6.001670e-02 5.000000e-02
    endloop
  endfacet
  facet normal 0.000000e+00 0.000000e+00 -1.000000e+00
    outer loop
      vertex 2.942428e-01 6.001017e-02 5.000000e-02
      vertex 3.014261e-01 -6.001670e-02 5.000000e-02
      vertex 2.942428e-01 -6.001017e-02 5.000000e-02
    endloop
  endfacet
  facet normal 0.000000e+00 0.000000e+00 -1.000000e+00
    outer loop
      vertex 3.014261e-01 6.001670e-02 5.000000e-02
      vertex 3.086583e-01 5.999987e-02 5.000000e-02
      vertex 3.086583e-01 -5.999987e-02 5.000000e-02
    endloop
  endfacet
  facet normal 0.000000e+00 0.000000e+00 -1.000000e+00
    outer loop
      vertex 3.014261e-01 6.001670e-02 5.000000e-02
      vertex 3.086583e-01 -5.999987e-02 5.000000e-02
      vertex 3.014261e-01 -6.001670e-02 5.000000e-02
    endloop
  endfacet
  facet normal 0.000000e+00 0.000000e+00 -1.000000e+00
    outer loop
      vertex 3.086583e-01 5.999987e-02 5.000000e-02
      vertex 3.159377e-01 5.995994e-02 5.000000e-02
      vertex 3.159377e-01 -5.995994e-02 5.000000e-02
    endloop
  endfacet
  facet normal 0.000000e+00 0.000000e+00 -1.000000e+00
    outer loop
      vertex 3.086583e-01 5.999987e-02 5.000000e-02
      vertex 3.159377e-01 -5.995994e-02 5.000000e-02
      vertex 3.086583e-01 -5.999987e-02 5.000000e-02
    endloop
  endfacet
  facet normal 0.000000e+00 0.000000e+00 -1.000000e+00
    outer loop
      vertex 3.159377e-01 5.995994e-02 5.000000e-02
      vertex 3.232626e-01 5.989717e-02 5.000000e-02
      vertex 3.232626e-01 -5.989717e-02 5.000000e-02
    endloop
  endfacet
  facet normal 0.000000e+00 0.000000e+00 -1.000000e+00
    outer loop
      vertex 3.159377e-01 5.995994e-02 5.000000e-02
      vertex 3.232626e-01 -5.989717e-02 5.000000e-02
      vertex 3.159377e-01 -5.995994e-02 5.000000e-02
    endloop
  endfacet
  facet normal 0.000000e+00 0.000000e+00 -1.000000e+00
    outer loop
      vertex 3.232626e-01 5.989717e-02 5.000000e-02
      vertex 3.306310e-01 5.981184e-02 5.000000e-02
      vertex 3.306310e-01 -5.981184e-02 5.000000e-02
    endloop
  endfacet
  facet normal 0.000000e+00 0.000000e+00 -1.000000e+00
    outer loop
      vertex 3.232626e-01 5.989717e-02 5.000000e-02
      vertex 3.306310e-01 -5.981184e-02 5.000000e-02
      vertex 3.232626e-01 -5.989717e-02 5.000000e-02
    endloop
  endfacet
  facet normal 0.000000e+00 0.000000e+00 -1.000000e+00
    outer loop
      vertex 3.306310e-01 5.981184e-02 5.000000e-02
      vertex 3.380413e-01 5.970425e-02 5.000000e-02
      vertex 3.380413e-01 -5.970425e-02 5.000000e-02
    endloop
  endfacet
  facet normal 0.000000e+00 0.000000e+00 -1.000000e+00
    outer loop
      vertex 3.306310e-01 5.981184e-02 5.000000e-02
      vertex 3.380413e-01 -5.970425e-02 5.000000e-02
      vertex 3.306310e-01 -5.981184e-02 5.000000e-02
    endloop
  endfacet
  facet normal 0.000000e+00 0.000000e+00 -1.000000e+00
    outer loop
      vertex 3.380413e-01 5.970425e-02 5.000000e-02
      vertex 3.454915e-01 5.957472e-02 5.000000e-02
      vertex 3.454915e-01 -5.957472e-02 5.000000e-02
    endloop
  endfacet
  facet normal 0.000000e+00 0.000000e+00 -1.000000e+00
    outer loop
      vertex 3.380413e-01 5.970425e-02 5.000000e-02
      vertex 3.454915e-01 -5.957472e-02 5.000000e-02
      vertex 3.380413e-01 -5.970425e-02 5.000000e-02
    endloop
  endfacet
  facet normal 0.000000e+00 0.000000e+00 -1.000000e+00
    outer loop
      vertex 3.454915e-01 5.957472e-02 5.000000e-02
      vertex 3.529798e-01 5.942355e-02 5.000000e-02
      vertex 3.529798e-01 -5.942355e-02 5.000000e-02
    endloop
  endfacet
  facet normal 0.000000e+00 0.000000e+00 -1.000000e+00
    outer loop
      vertex 3.454915e-01 5.957472e-02 5.000000e-02
      vertex 3.529798e-01 -5.942355e-02 5.000000e-02
      vertex 3.454915e-01 -5.957472e-02 5.000000e-02
    endloop
  endfacet
  facet normal 0.000000e+00 0.000000e+00 -1.000000e+00
    outer loop
      vertex 3.529798e-01 5.942355e-02 5.000000e-02
      vertex 3.605044e-01 5.925108e-02 5.000000e-02
      vertex 3.605044e-01 -5.925108e-02 5.000000e-02
    endloop
  endfacet
  facet normal 0.000000e+00 0.000000e+00 -1.000000e+00
    outer loop
      vertex 3.529798e-01 5.942355e-02 5.000000e-02
      vertex 3.605044e-01 -5.925108e-02 5.000000e-02
      vertex 3.529798e-01 -5.942355e-02 5.000000e-02
    endloop
  endfacet
  facet normal 0.000000e+00 0.000000e+00 -1.000000e+00
    outer loop
      vertex 3.605044e-01 5.925108e-02 5.000000e-02
      vertex 3.680635e-01 5.905767e-02 5.000000e-02
      vertex 3.680635e-01 -5.905767e-02 5.000000e-02
    endloop
  endfacet
  facet normal 0.000000e+00 0.000000e+00 -1.000000e+00
    outer loop
      vertex 3.605044e-01 5.925108e-02 5.000000e-02
      vertex 3.680635e-01 -5.905767e-02 5.000000e-02
      vertex 3.605044e-01 -5.925108e-02 5.000000e-02
    endloop
  endfacet
  facet normal 0.000000e+00 0.000000e+00 -1.000000e+00
    outer loop
      vertex 3.680635e-01 5.905767e-02 5.000000e-02
      vertex 3.756551e-01 5.884365e-02 5.000000e-02
      vertex 3.756551e-01 -5.884365e-02 5.000000e-02
    endloop
  endfacet
  facet normal 0.000000e+00 0.000000e+00 -1.000000e+00
    outer loop
      vertex 3.680635e-01 5.905767e-02 5.000000e-02
      vertex 3.756551e-01 -5.884365e-02 5.000000e-02
      vertex 3.680635e-01 -5.905767e-02 5.000000e-02
    endloop
  endfacet
  facet normal 0.000000e+00 0.000000e+00 -1.000000e+00
    outer loop
      vertex 3.756551e-01 5.884365e-02 5.000000e-02
      vertex 3.832773e-01 5.860940e-02 5.000000e-02
      vertex 3.832773e-01 -5.860940e-02 5.000000e-02
    endloop
  endfacet
  facet normal 0.000000e+00 0.000000e+00 -1.000000e+00
    outer loop
      vertex 3.756551e-01 5.884365e-02 5.000000e-02
      vertex 3.832773e-01 -5.860940e-02 5.000000e-02
      vertex 3.756551e-01 -5.884365e-02 5.000000e-02
    endloop
  endfacet
  facet normal 0.000000e+00 0.000000e+00 -1.000000e+00
    outer loop
      vertex 3.832773e-01 5.860940e-02 5.000000e-02
      vertex 3.909284e-01 5.835530e-02 5.000000e-02
      vertex 3.909284e-01 -5.835530e-02 5.000000e-02
    endloop
  endfacet
  facet normal 0.000000e+00 0.000000e+00 -1.000000e+00
    outer loop
      vertex 3.832773e-01 5.860940e-02 5.000000e-02
      vertex 3.909284e-01 -5.835530e-02 5.000000e-02
      vertex 3.832773e-01 -5.860940e-02 5.000000e-02
    endloop
  endfacet
  facet normal 0.000000e+00 0.000000e+00 -1.000000e+00
    outer loop
      vertex 3.909284e-01 5.835530e-02 5.000000e-02
      vertex 3.986064e-01 5.808172e-02 5.000000e-02
      vertex 3.986064e-01 -5.808172e-02 5.000000e-02
    endloop
  endfacet
  facet normal 0.000000e+00 0.000000e+00 -1.000000e+00
    outer loop
      vertex 3.909284e-01 5.835530e-02 5.000000e-02
      vertex 3.986064e-01 -5.808172e-02 5.000000e-02
      vertex 3.909284e-01 -5.835530e-02 5.000000e-02
    endloop
  endfacet
  facet normal 0.000000e+00 0.000000e+00 -1.000000e+00
    outer loop
      vertex 3.986064e-01 5.808172e-02 5.000000e-02
      vertex 4.063093e-01 5.778906e-02 5.000000e-02
      vertex 4.063093e-01 -5.778906e-02 5.000000e-02
    endloop
  endfacet
  facet normal 0.000000e+00 0.000000e+00 -1.000000e+00
    outer loop
      vertex 3.986064e-01 5.808172e-02 5.000000e-02
      vertex 4.063093e-01 -5.778906e-02 5.000000e-02
      vertex 3.986064e-01 -5.808172e-02 5.000000e-02
    endloop
  endfacet
  facet normal 0.000000e+00 0.000000e+00 -1.000000e+00
    outer loop
      vertex 4.063093e-01 5.778906e-02 5.000000e-02
      vertex 4.140354e-01 5.747772e-02 5.000000e-02
      vertex 4.140354e-01 -5.747772e-02 5.000000e-02
    endloop
  endfacet
  facet normal 0.000000e+00 0.000000e+00 -1.000000e+00
    outer loop
      vertex 4.063093e-01 5.778906e-02 5.000000e-02
      vertex 4.140354e-01 -5.747772e-02 5.000000e-02
      vertex 4.063093e-01 -5.778906e-02 5.000000e-02
    endloop
  endfacet
  facet normal 0.000000e+00 0.000000e+00 -1.000000e+00
    outer loop
      vertex 4.140354e-01 5.747772e-02 5.000000e-02
      vertex 4.217828e-01 5.714811e-02 5.000000e-02
      vertex 4.217828e-01 -5.714811e-02 5.000000e-02
    endloop
  endfacet
  facet normal 0.000000e+00 0.000000e+00 -1.000000e+00
    outer loop
      vertex 4.140354e-01 5.747772e-02 5.000000e-02
      vertex 4.217828e-01 -5.714811e-02 5.000000e-02
      vertex 4.140354e-01 -5.747772e-02 5.000000e-02
    endloop
  endfacet
  facet normal 0.000000e+00 0.000000e+00 -1.000000e+00
    outer loop
      vertex 4.217828e-01 5.714811e-02 5.000000e-02
      vertex 4.295494e-01 5.680063e-02 5.000000e-02
      vertex 4.295494e-01 -5.680063e-02 5.000000e-02
    endloop
  endfacet
  facet normal 0.000000e+00 0.000000e+00 -1.000000e+00
    outer loop
      vertex 4.217828e-01 5.714811e-02 5.000000e-02
      vertex 4.295494e-01 -5.680063e-02 5.000000e-02
      vertex 4.217828e-01 -5.714811e-02 5.000000e-02
    endloop
  endfacet
  facet normal 0.000000e+00 0.000000e+00 -1.000000e+00
    outer loop
      vertex 4.295494e-01 5.680063e-02 5.000000e-02
      vertex 4.373334e-01 5.643572e-02 5.000000e-02
      vertex 4.373334e-01 -5.643572e-02 5.000000e-02
    endloop
  endfacet
  facet normal 0.000000e+00 0.000000e+00 -1.000000e+00
    outer loop
      vertex 4.295494e-01 5.680063e-02 5.000000e-02
      vertex 4.373334e-01 -5.643572e-02 5.000000e-02
      vertex 4.295494e-01 -5.680063e-02 5.000000e-02
    endloop
  endfacet
  facet normal 0.000000e+00 0.000000e+00 -1.000000e+00
    outer loop
      vertex 4.373334e-01 5.643572e-02 5.000000e-02
      vertex 4.451328e-01 5.605378e-02 5.000000e-02
      vertex 4.451328e-01 -5.605378e-02 5.000000e-02
    endloop
  endfacet
  facet normal 0.000000e+00 0.000000e+00 -1.000000e+00
    outer loop
      vertex 4.373334e-01 5.643572e-02 5.000000e-02
      vertex 4.451328e-01 -5.605378e-02 5.000000e-02
      vertex 4.373334e-01 -5.643572e-02 5.000000e-02
    endloop
  endfacet
  facet normal 0.000000e+00 0.000000e+00 -1.000000e+00
    outer loop
      vertex 4.451328e-01 5.605378e-02 5.000000e-02
      vertex 4.529458e-01 5.565526e-02 5.000000e-02
      vertex 4.529458e-01 -5.565526e-02 5.000000e-02
    endloop
  endfacet
  facet normal 0.000000e+00 0.000000e+00 -1.000000e+00
    outer loop
      vertex 4.451328e-01 5.605378e-02 5.000000e-02
      vertex 4.529458e-01 -5.565526e-02 5.000000e-02
      vertex 4.451328e-01 -5.605378e-02 5.000000e-02
    endloop
  endfacet
  facet normal 0.000000e+00 0.000000e+00 -1.000000e+00
    outer loop
      vertex 4.529458e-01 5.565526e-02 5.000000e-02
      vertex 4.607705e-01 5.524058e-02 5.000000e-02
      vertex 4.607705e-01 -5.524058e-02 5.000000e-02
    endloop
  endfacet
  facet normal 0.000000e+00 0.000000e+00 -1.000000e+00
    outer loop
      vertex 4.529458e-01 5.565526e-02 5.000000e-02
      vertex 4.607705e-01 -5.524058e-02 5.000000e-02
      vertex 4.529458e-01 -5.565526e-02 5.000000e-02
    endloop
  endfacet
  facet normal 0.000000e+00 0.000000e+00 -1.000000e+00
    outer loop
      vertex 4.607705e-01 5.524058e-02 5.000000e-02
      vertex 4.686047e-01 5.481019e-02 5.000000e-02
      vertex 4.686047e-01 -5.481019e-02 5.000000e-02
    endloop
  endfacet
  facet normal 0.000000e+00 0.000000e+00 -1.000000e+00
    outer loop
      vertex 4.607705e-01 5.524058e-02 5.000000e-02
      vertex 4.686047e-01 -5.481019e-02 5.000000e-02
      vertex 4.607705e-01 -5.524058e-02 5.000000e-02
    endloop
  endfacet
  facet normal 0.000000e+00 0.000000e+00 -1.000000e+00
    outer loop
      vertex 4.686047e-01 5.481019e-02 5.000000e-02
      vertex 4.764468e-01 5.436451e-02 5.000000e-02
      vertex 4.764468e-01 -5.436451e-02 5.000000e-02
    endloop
  endfacet
  facet normal 0.000000e+00 0.000000e+00 -1.000000e+00
    outer loop
      vertex 4.686047e-01 5.481019e-02 5.000000e-02
      vertex 4.764468e-01 -5.436451e-02 5.000000e-02
      vertex 4.686047e-01 -5.481019e-02 5.000000e-02
    endloop
  endfacet
  facet normal 0.000000e+00 0.000000e+00 -1.000000e+00
    outer loop
      vertex 4.764468e-01 5.436451e-02 5.000000e-02
      vertex 4.842946e-01 5.390400e-02 5.000000e-02
      vertex 4.842946e-01 -5.390400e-02 5.000000e-02
    endloop
  endfacet
  facet normal 0.000000e+00 0.000000e+00 -1.000000e+00
    outer loop
      vertex 4.764468e-01 5.436451e-02 5.000000e-02
      vertex 4.842946e-01 -5.390400e-02 5.000000e-02
      vertex 4.764468e-01 -5.436451e-02 5.000000e-02
    endloop
  endfacet
  facet normal 0.000000e+00 0.000000e+00 -1.000000e+00
    outer loop
      vertex 4.842946e-01 5.390400e-02 5.000000e-02
      vertex 4.921463e-01 5.342910e-02 5.000000e-02
      vertex 4.921463e-01 -5.342910e-02 5.000000e-02
    endloop
  endfacet
  facet normal 0.000000e+00 0.000000e+00 -1.000000e+00
    outer loop
      vertex 4.842946e-01 5.390400e-02 5.000000e-02
      vertex 4.921463e-01 -5.342910e-02 5.000000e-02
      vertex 4.842946e-01 -5.390400e-02 5.000000e-02
    endloop
  endfacet
  facet normal 0.000000e+00 0.000000e+00 -1.000000e+00
    outer loop
      vertex 4.921463e-01 5.342910e-02 5.000000e-02
      vertex 5.000000e-01 5.294025e-02 5.000000e-02
      vertex 5.000000e-01 -5.294025e-02 5.000000e-02
    endloop
  endfacet
  facet normal 0.000000e+00 0.000000e+00 -1.000000e+00
    outer loop
      vertex 4.921463e-01 5.342910e-02 5.000000e-02
      vertex 5.000000e-01 -5.294025e-02 5.000000e-02
      vertex 4.921463e-01 -5.342910e-02 5.000000e-02
    endloop
  endfacet
  facet normal 0.000000e+00 0.000000e+00 -1.000000e+00
    outer loop
      vertex 5.000000e-01 5.294025e-02 5.000000e-02
      vertex 5.078537e-01 5.243790e-02 5.000000e-02
      vertex 5.078537e-01 -5.243790e-02 5.000000e-02
    endloop
  endfacet
  facet normal 0.000000e+00 0.000000e+00 -1.000000e+00
    outer loop
      vertex 5.000000e-01 5.294025e-02 5.000000e-02
      vertex 5.078537e-01 -5.243790e-02 5.000000e-02
      vertex 5.000000e-01 -5.294025e-02 5.000000e-02
    endloop
  endfacet
  facet normal 0.000000e+00 0.000000e+00 -1.000000e+00
    outer loop
      vertex 5.078537e-01 5.243790e-02 5.000000e-02
      vertex 5.157054e-01 5.192250e-02 5.000000e-02
      vertex 5.157054e-01 -5.192250e-02 5.000000e-02
    endloop
  endfacet
  facet normal 0.000000e+00 0.000000e+00 -1.000000e+00
    outer loop
      vertex 5.078537e-01 5.243790e-02 5.000000e-02
      vertex 5.157054e-01 -5.192250e-02 5.000000e-02
      vertex 5.078537e-01 -5.243790e-02 5.000000e-02
    endloop
  endfacet
  facet normal 0.000000e+00 0.000000e+00 -1.000000e+00
    outer loop
      vertex 5.157054e-01 5.192250e-02 5.000000e-02
      vertex 5.235532e-01 5.139450e-02 5.000000e-02
      vertex 5.235532e-01 -5.139450e-02 5.000000e-02
    endloop
  endfacet
  facet normal 0.000000e+00 0.000000e+00 -1.000000e+00
    outer loop
      vertex 5.157054e-01 5.192250e-02 5.000000e-02
      vertex 5.235532e-01 -5.139450e-02 5.000000e-02
      vertex 5.157054e-01 -5.192250e-02 5.000000e-02
    endloop
  endfacet
  facet normal 0.000000e+00 0.000000e+00 -1.000000e+00
    outer loop
      vertex 5.235532e-01 5.139450e-02 5.000000e-02
      vertex 5.313953e-01 5.085434e-02 5.000000e-02
      vertex 5.313953e-01 -5.085434e-02 5.000000e-02
    endloop
  endfacet
  facet normal 0.000000e+00 0.000000e+00 -1.000000e+00
    outer loop
      vertex 5.235532e-01 5.139450e-02 5.000000e-02
      vertex 5.313953e-01 -5.085434e-02 5.000000e-02
      vertex 5.235532e-01 -5.139450e-02 5.000000e-02
    endloop
  endfacet
  facet normal 0.000000e+00 0.000000e+00 -1.000000e+00
    outer loop
      vertex 5.313953e-01 5.085434e-02 5.000000e-02
      vertex 5.392295e-01 5.030247e-02 5.000000e-02
      vertex 5.392295e-01 -5.030247e-02 5.000000e-02
    endloop
  endfacet
  facet normal 0.000000e+00 0.000000e+00 -1.000000e+00
    outer loop
      vertex 5.313953e-01 5.085434e-02 5.000000e-02
      vertex 5.392295e-01 -5.030247e-02 5.000000e-02
      vertex 5.313953e-01 -5.085434e-02 5.000000e-02
    endloop
  endfacet
  facet normal 0.000000e+00 0.000000e+00 -1.000000e+00
    outer loop
      vertex 5.392295e-01 5.030247e-02 5.000000e-02
      vertex 5.470542e-01 4.973933e-02 5.000000e-02
      vertex 5.470542e-01 -4.973933e-02 5.000000e-02
    endloop
  endfacet
  facet normal 0.000000e+00 0.000000e+00 -1.000000e+00
    outer loop
      vertex 5.392295e-01 5.030247e-02 5.000000e-02
      vertex 5.470542e-01 -4.973933e-02 5.000000e-02
      vertex 5.392295e-01 -5.030247e-02 5.000000e-02
    endloop
  endfacet
  facet normal 0.000000e+00 0.000000e+00 -1.000000e+00
    outer loop
      vertex 5.470542e-01 4.973933e-02 5.000000e-02
      vertex 5.548672e-01 4.916537e-02 5.000000e-02
      vertex 5.548672e-01 -4.916537e-02 5.000000e-02
    endloop
  endfacet
  facet normal 0.000000e+00 0.000000e+00 -1.000000e+00
    outer loop
      vertex 5.470542e-01 4.973933e-02 5.000000e-02
      vertex 5.548672e-01 -4.916537e-02 5.000000e-02
      vertex 5.470542e-01 -4.973933e-02 5.000000e-02
    endloop
  endfacet
  facet normal 0.000000e+00 0.000000e+00 -1.000000e+00
    outer loop
      vertex 5.548672e-01 4.916537e-02 5.000000e-02
      vertex 5.626666e-01 4.858104e-02 5.000000e-02
      vertex 5.626666e-01 -4.858104e-02 5.000000e-02
    endloop
  endfacet
  facet normal 0.000000e+00 0.000000e+00 -1.000000e+00
    outer loop
      vertex 5.548672e-01 4.916537e-02 5.000000e-02
      vertex 5.626666e-01 -4.858104e-02 5.000000e-02
      vertex 5.548672e-01 -4.916537e-02 5.000000e-02
    endloop
  endfacet
  facet normal 0.000000e+00 0.000000e+00 -1.000000e+00
    outer loop
      vertex 5.626666e-01 4.858104e-02 5.000000e-02
      vertex 5.704506e-01 4.798676e-02 5.000000e-02
      vertex 5.704506e-01 -4.798676e-02 5.000000e-02
    endloop
  endfacet
  facet normal 0.000000e+00 0.000000e+00 -1.000000e+00
    outer loop
      vertex 5.626666e-01 4.858104e-02 5.000000e-02
      vertex 5.704506e-01 -4.798676e-02 5.000000e-02
      vertex 5.626666e-01 -4.858104e-02 5.000000e-02
    endloop
  endfacet
  facet normal 0.000000e+00 0.000000e+00 -1.000000e+00
    outer loop
      vertex 5.704506e-01 4.798676e-02 5.000000e-02
      vertex 5.782172e-01 4.738299e-02 5.000000e-02
      vertex 5.782172e-01 -4.738299e-02 5.000000e-02
    endloop
  endfacet
  facet normal 0.000000e+00 0.000000e+00 -1.000000e+00
    outer loop
      vertex 5.704506e-01 4.798676e-02 5.000000e-02
      vertex 5.782172e-01 -4.738299e-02 5.000000e-02
      vertex 5.704506e-01 -4.798676e-02 5.000000e-02
    endloop
  endfacet
  facet normal 0.000000e+00 0.000000e+00 -1.000000e+00
    outer loop
      vertex 5.782172e-01 4.738299e-02 5.000000e-02
      vertex 5.859646e-01 4.677016e-02 5.000000e-02
      vertex 5.859646e-01 -4.677016e-02 5.000000e-02
    endloop
  endfacet
  facet normal 0.000000e+00 0.000000e+00 -1.000000e+00
    outer loop
      vertex 5.782172e-01 4.738299e-02 5.000000e-02
      vertex 5.859646e-01 -4.677016e-02 5.000000e-02
      vertex 5.782172e-01 -4.738299e-02 5.000000e-02
    endloop
  endfacet
  facet normal 0.000000e+00 0.000000e+00 -1.000000e+00
    outer loop
      vertex 5.859646e-01 4.677016e-02 5.000000e-02
      vertex 5.936907e-01 4.614870e-02 5.000000e-02
      vertex 5.936907e-01 -4.614870e-02 5.000000e-02
    endloop
  endfacet
  facet normal 0.000000e+00 0.000000e+00 -1.000000e+00
    outer loop
      vertex 5.859646e-01 4.677016e-02 5.000000e-02
      vertex 5.936907e-01 -4.614870e-02 5.000000e-02
      vertex 5.859646e-01 -4.677016e-02 5.000000e-02
    endloop
  endfacet
  facet normal 0.000000e+00 0.000000e+00 -1.000000e+00
    outer loop
      vertex 5.936907e-01 4.614870e-02 5.000000e-02
      vertex 6.013936e-01 4.551903e-02 5.000000e-02
      vertex 6.013936e-01 -4.551903e-02 5.000000e-02
    endloop
  endfacet
  facet normal 0.000000e+00 0.000000e+00 -1.000000e+00
    outer loop
      vertex 5.936907e-01 4.614870e-02 5.000000e-02
      vertex 6.013936e-01 -4.551903e-02 5.000000e-02
      vertex 5.936907e-01 -4.614870e-02 5.000000e-02
    endloop
  endfacet
  facet normal 0.000000e+00 0.000000e+00 -1.000000e+00
    outer loop
      vertex 6.013936e-01 4.551903e-02 5.000000e-02
      vertex 6.090716e-01 4.488160e-02 5.000000e-02
      vertex 6.090716e-01 -4.488160e-02 5.000000e-02
    endloop
  endfacet
  facet normal 0.000000e+00 0.000000e+00 -1.000000e+00
    outer loop
      vertex 6.013936e-01 4.551903e-02 5.000000e-02
      vertex 6.090716e-01 -4.488160e-02 5.000000e-02
      vertex 6.013936e-01 -4.551903e-02 5.000000e-02
    endloop
  endfacet
  facet normal 0.000000e+00 0.000000e+00 -1.000000e+00
    outer loop
      vertex 6.090716e-01 4.488160e-02 5.000000e-02
      vertex 6.167227e-01 4.423683e-02 5.000000e-02
      vertex 6.167227e-01 -4.423683e-02 5.000000e-02
    endloop
  endfacet
  facet normal 0.000000e+00 0.000000e+00 -1.000000e+00
    outer loop
      vertex 6.090716e-01 4.488160e-02 5.000000e-02
      vertex 6.167227e-01 -4.423683e-02 5.000000e-02
      vertex 6.090716e-01 -4.488160e-02 5.000000e-02
    endloop
  endfacet
  facet normal 0.000000e+00 0.000000e+00 -1.000000e+00
    outer loop
      vertex 6.167227e-01 4.423683e-02 5.000000e-02
      vertex 6.243449e-01 4.358513e-02 5.000000e-02
      vertex 6.243449e-01 -4.358513e-02 5.000000e-02
    endloop
  endfacet
  facet normal 0.000000e+00 0.000000e+00 -1.000000e+00
    outer loop
      vertex 6.167227e-01 4.423683e-02 5.000000e-02
      vertex 6.243449e-01 -4.358513e-02 5.000000e-02
      vertex 6.167227e-01 -4.423683e-02 5.000000e-02
    endloop
  endfacet
  facet normal 0.000000e+00 0.000000e+00 -1.000000e+00
    outer loop
      vertex 6.243449e-01 4.358513e-02 5.000000e-02
      vertex 6.319365e-01 4.292692e-02 5.000000e-02
      vertex 6.319365e-01 -4.292692e-02 5.000000e-02
    endloop
  endfacet
  facet normal 0.000000e+00 0.000000e+00 -1.000000e+00
    outer loop
      vertex 6.243449e-01 4.358513e-02 5.000000e-02
      vertex 6.319365e-01 -4.292692e-02 5.000000e-02
      vertex 6.243449e-01 -4.358513e-02 5.000000e-02
    endloop
  endfacet
  facet normal 0.000000e+00 0.000000e+00 -1.000000e+00
    outer loop
      vertex 6.319365e-01 4.292692e-02 5.000000e-02
      vertex 6.394956e-01 4.226263e-02 5.000000e-02
      vertex 6.394956e-01 -4.226263e-02 5.000000e-02
    endloop
  endfacet
  facet normal 0.000000e+00 0.000000e+00 -1.000000e+00
    outer loop
      vertex 6.319365e-01 4.292692e-02 5.000000e-02
      vertex 6.394956e-01 -4.226263e-02 5.000000e-02
      vertex 6.319365e-01 -4.292692e-02 5.000000e-02
    endloop
  endfacet
  facet normal 0.000000e+00 0.000000e+00 -1.000000e+00
    outer loop
      vertex 6.394956e-01 4.226263e-02 5.000000e-02
      vertex 6.470202e-01 4.159265e-02 5.000000e-02
      vertex 6.470202e-01 -4.159265e-02 5.000000e-02
    endloop
  endfacet
  facet normal 0.000000e+00 0.000000e+00 -1.000000e+00
    outer loop
      vertex 6.394956e-01 4.226263e-02 5.000000e-02
      vertex 6.470202e-01 -4.159265e-02 5.000000e-02
      vertex 6.394956e-01 -4.226263e-02 5.000000e-02
    endloop
  endfacet
  facet normal 0.000000e+00 0.000000e+00 -1.000000e+00
    outer loop
      vertex 6.470202e-01 4.159265e-02 5.000000e-02
      vertex 6.545085e-01 4.091741e-02 5.000000e-02
      vertex 6.545085e-01 -4.091741e-02 5.000000e-02
    endloop
  endfacet
  facet normal 0.000000e+00 0.000000e+00 -1.000000e+00
    outer loop
      vertex 6.470202e-01 4.159265e-02 5.000000e-02
      vertex 6.545085e-01 -4.091741e-02 5.000000e-02
      vertex 6.470202e-01 -4.159265e-02 5.000000e-02
    endloop
  endfacet
  facet normal 0.000000e+00 0.000000e+00 -1.000000e+00
    outer loop
      vertex 6.545085e-01 4.091741e-02 5.000000e-02
      vertex 6.619587e-01 4.023730e-02 5.000000e-02
      vertex 6.619587e-01 -4.023730e-02 5.000000e-02
    endloop
  endfacet
  facet normal 0.000000e+00 0.000000e+00 -1.000000e+00
    outer loop
      vertex 6.545085e-01 4.091741e-02 5.000000e-02
      vertex 6.619587e-01 -4.023730e-02 5.000000e-02
      vertex 6.545085e-01 -4.091741e-02 5.000000e-02
    endloop
  endfacet
  facet normal 0.000000e+00 0.000000e+00 -1.000000e+00
    outer loop
      vertex 6.619587e-01 4.023730e-02 5.000000e-02
      vertex 6.693690e-01 3.955272e-02 5.000000e-02
      vertex 6.693690e-01 -3.955272e-02 5.000000e-02
    endloop
  endfacet
  facet normal 0.000000e+00 0.000000e+00 -1.000000e+00
    outer loop
      vertex 6.619587e-01 4.023730e-02 5.000000e-02
      vertex 6.693690e-01 -3.955272e-02 5.000000e-02
      vertex 6.619587e-01 -4.023730e-02 5.000000e-02
    endloop
  endfacet
  facet normal 0.000000e+00 0.000000e+00 -1.000000e+00
    outer loop
      vertex 6.693690e-01 3.955272e-02 5.000000e-02
      vertex 6.767374e-01 3.886407e-02 5.000000e-02
      vertex 6.767374e-01 -3.886407e-02 5.000000e-02
    endloop
  endfacet
  facet normal 0.000000e+00 0.000000e+00 -1.000000e+00
    outer loop
      vertex 6.693690e-01 3.955272e-02 5.000000e-02
      vertex 6.767374e-01 -3.886407e-02 5.000000e-02
      vertex 6.693690e-01 -3.955272e-02 5.000000e-02
    endloop
  endfacet
  facet normal 0.000000e+00 0.000000e+00 -1.000000e+00
    outer loop
      vertex 6.767374e-01 3.886407e-02 5.000000e-02
      vertex 6.840623e-01 3.817176e-02 5.000000e-02
      vertex 6.840623e-01 -3.817176e-02 5.000000e-02
    endloop
  endfacet
  facet normal 0.000000e+00 0.000000e+00 -1.000000e+00
    outer loop
      vertex 6.767374e-01 3.886407e-02 5.000000e-02
      vertex 6.840623e-01 -3.817176e-02 5.000000e-02
      vertex 6.767374e-01 -3.886407e-02 5.000000e-02
    endloop
  endfacet
  facet normal 0.000000e+00 0.000000e+00 -1.000000e+00
    outer loop
      vertex 6.840623e-01 3.817176e-02 5.000000e-02
      vertex 6.913417e-01 3.747616e-02 5.000000e-02
      vertex 6.913417e-01 -3.747616e-02 5.000000e-02
    endloop
  endfacet
  facet normal 0.000000e+00 0.000000e+00 -1.000000e+00
    outer loop
      vertex 6.840623e-01 3.817176e-02 5.000000e-02
      vertex 6.913417e-01 -3.747616e-02 5.000000e-02
      vertex 6.840623e-01 -3.817176e-02 5.000000e-02
    endloop
  endfacet
  facet normal 0.000000e+00 0.000000e+00 -1.000000e+00
    outer loop
      vertex 6.913417e-01 3.747616e-02 5.000000e-02
      vertex 6.985739e-01 3.677766e-02 5.000000e-02
      vertex 6.985739e-01 -3.677766e-02 5.000000e-02
    endloop
  endfacet
  facet normal 0.000000e+00 0.000000e+00 -1.000000e+00
    outer loop
      vertex 6.913417e-01 3.747616e-02 5.000000e-02
      vertex 6.985739e-01 -3.677766e-02 5.000000e-02
      vertex 6.913417e-01 -3.747616e-02 5.000000e-02
    endloop
  endfacet
  facet normal 0.000000e+00 0.000000e+00 -1.000000e+00
    outer loop
      vertex 6.985739e-01 3.677766e-02 5.000000e-02
      vertex 7.057572e-01 3.607666e-02 5.000000e-02
      vertex 7.057572e-01 -3.607666e-02 5.000000e-02
    endloop
  endfacet
  facet normal 0.000000e+00 0.000000e+00 -1.000000e+00
    outer loop
      vertex 6.985739e-01 3.677766e-02 5.000000e-02
      vertex 7.057572e-01 -3.607666e-02 5.000000e-02
      vertex 6.985739e-01 -3.677766e-02 5.000000e-02
    endloop
  endfacet
  facet normal 0.000000e+00 0.000000e+00 -1.000000e+00
    outer loop
      vertex 7.057572e-01 3.607666e-02 5.000000e-02
      vertex 7.128896e-01 3.537353e-02 5.000000e-02
      vertex 7.128896e-01 -3.537353e-02 5.000000e-02
    endloop
  endfacet
  facet normal 0.000000e+00 0.000000e+00 -1.000000e+00
    outer loop
      vertex 7.057572e-01 3.607666e-02 5.000000e-02
      vertex 7.128896e-01 -3.537353e-02 5.000000e-02
      vertex 7.057572e-01 -3.607666e-02 5.000000e-02
    endloop
  endfacet
  facet normal 0.000000e+00 0.000000e+00 -1.000000e+00
    outer loop
      vertex 7.128896e-01 3.537353e-02 5.000000e-02
      vertex 7.199696e-01 3.466865e-02 5.000000e-02
      vertex 7.199696e-01 -3.466865e-02 5.000000e-02
    endloop
  endfacet
  facet normal 0.000000e+00 0.000000e+00 -1.000000e+00
    outer loop
      vertex 7.128896e-01 3.537353e-02 5.000000e-02
      vertex 7.199696e-01 -3.466865e-02 5.000000e-02
      vertex 7.128896e-01 -3.537353e-02 5.000000e-02
    endloop
  endfacet
  facet normal 0.000000e+00 0.000000e+00 -1.000000e+00
    outer loop
      vertex 7.199696e-01 3.466865e-02 5.000000e-02
      vertex 7.269952e-01 3.396239e-02 5.000000e-02
      vertex 7.269952e-01 -3.396239e-02 5.000000e-02
    endloop
  endfacet
  facet normal 0.000000e+00 0.000000e+00 -1.000000e+00
    outer loop
      vertex 7.199696e-01 3.466865e-02 5.000000e-02
      vertex 7.269952e-01 -3.396239e-02 5.000000e-02
      vertex 7.199696e-01 -3.466865e-02 5.000000e-02
    endloop
  endfacet
  facet normal 0.000000e+00 0.000000e+00 -1.000000e+00
    outer loop
      vertex 7.269952e-01 3.396239e-02 5.000000e-02
      vertex 7.339649e-01 3.325514e-02 5.000000e-02
      vertex 7.339649e-01 -3.325514e-02 5.000000e-02
    endloop
  endfacet
  facet normal 0.000000e+00 0.000000e+00 -1.000000e+00
    outer loop
      vertex 7.269952e-01 3.396239e-02 5.000000e-02
      vertex 7.339649e-01 -3.325514e-02 5.000000e-02
      vertex 7.269952e-01 -3.396239e-02 5.000000e-02
    endloop
  endfacet
  facet normal 0.000000e+00 0.000000e+00 -1.000000e+00
    outer loop
      vertex 7.339649e-01 3.325514e-02 5.000000e-02
      vertex 7.408768e-01 3.254725e-02 5.000000e-02
      vertex 7.408768e-01 -3.254725e-02 5.000000e-02
    endloop
  endfacet
  facet normal 0.000000e+00 0.000000e+00 -1.000000e+00
    outer loop
      vertex 7.339649e-01 3.325514e-02 5.000000e-02
      vertex 7.408768e-01 -3.254725e-02 5.000000e-02
      vertex 7.339649e-01 -3.325514e-02 5.000000e-02
    endloop
  endfacet
  facet normal 0.000000e+00 0.000000e+00 -1.000000e+00
    outer loop
      vertex 7.408768e-01 3.254725e-02 5.000000e-02
      vertex 7.477293e-01 3.183911e-02 5.000000e-02
      vertex 7.477293e-01 -3.183911e-02 5.000000e-02
    endloop
  endfacet
  facet normal 0.000000e+00 0.000000e+00 -1.000000e+00
    outer loop
      vertex 7.408768e-01 3.254725e-02 5.000000e-02
      vertex 7.477293e-01 -3.183911e-02 5.000000e-02
      vertex 7.408768e-01 -3.254725e-02 5.000000e-02
    endloop
  endfacet
  facet normal 0.000000e+00 0.000000e+00 -1.000000e+00
    outer loop
      vertex 7.477293e-01 3.183911e-02 5.000000e-02
      vertex 7.545207e-01 3.113106e-02 5.000000e-02
      vertex 7.545207e-01 -3.113106e-02 5.000000e-02
    endloop
  endfacet
  facet normal 0.000000e+00 0.000000e+00 -1.000000e+00
    outer loop
      vertex 7.477293e-01 3.183911e-02 5.000000e-02
      vertex 7.545207e-01 -3.113106e-02 5.000000e-02
      vertex 7.477293e-01 -3.183911e-02 5.000000e-02
    endloop
  endfacet
  facet normal 0.000000e+00 0.000000e+00 -1.000000e+00
    outer loop
      vertex 7.545207e-01 3.113106e-02 5.000000e-02
      vertex 7.612493e-01 3.042348e-02 5.000000e-02
      vertex 7.612493e-01 -3.042348e-02 5.000000e-02
    endloop
  endfacet
  facet normal 0.000000e+00 0.000000e+00 -1.000000e+00
    outer loop
      vertex 7.545207e-01 3.113106e-02 5.000000e-02
      vertex 7.612493e-01 -3.042348e-02 5.000000e-02
      vertex 7.545207e-01 -3.113106e-02 5.000000e-02
    endloop
  endfacet
  facet normal 0.000000e+00 0.000000e+00 -1.000000e+00
    outer loop
      vertex 7.612493e-01 3.042348e-02 5.000000e-02
      vertex 7.679134e-01 2.971674e-02 5.000000e-02
      vertex 7.679134e-01 -2.971674e-02 5.000000e-02
    endloop
  endfacet
  facet normal 0.000000e+00 0.000000e+00 -1.000000e+00
    outer loop
      vertex 7.612493e-01 3.042348e-02 5.000000e-02
      vertex 7.679134e-01 -2.971674e-02 5.000000e-02
      vertex 7.612493e-01 -3.042348e-02 5.000000e-02
    endloop
  endfacet
  facet normal 0.000000e+00 0.000000e+00 -1.000000e+00
    outer loop
      vertex 7.679134e-01 2.971674e-02 5.000000e-02
      vertex 7.745114e-01 2.901117e-02 5.000000e-02
      vertex 7.745114e-01 -2.901117e-02 5.000000e-02
    endloop
  endfacet
  facet normal 0.000000e+00 0.000000e+00 -1.000000e+00
    outer loop
      vertex 7.679134e-01 2.971674e-02 5.000000e-02
      vertex 7.745114e-01 -2.901117e-02 5.000000e-02
      vertex 7.679134e-01 -2.971674e-02 5.000000e-02
    endloop
  endfacet
  facet normal 0.000000e+00 0.000000e+00 -1.000000e+00
    outer loop
      vertex 7.745114e-01 2.901117e-02 5.000000e-02
      vertex 7.810417e-01 2.830715e-02 5.000000e-02
      vertex 7.810417e-01 -2.830715e-02 5.000000e-02
    endloop
  endfacet
  facet normal 0.000000e+00 0.000000e+00 -1.000000e+00
    outer loop
      vertex 7.745114e-01 2.901117e-02 5.000000e-02
      vertex 7.810417e-01 -2.830715e-02 5.000000e-02
      vertex 7.745114e-01 -2.901117e-02 5.000000e-02
    endloop
  endfacet
  facet normal 0.000000e+00 0.000000e+00 -1.000000e+00
    outer loop
      vertex 7.810417e-01 2.830715e-02 5.000000e-02
      vertex 7.875026e-01 2.760503e-02 5.000000e-02
      vertex 7.875026e-01 -2.760503e-02 5.000000e-02
    endloop
  endfacet
  facet normal 0.000000e+00 0.000000e+00 -1.000000e+00
    outer loop
      vertex 7.810417e-01 2.830715e-02 5.000000e-02
      vertex 7.875026e-01 -2.760503e-02 5.000000e-02
      vertex 7.810417e-01 -2.830715e-02 5.000000e-02
    endloop
  endfacet
  facet normal 0.000000e+00 0.000000e+00 -1.000000e+00
    outer loop
      vertex 7.875026e-01 2.760503e-02 5.000000e-02
      vertex 7.938926e-01 2.690517e-02 5.000000e-02
      vertex 7.938926e-01 -2.690517e-02 5.000000e-02
    endloop
  endfacet
  facet normal 0.000000e+00 0.000000e+00 -1.000000e+00
    outer loop
      vertex 7.875026e-01 2.760503e-02 5.000000e-02
      vertex 7.938926e-01 -2.690517e-02 5.000000e-02
      vertex 7.875026e-01 -2.760503e-02 5.000000e-02
    endloop
  endfacet
  facet normal 0.000000e+00 0.000000e+00 -1.000000e+00
    outer loop
      vertex 7.938926e-01 2.690517e-02 5.000000e-02
      vertex 8.002101e-01 2.620790e-02 5.000000e-02
      vertex 8.002101e-01 -2.620790e-02 5.000000e-02
    endloop
  endfacet
  facet normal 0.000000e+00 0.000000e+00 -1.000000e+00
    outer loop
      vertex 7.938926e-01 2.690517e-02 5.000000e-02
      vertex 8.002101e-01 -2.620790e-02 5.000000e-02
      vertex 7.938926e-01 -2.690517e-02 5.000000e-02
    endloop
  endfacet
  facet normal 0.000000e+00 0.000000e+00 -1.000000e+00
    outer loop
      vertex 8.002101e-01 2.620790e-02 5.000000e-02
      vertex 8.064535e-01 2.551360e-02 5.000000e-02
      vertex 8.064535e-01 -2.551360e-02 5.000000e-02
    endloop
  endfacet
  facet normal 0.000000e+00 0.000000e+00 -1.000000e+00
    outer loop
      vertex 8.002101e-01 2.620790e-02 5.000000e-02
      vertex 8.064535e-01 -2.551360e-02 5.000000e-02
      vertex 8.002101e-01 -2.620790e-02 5.000000e-02
    endloop
  endfacet
  facet normal 0.000000e+00 0.000000e+00 -1.000000e+00
    outer loop
      vertex 8.064535e-01 2.551360e-02 5.000000e-02
      vertex 8.126213e-01 2.482260e-02 5.000000e-02
      vertex 8.126213e-01 -2.482260e-02 5.000000e-02
    endloop
  endfacet
  facet normal 0.000000e+00 0.000000e+00 -1.000000e+00
    outer loop
      vertex 8.064535e-01 2.551360e-02 5.000000e-02
      vertex 8.126213e-01 -2.482260e-02 5.000000e-02
      vertex 8.064535e-01 -2.551360e-02 5.000000e-02
    endloop
  endfacet
  facet normal 0.000000e+00 0.000000e+00 -1.000000e+00
    outer loop
      vertex 8.126213e-01 2.482260e-02 5.000000e-02
      vertex 8.187120e-01 2.413526e-02 5.000000e-02
      vertex 8.187120e-01 -2.413526e-02 5.000000e-02
    endloop
  endfacet
  facet normal 0.000000e+00 0.000000e+00 -1.000000e+00
    outer loop
      vertex 8.126213e-01 2.482260e-02 5.000000e-02
      vertex 8.187120e-01 -2.413526e-02 5.000000e-02
      vertex 8.126213e-01 -2.482260e-02 5.000000e-02
    endloop
  endfacet
  facet normal 0.000000e+00 0.000000e+00 -1.000000e+00
    outer loop
      vertex 8.187120e-01 2.413526e-02 5.000000e-02
      vertex 8.247240e-01 2.345191e-02 5.000000e-02
      vertex 8.247240e-01 -2.345191e-02 5.000000e-02
    endloop
  endfacet
  facet normal 0.000000e+00 0.000000e+00 -1.000000e+00
    outer loop
      vertex 8.187120e-01 2.413526e-02 5.000000e-02
      vertex 8.247240e-01 -2.345191e-02 5.000000e-02
      vertex 8.187120e-01 -2.413526e-02 5.000000e-02
    endloop
  endfacet
  facet normal 0.000000e+00 0.000000e+00 -1.000000e+00
    outer loop
      vertex 8.247240e-01 2.345191e-02 5.000000e-02
      vertex 8.306559e-01 2.277291e-02 5.000000e-02
      vertex 8.306559e-01 -2.277291e-02 5.000000e-02
    endloop
  endfacet
  facet normal 0.000000e+00 0.000000e+00 -1.000000e+00
    outer loop
      vertex 8.247240e-01 2.345191e-02 5.000000e-02
      vertex 8.306559e-01 -2.277291e-02 5.000000e-02
      vertex 8.247240e-01 -2.345191e-02 5.000000e-02
    endloop
  endfacet
  facet normal 0.000000e+00 0.000000e+00 -1.000000e+00
    outer loop
      vertex 8.306559e-01 2.277291e-02 5.000000e-02
      vertex 8.365063e-01 2.209861e-02 5.000000e-02
      vertex 8.365063e-01 -2.209861e-02 5.000000e-02
    endloop
  endfacet
  facet normal 0.000000e+00 0.000000e+00 -1.000000e+00
    outer loop
      vertex 8.306559e-01 2.277291e-02 5.000000e-02
      vertex 8.365063e-01 -2.209861e-02 5.000000e-02
      vertex 8.306559e-01 -2.277291e-02 5.000000e-02
    endloop
  endfacet
  facet normal 0.000000e+00 0.000000e+00 -1.000000e+00
    outer loop
      vertex 8.365063e-01 2.209861e-02 5.000000e-02
      vertex 8.422736e-01 2.142934e-02 5.000000e-02
      vertex 8.422736e-01 -2.142934e-02 5.000000e-02
    endloop
  endfacet
  facet normal 0.000000e+00 0.000000e+00 -1.000000e+00
    outer loop
      vertex 8.365063e-01 2.209861e-02 5.000000e-02
      vertex 8.422736e-01 -2.142934e-02 5.000000e-02
      vertex 8.365063e-01 -2.209861e-02 5.000000e-02
    endloop
  endfacet
  facet normal 0.000000e+00 0.000000e+00 -1.000000e+00
    outer loop
      vertex 8.422736e-01 2.142934e-02 5.000000e-02
      vertex 8.479564e-01 2.076545e-02 5.000000e-02
      vertex 8.479564e-01 -2.076545e-02 5.000000e-02
    endloop
  endfacet
  facet normal 0.000000e+00 0.000000e+00 -1.000000e+00
    outer loop
      vertex 8.422736e-01 2.142934e-02 5.000000e-02
      vertex 8.479564e-01 -2.076545e-02 5.000000e-02
      vertex 8.422736e-01 -2.142934e-02 5.000000e-02
    endloop
  endfacet
  facet normal 0.000000e+00 0.000000e+00 -1.000000e+00
    outer loop
      vertex 8.479564e-01 2.076545e-02 5.000000e-02
      vertex 8.535534e-01 2.010727e-02 5.000000e-02
      vertex 8.535534e-01 -2.010727e-02 5.000000e-02
    endloop
  endfacet
  facet normal 0.000000e+00 0.000000e+00 -1.000000e+00
    outer loop
      vertex 8.479564e-01 2.076545e-02 5.000000e-02
      vertex 8.535534e-01 -2.010727e-02 5.000000e-02
      vertex 8.479564e-01 -2.076545e-02 5.000000e-02
    endloop
  endfacet
  facet normal 0.000000e+00 0.000000e+00 -1.000000e+00
    outer loop
      vertex 8.535534e-01 2.010727e-02 5.000000e-02
      vertex 8.590631e-01 1.945516e-02 5.000000e-02
      vertex 8.590631e-01 -1.945516e-02 5.000000e-02
    endloop
  endfacet
  facet normal 0.000000e+00 0.000000e+00 -1.000000e+00
    outer loop
      vertex 8.535534e-01 2.010727e-02 5.000000e-02
      vertex 8.590631e-01 -1.945516e-02 5.000000e-02
      vertex 8.535534e-01 -2.010727e-02 5.000000e-02
    endloop
  endfacet
  facet normal 0.000000e+00 0.000000e+00 -1.000000e+00
    outer loop
      vertex 8.590631e-01 1.945516e-02 5.000000e-02
      vertex 8.644843e-01 1.880944e-02 5.000000e-02
      vertex 8.644843e-01 -1.880944e-02 5.000000e-02
    endloop
  endfacet
  facet normal 0.000000e+00 0.000000e+00 -1.000000e+00
    outer loop
      vertex 8.590631e-01 1.945516e-02 5.000000e-02
      vertex 8.644843e-01 -1.880944e-02 5.000000e-02
      vertex 8.590631e-01 -1.945516e-02 5.000000e-02
    endloop
  endfacet
  facet normal 0.000000e+00 0.000000e+00 -1.000000e+00
    outer loop
      vertex 8.644843e-01 1.880944e-02 5.000000e-02
      vertex 8.698155e-01 1.817046e-02 5.000000e-02
      vertex 8.698155e-01 -1.817046e-02 5.000000e-02
    endloop
  endfacet
  facet normal 0.000000e+00 0.000000e+00 -1.000000e+00
    outer loop
      vertex 8.644843e-01 1.880944e-02 5.000000e-02
      vertex 8.698155e-01 -1.817046e-02 5.000000e-02
      vertex 8.644843e-01 -1.880944e-02 5.000000e-02
    endloop
  endfacet
  facet normal 0.000000e+00 0.000000e+00 -1.000000e+00
    outer loop
      vertex 8.698155e-01 1.817046e-02 5.000000e-02
      vertex 8.750555e-01 1.753856e-02 5.000000e-02
      vertex 8.750555e-01 -1.753856e-02 5.000000e-02
    endloop
  endfacet
  facet normal 0.000000e+00 0.000000e+00 -1.000000e+00
    outer loop
      vertex 8.698155e-01 1.817046e-02 5.000000e-02
      vertex 8.750555e-01 -1.753856e-02 5.000000e-02
      vertex 8.698155e-01 -1.817046e-02 5.000000e-02
    endloop
  endfacet
  facet normal 0.000000e+00 0.000000e+00 -1.000000e+00
    outer loop
      vertex 8.750555e-01 1.753856e-02 5.000000e-02
      vertex 8.802030e-01 1.691406e-02 5.000000e-02
      vertex 8.802030e-01 -1.691406e-02 5.000000e-02
    endloop
  endfacet
  facet normal 0.000000e+00 0.000000e+00 -1.000000e+00
    outer loop
      vertex 8.750555e-01 1.753856e-02 5.000000e-02
      vertex 8.802030e-01 -1.691406e-02 5.000000e-02
      vertex 8.750555e-01 -1.753856e-02 5.000000e-02
    endloop
  endfacet
  facet normal 0.000000e+00 0.000000e+00 -1.000000e+00
    outer loop
      vertex 8.802030e-01 1.691406e-02 5.000000e-02
      vertex 8.852566e-01 1.629730e-02 5.000000e-02
      vertex 8.852566e-01 -1.629730e-02 5.000000e-02
    endloop
  endfacet
  facet normal 0.000000e+00 0.000000e+00 -1.000000e+00
    outer loop
      vertex 8.802030e-01 1.691406e-02 5.000000e-02
      vertex 8.852566e-01 -1.629730e-02 5.000000e-02
      vertex 8.802030e-01 -1.691406e-02 5.000000e-02
    endloop
  endfacet
  facet normal 0.000000e+00 0.000000e+00 -1.000000e+00
    outer loop
      vertex 8.852566e-01 1.629730e-02 5.000000e-02
      vertex 8.902152e-01 1.568862e-02 5.000000e-02
      vertex 8.902152e-01 -1.568862e-02 5.000000e-02
    endloop
  endfacet
  facet normal 0.000000e+00 0.000000e+00 -1.000000e+00
    outer loop
      vertex 8.852566e-01 1.629730e-02 5.000000e-02
      vertex 8.902152e-01 -1.568862e-02 5.000000e-02
      vertex 8.852566e-01 -1.629730e-02 5.000000e-02
    endloop
  endfacet
  facet normal 0.000000e+00 0.000000e+00 -1.000000e+00
    outer loop
      vertex 8.902152e-01 1.568862e-02 5.000000e-02
      vertex 8.950775e-01 1.508835e-02 5.000000e-02
      vertex 8.950775e-01 -1.508835e-02 5.000000e-02
    endloop
  endfacet
  facet normal 0.000000e+00 0.000000e+00 -1.000000e+00
    outer loop
      vertex 8.902152e-01 1.568862e-02 5.000000e-02
      vertex 8.950775e-01 -1.508835e-02 5.000000e-02
      vertex 8.902152e-01 -1.568862e-02 5.000000e-02
    endloop
  endfacet
  facet normal 0.000000e+00 0.000000e+00 -1.000000e+00
    outer loop
      vertex 8.950775e-01 1.508835e-02 5.000000e-02
      vertex 8.998423e-01 1.449680e-02 5.000000e-02
      vertex 8.998423e-01 -1.449680e-02 5.000000e-02
    endloop
  endfacet
  facet normal 0.000000e+00 0.000000e+00 -1.000000e+00
    outer loop
      vertex 8.950775e-01 1.508835e-02 5.000000e-02
      vertex 8.998423e-01 -1.449680e-02 5.000000e-02
      vertex 8.950775e-01 -1.508835e-02 5.000000e-02
    endloop
  endfacet
  facet normal 0.000000e+00 0.000000e+00 -1.000000e+00
    outer loop
      vertex 8.998423e-01 1.449680e-02 5.000000e-02
      vertex 9.045085e-01 1.391432e-02 5.000000e-02
      vertex 9.045085e-01 -1.391432e-02 5.000000e-02
    endloop
  endfacet
  facet normal 0.000000e+00 0.000000e+00 -1.000000e+00
    outer loop
      vertex 8.998423e-01 1.449680e-02 5.000000e-02
      vertex 9.045085e-01 -1.391432e-02 5.000000e-02
      vertex 8.998423e-01 -1.449680e-02 5.000000e-02
    endloop
  endfacet
  facet normal 0.000000e+00 0.000000e+00 -1.000000e+00
    outer loop
      vertex 9.045085e-01 1.391432e-02 5.000000e-02
      vertex 9.090749e-01 1.334122e-02 5.000000e-02
      vertex 9.090749e-01 -1.334122e-02 5.000000e-02
    endloop
  endfacet
  facet normal 0.000000e+00 0.000000e+00 -1.000000e+00
    outer loop
      vertex 9.045085e-01 1.391432e-02 5.000000e-02
      vertex 9.090749e-01 -1.334122e-02 5.000000e-02
      vertex 9.045085e-01 -1.391432e-02 5.000000e-02
    endloop
  endfacet
  facet normal 0.000000e+00 0.000000e+00 -1.000000e+00
    outer loop
      vertex 9.090749e-01 1.334122e-02 5.000000e-02
      vertex 9.135403e-01 1.277783e-02 5.000000e-02
      vertex 9.135403e-01 -1.277783e-02 5.000000e-02
    endloop
  endfacet
  facet normal 0.000000e+00 0.000000e+00 -1.000000e+00
    outer loop
      vertex 9.090749e-01 1.334122e-02 5.000000e-02
      vertex 9.135403e-01 -1.277783e-02 5.000000e-02
      vertex 9.090749e-01 -1.334122e-02 5.000000e-02
    endloop
  endfacet
  facet normal 0.000000e+00 0.000000e+00 -1.000000e+00
    outer loop
      vertex 9.135403e-01 1.277783e-02 5.000000e-02
      vertex 9.179037e-01 1.222447e-02 5.000000e-02
      vertex 9.179037e-01 -1.222447e-02 5.000000e-02
    endloop
  endfacet
  facet normal 0.000000e+00 0.000000e+00 -1.000000e+00
    outer loop
      vertex 9.135403e-01 1.277783e-02 5.000000e-02
      vertex 9.179037e-01 -1.222447e-02 5.000000e-02
      vertex 9.135403e-01 -1.277783e-02 5.000000e-02
    endloop
  endfacet
  facet normal 0.000000e+00 0.000000e+00 -1.000000e+00
    outer loop
      vertex 9.179037e-01 1.222447e-02 5.000000e-02
      vertex 9.221640e-01 1.168145e-02 5.000000e-02
      vertex 9.221640e-01 -1.168145e-02 5.000000e-02
    endloop
  endfacet
  facet normal 0.000000e+00 0.000000e+00 -1.000000e+00
    outer loop
      vertex 9.179037e-01 1.222447e-02 5.000000e-02
      vertex 9.221640e-01 -1.168145e-02 5.000000e-02
      vertex 9.179037e-01 -1.222447e-02 5.000000e-02
    endloop
  endfacet
  facet normal 0.000000e+00 0.000000e+00 -1.000000e+00
    outer loop
      vertex 9.221640e-01 1.168145e-02 5.000000e-02
      vertex 9.263201e-01 1.114908e-02 5.000000e-02
      vertex 9.263201e-01 -1.114908e-02 5.000000e-02
    endloop
  endfacet
  facet normal 0.000000e+00 0.000000e+00 -1.000000e+00
    outer loop
      vertex 9.221640e-01 1.168145e-02 5.000000e-02
      vertex 9.263201e-01 -1.114908e-02 5.000000e-02
      vertex 9.221640e-01 -1.168145e-02 5.000000e-02
    endloop
  endfacet
  facet normal 0.000000e+00 0.000000e+00 -1.000000e+00
    outer loop
      vertex 9.263201e-01 1.114908e-02 5.000000e-02
      vertex 9.303710e-01 1.062768e-02 5.000000e-02
      vertex 9.303710e-01 -1.062768e-02 5.000000e-02
    endloop
  endfacet
  facet normal 0.000000e+00 0.000000e+00 -1.000000e+00
    outer loop
      vertex 9.263201e-01 1.114908e-02 5.000000e-02
      vertex 9.303710e-01 -1.062768e-02 5.000000e-02
      vertex 9.263201e-01 -1.114908e-02 5.000000e-02
    endloop
  endfacet
  facet normal 0.000000e+00 0.000000e+00 -1.000000e+00
    outer loop
      vertex 9.303710e-01 1.062768e-02 5.000000e-02
      vertex 9.343158e-01 1.011756e-02 5.000000e-02
      vertex 9.343158e-01 -1.011756e-02 5.000000e-02
    endloop
  endfacet
  facet normal 0.000000e+00 0.000000e+00 -1.000000e+00
    outer loop
      vertex 9.303710e-01 1.062768e-02 5.000000e-02
      vertex 9.343158e-01 -1.011756e-02 5.000000e-02
      vertex 9.303710e-01 -1.062768e-02 5.000000e-02
    endloop
  endfacet
  facet normal 0.000000e+00 0.000000e+00 -1.000000e+00
    outer loop
      vertex 9.343158e-01 1.011756e-02 5.000000e-02
      vertex 9.381533e-01 9.619002e-03 5.000000e-02
      vertex 9.381533e-01 -9.619002e-03 5.000000e-02
    endloop
  endfacet
  facet normal 0.000000e+00 0.000000e+00 -1.000000e+00
    outer loop
      vertex 9.343158e-01 1.011756e-02 5.000000e-02
      vertex 9.381533e-01 -9.619002e-03 5.000000e-02
      vertex 9.343158e-01 -1.011756e-02 5.000000e-02
    endloop
  endfacet
  facet normal 0.000000e+00 0.000000e+00 -1.000000e+00
    outer loop
      vertex 9.381533e-01 9.619002e-03 5.000000e-02
      vertex 9.418828e-01 9.132321e-03 5.000000e-02
      vertex 9.418828e-01 -9.132321e-03 5.000000e-02
    endloop
  endfacet
  facet normal 0.000000e+00 0.000000e+00 -1.000000e+00
    outer loop
      vertex 9.381533e-01 9.619002e-03 5.000000e-02
      vertex 9.418828e-01 -9.132321e-03 5.000000e-02
      vertex 9.381533e-01 -9.619002e-03 5.000000e-02
    endloop
  endfacet
  facet normal 0.000000e+00 0.000000e+00 -1.000000e+00
    outer loop
      vertex 9.418828e-01 9.132321e-03 5.000000e-02
      vertex 9.455033e-01 8.657806e-03 5.000000e-02
      vertex 9.455033e-01 -8.657806e-03 5.000000e-02
    endloop
  endfacet
  facet normal 0.000000e+00 0.000000e+00 -1.000000e+00
    outer loop
      vertex 9.418828e-01 9.132321e-03 5.000000e-02
      vertex 9.455033e-01 -8.657806e-03 5.000000e-02
      vertex 9.418828e-01 -9.132321e-03 5.000000e-02
    endloop
  endfacet
  facet normal 0.000000e+00 0.000000e+00 -1.000000e+00
    outer loop
      vertex 9.455033e-01 8.657806e-03 5.000000e-02
      vertex 9.490138e-01 8.195746e-03 5.000000e-02
      vertex 9.490138e-01 -8.195746e-03 5.000000e-02
    endloop
  endfacet
  facet normal 0.000000e+00 0.000000e+00 -1.000000e+00
    outer loop
      vertex 9.455033e-01 8.657806e-03 5.000000e-02
      vertex 9.490138e-01 -8.195746e-03 5.000000e-02
      vertex 9.455033e-01 -8.657806e-03 5.000000e-02
    endloop
  endfacet
  facet normal 0.000000e+00 0.000000e+00 -1.000000e+00
    outer loop
      vertex 9.490138e-01 8.195746e-03 5.000000e-02
      vertex 9.524135e-01 7.746423e-03 5.000000e-02
      vertex 9.524135e-01 -7.746423e-03 5.000000e-02
    endloop
  endfacet
  facet normal 0.000000e+00 0.000000e+00 -1.000000e+00
    outer loop
      vertex 9.490138e-01 8.195746e-03 5.000000e-02
      vertex 9.524135e-01 -7.746423e-03 5.000000e-02
      vertex 9.490138e-01 -8.195746e-03 5.000000e-02
    endloop
  endfacet
  facet normal 0.000000e+00 0.000000e+00 -1.000000e+00
    outer loop
      vertex 9.524135e-01 7.746423e-03 5.000000e-02
      vertex 9.557016e-01 7.310117e-03 5.000000e-02
      vertex 9.557016e-01 -7.310117e-03 5.000000e-02
    endloop
  endfacet
  facet normal 0.000000e+00 0.000000e+00 -1.000000e+00
    outer loop
      vertex 9.524135e-01 7.746423e-03 5.000000e-02
      vertex 9.557016e-01 -7.310117e-03 5.000000e-02
      vertex 9.524135e-01 -7.746423e-03 5.000000e-02
    endloop
  endfacet
  facet normal 0.000000e+00 0.000000e+00 -1.000000e+00
    outer loop
      vertex 9.557016e-01 7.310117e-03 5.000000e-02
      vertex 9.588773e-01 6.887100e-03 5.000000e-02
      vertex 9.588773e-01 -6.887100e-03 5.000000e-02
    endloop
  endfacet
  facet normal 0.000000e+00 0.000000e+00 -1.000000e+00
    outer loop
      vertex 9.557016e-01 7.310117e-03 5.000000e-02
      vertex 9.588773e-01 -6.887100e-03 5.000000e-02
      vertex 9.557016e-01 -7.310117e-03 5.000000e-02
    endloop
  endfacet
  facet normal 0.000000e+00 0.000000e+00 -1.000000e+00
    outer loop
      vertex 9.588773e-01 6.887100e-03 5.000000e-02
      vertex 9.619398e-01 6.477637e-03 5.000000e-02
      vertex 9.619398e-01 -6.477637e-03 5.000000e-02
    endloop
  endfacet
  facet normal 0.000000e+00 0.000000e+00 -1.000000e+00
    outer loop
      vertex 9.588773e-01 6.887100e-03 5.000000e-02
      vertex 9.619398e-01 -6.477637e-03 5.000000e-02
      vertex 9.588773e-01 -6.887100e-03 5.000000e-02
    endloop
  endfacet
  facet normal 0.000000e+00 0.000000e+00 -1.000000e+00
    outer loop
      vertex 9.619398e-01 6.477637e-03 5.000000e-02
      vertex 9.648882e-01 6.081988e-03 5.000000e-02
      vertex 9.648882e-01 -6.081988e-03 5.000000e-02
    endloop
  endfacet
  facet normal 0.000000e+00 0.000000e+00 -1.000000e+00
    outer loop
      vertex 9.619398e-01 6.477637e-03 5.000000e-02
      vertex 9.648882e-01 -6.081988e-03 5.000000e-02
      vertex 9.619398e-01 -6.477637e-03 5.000000e-02
    endloop
  endfacet
  facet normal 0.000000e+00 0.000000e+00 -1.000000e+00
    outer loop
      vertex 9.648882e-01 6.081988e-03 5.000000e-02
      vertex 9.677220e-01 5.700406e-03 5.000000e-02
      vertex 9.677220e-01 -5.700406e-03 5.000000e-02
    endloop
  endfacet
  facet normal 0.000000e+00 0.000000e+00 -1.000000e+00
    outer loop
      vertex 9.648882e-01 6.081988e-03 5.000000e-02
      vertex 9.677220e-01 -5.700406e-03 5.000000e-02
      vertex 9.648882e-01 -6.081988e-03 5.000000e-02
    endloop
  endfacet
  facet normal 0.000000e+00 0.000000e+00 -1.000000e+00
    outer loop
      vertex 9.677220e-01 5.700406e-03 5.000000e-02
      vertex 9.704404e-01 5.333136e-03 5.000000e-02
      vertex 9.704404e-01 -5.333136e-03 5.000000e-02
    endloop
  endfacet
  facet normal 0.000000e+00 0.000000e+00 -1.000000e+00
    outer loop
      vertex 9.677220e-01 5.700406e-03 5.000000e-02
      vertex 9.704404e-01 -5.333136e-03 5.000000e-02
      vertex 9.677220e-01 -5.700406e-03 5.000000e-02
    endloop
  endfacet
  facet normal 0.000000e+00 0.000000e+00 -1.000000e+00
    outer loop
      vertex 9.704404e-01 5.333136e-03 5.000000e-02
      vertex 9.730427e-01 4.980417e-03 5.000000e-02
      vertex 9.730427e-01 -4.980417e-03 5.000000e-02
    endloop
  endfacet
  facet normal 0.000000e+00 0.000000e+00 -1.000000e+00
    outer loop
      vertex 9.704404e-01 5.333136e-03 5.000000e-02
      vertex 9.730427e-01 -4.980417e-03 5.000000e-02
      vertex 9.704404e-01 -5.333136e-03 5.000000e-02
    endloop
  endfacet
  facet normal 0.000000e+00 0.000000e+00 -1.000000e+00
    outer loop
      vertex 9.730427e-01 4.980417e-03 5.000000e-02
      vertex 9.755283e-01 4.642479e-03 5.000000e-02
      vertex 9.755283e-01 -4.642479e-03 5.000000e-02
    endloop
  endfacet
  facet normal 0.000000e+00 0.000000e+00 -1.000000e+00
    outer loop
      vertex 9.730427e-01 4.980417e-03 5.000000e-02
      vertex 9.755283e-01 -4.642479e-03 5.000000e-02
      vertex 9.730427e-01 -4.980417e-03 5.000000e-02
    endloop
  endfacet
  facet normal 0.000000e+00 0.000000e+00 -1.000000e+00
    outer loop
      vertex 9.755283e-01 4.642479e-03 5.000000e-02
      vertex 9.778965e-01 4.319543e-03 5.000000e-02
      vertex 9.778965e-01 -4.319543e-03 5.000000e-02
    endloop
  endfacet
  facet normal 0.000000e+00 0.000000e+00 -1.000000e+00
    outer loop
      vertex 9.755283e-01 4.642479e-03 5.000000e-02
      vertex 9.778965e-01 -4.319543e-03 5.000000e-02
      vertex 9.755283e-01 -4.642479e-03 5.000000e-02
    endloop
  endfacet
  facet normal 0.000000e+00 0.000000e+00 -1.000000e+00
    outer loop
      vertex 9.778965e-01 4.319543e-03 5.000000e-02
      vertex 9.801468e-01 4.011824e-03 5.000000e-02
      vertex 9.801468e-01 -4.011824e-03 5.000000e-02
    endloop
  endfacet
  facet normal 0.000000e+00 0.000000e+00 -1.000000e+00
    outer loop
      vertex 9.778965e-01 4.319543e-03 5.000000e-02
      vertex 9.801468e-01 -4.011824e-03 5.000000e-02
      vertex 9.778965e-01 -4.319543e-03 5.000000e-02
    endloop
  endfacet
  facet normal 0.000000e+00 0.000000e+00 -1.000000e+00
    outer loop
      vertex 9.801468e-01 4.011824e-03 5.000000e-02
      vertex 9.822787e-01 3.719526e-03 5.000000e-02
      vertex 9.822787e-01 -3.719526e-03 5.000000e-02
    endloop
  endfacet
  facet normal 0.000000e+00 0.000000e+00 -1.000000e+00
    outer loop
      vertex 9.801468e-01 4.011824e-03 5.000000e-02
      vertex 9.822787e-01 -3.719526e-03 5.000000e-02
      vertex 9.801468e-01 -4.011824e-03 5.000000e-02
    endloop
  endfacet
  facet normal 0.000000e+00 0.000000e+00 -1.000000e+00
    outer loop
      vertex 9.822787e-01 3.719526e-03 5.000000e-02
      vertex 9.842916e-01 3.442844e-03 5.000000e-02
      vertex 9.842916e-01 -3.442844e-03 5.000000e-02
    endloop
  endfacet
  facet normal 0.000000e+00 0.000000e+00 -1.000000e+00
    outer loop
      vertex 9.822787e-01 3.719526e-03 5.000000e-02
      vertex 9.842916e-01 -3.442844e-03 5.000000e-02
      vertex 9.822787e-01 -3.719526e-03 5.000000e-02
    endloop
  endfacet
  facet normal 0.000000e+00 0.000000e+00 -1.000000e+00
    outer loop
      vertex 9.842916e-01 3.442844e-03 5.000000e-02
      vertex 9.861850e-01 3.181966e-03 5.000000e-02
      vertex 9.861850e-01 -3.181966e-03 5.000000e-02
    endloop
  endfacet
  facet normal 0.000000e+00 0.000000e+00 -1.000000e+00
    outer loop
      vertex 9.842916e-01 3.442844e-03 5.000000e-02
      vertex 9.861850e-01 -3.181966e-03 5.000000e-02
      vertex 9.842916e-01 -3.442844e-03 5.000000e-02
    endloop
  endfacet
  facet normal 0.000000e+00 0.000000e+00 -1.000000e+00
    outer loop
      vertex 9.861850e-01 3.181966e-03 5.000000e-02
      vertex 9.879584e-01 2.937067e-03 5.000000e-02
      vertex 9.879584e-01 -2.937067e-03 5.000000e-02
    endloop
  endfacet
  facet normal 0.000000e+00 0.000000e+00 -1.000000e+00
    outer loop
      vertex 9.861850e-01 3.181966e-03 5.000000e-02
      vertex 9.879584e-01 -2.937067e-03 5.000000e-02
      vertex 9.861850e-01 -3.181966e-03 5.000000e-02
    endloop
  endfacet
  facet normal 0.000000e+00 0.000000e+00 -1.000000e+00
    outer loop
      vertex 9.879584e-01 2.937067e-03 5.000000e-02
      vertex 9.896114e-01 2.708315e-03 5.000000e-02
      vertex 9.896114e-01 -2.708315e-03 5.000000e-02
    endloop
  endfacet
  facet normal 0.000000e+00 0.000000e+00 -1.000000e+00
    outer loop
      vertex 9.879584e-01 2.937067e-03 5.000000e-02
      vertex 9.896114e-01 -2.708315e-03 5.000000e-02
      vertex 9.879584e-01 -2.937067e-03 5.000000e-02
    endloop
  endfacet
  facet normal 0.000000e+00 0.000000e+00 -1.000000e+00
    outer loop
      vertex 9.896114e-01 2.708315e-03 5.000000e-02
      vertex 9.911436e-01 2.350900e-03 5.000000e-02
      vertex 9.911436e-01 -2.350900e-03 5.000000e-02
    endloop
  endfacet
  facet normal 0.000000e+00 0.000000e+00 -1.000000e+00
    outer loop
      vertex 9.896114e-01 2.708315e-03 5.000000e-02
      vertex 9.911436e-01 -2.350900e-03 5.000000e-02
      vertex 9.896114e-01 -2.708315e-03 5.000000e-02
    endloop
  endfacet
  facet normal 0.000000e+00 0.000000e+00 -1.000000e+00
    outer loop
      vertex 9.911436e-01 2.350900e-03 5.000000e-02
      vertex 9.925547e-01 1.976344e-03 5.000000e-02
      vertex 9.925547e-01 -1.976344e-03 5.000000e-02
    endloop
  endfacet
  facet normal 0.000000e+00 0.000000e+00 -1.000000e+00
    outer loop
      vertex 9.911436e-01 2.350900e-03 5.000000e-02
      vertex 9.925547e-01 -1.976344e-03 5.000000e-02
      vertex 9.911436e-01 -2.350900e-03 5.000000e-02
    endloop
  endfacet
  facet normal 0.000000e+00 0.000000e+00 -1.000000e+00
    outer loop
      vertex 9.925547e-01 1.976344e-03 5.000000e-02
      vertex 9.938442e-01 1.634048e-03 5.000000e-02
      vertex 9.938442e-01 -1.634048e-03 5.000000e-02
    endloop
  endfacet
  facet normal 0.000000e+00 0.000000e+00 -1.000000e+00
    outer loop
      vertex 9.925547e-01 1.976344e-03 5.000000e-02
      vertex 9.938442e-01 -1.634048e-03 5.000000e-02
      vertex 9.925547e-01 -1.976344e-03 5.000000e-02
    endloop
  endfacet
  facet normal 0.000000e+00 0.000000e+00 -1.000000e+00
    outer loop
      vertex 9.938442e-01 1.634048e-03 5.000000e-02
      vertex 9.950118e-01 1.324096e-03 5.000000e-02
      vertex 9.950118e-01 -1.324096e-03 5.000000e-02
    endloop
  endfacet
  facet normal 0.000000e+00 0.000000e+00 -1.000000e+00
    outer loop
      vertex 9.938442e-01 1.634048e-03 5.000000e-02
      vertex 9.950118e-01 -1.324096e-03 5.000000e-02
      vertex 9.938442e-01 -1.634048e-03 5.000000e-02
    endloop
  endfacet
  facet normal 0.000000e+00 0.000000e+00 -1.000000e+00
    outer loop
      vertex 9.950118e-01 1.324096e-03 5.000000e-02
      vertex 9.960574e-01 1.046565e-03 5.000000e-02
      vertex 9.960574e-01 -1.046565e-03 5.000000e-02
    endloop
  endfacet
  facet normal 0.000000e+00 0.000000e+00 -1.000000e+00
    outer loop
      vertex 9.950118e-01 1.324096e-03 5.000000e-02
      vertex 9.960574e-01 -1.046565e-03 5.000000e-02
      vertex 9.950118e-01 -1.324096e-03 5.000000e-02
    endloop
  endfacet
  facet normal 0.000000e+00 0.000000e+00 -1.000000e+00
    outer loop
      vertex 9.960574e-01 1.046565e-03 5.000000e-02
      vertex 9.969805e-01 8.015239e-04 5.000000e-02
      vertex 9.969805e-01 -8.015239e-04 5.000000e-02
    endloop
  endfacet
  facet normal 0.000000e+00 0.000000e+00 -1.000000e+00
    outer loop
      vertex 9.960574e-01 1.046565e-03 5.000000e-02
      vertex 9.969805e-01 -8.015239e-04 5.000000e-02
      vertex 9.960574e-01 -1.046565e-03 5.000000e-02
    endloop
  endfacet
  facet normal 0.000000e+00 0.000000e+00 -1.000000e+00
    outer loop
      vertex 9.969805e-01 8.015239e-04 5.000000e-02
      vertex 9.977810e-01 5.890321e-04 5.000000e-02
      vertex 9.977810e-01 -5.890321e-04 5.000000e-02
    endloop
  endfacet
  facet normal 0.000000e+00 0.000000e+00 -1.000000e+00
    outer loop
      vertex 9.969805e-01 8.015239e-04 5.000000e-02
      vertex 9.977810e-01 -5.890321e-04 5.000000e-02
      vertex 9.969805e-01 -8.015239e-04 5.000000e-02
    endloop
  endfacet
  facet normal 0.000000e+00 0.000000e+00 -1.000000e+00
    outer loop
      vertex 9.977810e-01 5.890321e-04 5.000000e-02
      vertex 9.984587e-01 4.091426e-04 5.000000e-02
      vertex 9.984587e-01 -4.091426e-04 5.000000e-02
    endloop
  endfacet
  facet normal 0.000000e+00 0.000000e+00 -1.000000e+00
    outer loop
      vertex 9.977810e-01 5.890321e-04 5.000000e-02
      vertex 9.984587e-01 -4.091426e-04 5.000000e-02
      vertex 9.977810e-01 -5.890321e-04 5.000000e-02
    endloop
  endfacet
  facet normal 0.000000e+00 0.000000e+00 -1.000000e+00
    outer loop
      vertex 9.984587e-01 4.091426e-04 5.000000e-02
      vertex 9.990134e-01 2.618998e-04 5.000000e-02
      vertex 9.990134e-01 -2.618998e-04 5.000000e-02
    endloop
  endfacet
  facet normal 0.000000e+00 0.000000e+00 -1.000000e+00
    outer loop
      vertex 9.984587e-01 4.091426e-04 5.000000e-02
      vertex 9.990134e-01 -2.618998e-04 5.000000e-02
      vertex 9.984587e-01 -4.091426e-04 5.000000e-02
    endloop
  endfacet
  facet normal 0.000000e+00 0.000000e+00 -1.000000e+00
    outer loop
      vertex 9.990134e-01 2.618998e-04 5.000000e-02
      vertex 9.994449e-01 1.473398e-04 5.000000e-02
      vertex 9.994449e-01 -1.473398e-04 5.000000e-02
    endloop
  endfacet
  facet normal 0.000000e+00 0.000000e+00 -1.000000e+00
    outer loop
      vertex 9.990134e-01 2.618998e-04 5.000000e-02
      vertex 9.994449e-01 -1.473398e-04 5.000000e-02
      vertex 9.990134e-01 -2.618998e-04 5.000000e-02
    endloop
  endfacet
  facet normal 0.000000e+00 0.000000e+00 -1.000000e+00
    outer loop
      vertex 9.994449e-01 1.473398e-04 5.000000e-02
      vertex 9.997533e-01 6.549110e-05 5.000000e-02
      vertex 9.997533e-01 -6.549110e-05 5.000000e-02
    endloop
  endfacet
  facet normal 0.000000e+00 0.000000e+00 -1.000000e+00
    outer loop
      vertex 9.994449e-01 1.473398e-04 5.000000e-02
      vertex 9.997533e-01 -6.549110e-05 5.000000e-02
      vertex 9.994449e-01 -1.473398e-04 5.000000e-02
    endloop
  endfacet
  facet normal 0.000000e+00 0.000000e+00 -1.000000e+00
    outer loop
      vertex 9.997533e-01 6.549110e-05 5.000000e-02
      vertex 9.999383e-01 1.637378e-05 5.000000e-02
      vertex 9.999383e-01 -1.637378e-05 5.000000e-02
    endloop
  endfacet
  facet normal 0.000000e+00 0.000000e+00 -1.000000e+00
    outer loop
      vertex 9.997533e-01 6.549110e-05 5.000000e-02
      vertex 9.999383e-01 -1.637378e-05 5.000000e-02
      vertex 9.997533e-01 -6.549110e-05 5.000000e-02
    endloop
  endfacet
  facet normal 0.000000e+00 0.000000e+00 -1.000000e+00
    outer loop
      vertex 9.999383e-01 1.637378e-05 5.000000e-02
      vertex 1.000000e+00 0.000000e+00 5.000000e-02
      vertex 9.999383e-01 -1.637378e-05 5.000000e-02
    endloop
  endfacet
endsolid naca0012
